Device_ID,CPU_Usage (%),Memory_Usage (%),Battery_Level (%),Network_Latency (ms),Packet_Loss (%),Temperature (°C),Uptime (hrs),Workload_Intensity,Error_Count,Failure_Type
1001,59.93428306022466,21.382886631839135,42.14796604417281,138.27010780066746,1.3223698403099842,38.56576783541071,116.09175950113853,2,5,2
1002,47.23471397657631,37.09422483830747,54.22672915655525,153.67063512052226,0.0,39.6734409625969,60.932115219152685,2,4,3
1003,62.953770762013846,43.79591699867534,46.44849541064387,124.93449560677722,0.27054346088577585,40.64294878587582,134.56781905402627,3,3,0
1004,80.46059712816052,78.31531486010286,56.300104531471554,2.8751154519114976,0.47083798363306567,49.4686146164618,70.48191540973346,3,5,0
1005,45.31693250553328,58.34829686800637,64.64624223222029,92.22887837361202,0.5111360608797417,32.527826915132565,137.47775187225642,1,8,0
1006,45.317260861016386,29.96777646350163,90.92886215828462,42.21462125415424,0.6263472392546569,31.5365300848734,86.29442623096392,1,6,0
1007,81.58425631014782,57.29054434126456,61.97102403235744,89.86971135409631,0.9273078738666451,52.36619742142975,13.947643718516858,3,5,0
1008,65.34869458305818,26.79044016592452,30.359357330760183,149.0002118066947,0.4752147926682544,35.37355258118702,50.87918797595315,3,6,0
1009,40.610512281300956,66.2403658083061,98.501696162379,115.25754179374863,0.24235920249942355,27.369646464229337,78.47926456563579,1,9,4
1010,60.85120087171929,42.93313022273182,49.07274665962401,157.40454331987164,0.2146874587382131,35.1487005790013,168.40945118742889,2,9,0
1011,40.73164614375075,48.59545716891244,68.53198932238428,117.08769603567697,0.07193893857315176,36.69947264755999,145.05718152646125,2,6,2
1012,40.68540492859486,69.88694971313285,81.16341267351778,35.083703016554864,1.0512803270288056,55.54962727725765,181.1930706161071,2,4,0
1013,54.839245431320684,30.692546471236252,74.99026046006956,1.0,0.04743006436643982,49.248262123767375,182.6817608014929,1,5,4
1014,11.73439510684404,29.04322722330513,97.3544886880369,107.44043808397952,1.0927397763057711,51.47520616632242,73.26245977045426,3,4,2
1015,15.501643349739346,41.246010104809926,81.97507858481897,89.30367668244173,0.5132993575819097,48.19973642346786,90.57565701205853,2,3,3
1016,38.754249415180546,65.57568276528974,48.467260507572306,51.15271303090589,0.1351216352007093,49.46243671615314,79.43600378347308,1,10,1
1017,29.743377593311525,27.209808867847364,100.0,14.968637517431105,0.9328850510208944,33.11917873419682,66.42446973494617,2,3,3
1018,56.28494665190548,7.517666028341466,74.85833658345584,63.26283932636454,0.0,38.01397844646516,7.925264533177085,2,7,0
1019,31.83951848957578,43.23261712386502,66.31649433446235,90.2754257567612,0.946728828509749,30.10084686976451,99.26261409915789,3,9,0
1020,21.75392597329417,58.27611199866381,94.09813557638927,133.29389118531952,0.6489082848342493,37.89511969462966,35.72172031444447,1,2,4
1021,79.31297537843108,68.00392624608244,76.23627364825181,109.431554078399,0.08257271763565555,46.84104990934741,98.29140592328363,3,7,2
1022,45.48447399026929,43.05257956871902,79.98070482348318,180.40336235863646,0.8700443707341914,41.34583284812247,205.78854047814923,1,3,0
1023,51.35056409375848,43.82860089325996,100.0,48.21979719773029,0.8826128079820471,53.114808189602954,74.53274518346457,2,8,3
1024,21.505036275730866,67.30851101383621,63.12196429362383,144.05294460287166,1.3102637240669703,28.585842077727808,109.73870028140337,2,8,0
1025,39.11234550949635,21.95387450456869,62.05597764956511,102.3649371564364,1.176302908686507,45.0023835069824,145.33241929046414,2,4,0
1026,52.21845179419732,44.17218837225486,72.9144628003116,134.73345620592923,0.843891814508398,27.516971981306817,114.01456459829535,2,6,1
1027,26.980128451553945,52.856358348875865,96.78789838952596,78.17425683672282,0.0,40.941764691736424,114.6242093971148,3,4,0
1028,57.51396036691344,56.738280819275516,32.336649245240025,153.5840186945295,2.2140108917218395,47.40333422556479,81.879878315596,2,4,0
1029,37.9872262016239,42.35289960213676,20.86110271308737,114.76123791726214,0.0,37.85497433175781,88.40610124693836,2,5,0
1030,44.166125004134464,50.51661517558762,55.32211823449631,66.02775075411253,1.1644842219976161,45.51126604086956,51.99947389060859,1,5,4
1031,37.96586775541206,12.67508969880516,29.151926023517817,99.39879855434059,0.8018986718204089,30.40267665167066,142.3022504444704,1,7,4
1032,87.04556369017875,40.126273814992274,59.37921631185904,88.02220705314502,0.0,23.36310021803617,12.925417169295201,1,3,0
1033,49.730055505241324,56.80263068831701,82.56249240323226,124.45891753188968,0.41298934278505056,45.57029622487803,148.5544169191101,3,3,0
1034,28.84578142088199,35.265589486179806,47.731278411193415,41.01116253127457,0.44487297962875166,57.44010234075733,29.815080762737878,2,2,0
1035,66.45089824206377,50.88476332384396,34.32933558046644,98.53241489421528,1.4139079010673665,30.03955059830108,148.13036370383261,3,3,3
1036,25.583127000579555,56.70308751204047,71.7334290428837,119.76536263246655,0.000682369803852001,52.221941801067956,82.30912368939094,1,3,3
1037,54.17727190009511,44.86176198713353,91.56358711537925,101.65116535965166,0.31663849550295226,40.43423408816411,38.40656559334599,2,4,0
1038,10.806597522404488,52.556956564948564,27.625664037084682,167.34706221944978,0.0,26.64308478306924,128.96493225398183,1,3,3
1039,23.43627902203139,35.55901152073082,90.5058099576496,138.70113870355263,1.714333955186504,28.684946986478373,146.43837675378873,2,6,2
1040,53.93722471738247,46.9008308045593,90.43265509345815,99.62596016296267,0.0,40.1578477336065,78.09606759482315,1,6,0
1041,64.76933159990821,59.15324254383834,93.8521275539157,110.83445487488366,0.7288376049674224,35.95537712075896,136.03052743394665,1,7,0
1042,53.42736562379941,52.35459441452652,100.0,114.78327757409998,0.42901451919469524,26.87087023241761,0.0,2,8,0
1043,47.68703435223519,41.202030956540966,100.0,120.1649802083412,0.4313993232516621,23.05960718774595,33.970185512669985,1,4,0
1044,43.977926088214225,53.363246064361896,61.09769878452362,8.717100216769609,1.0669033894096125,31.53280672073494,164.62044652343644,2,4,0
1045,20.42956019265145,60.71914685954927,72.73928950194646,84.92368521153264,1.6698837222125442,41.93809008331118,88.8165362901042,2,5,0
1046,35.60311583210583,19.25088082133783,59.58903916879936,25.778046590328685,0.6760455689593943,39.93599247396862,6.889333677557616,2,6,0
1047,40.78722458080425,67.38611097433846,70.04942111889527,163.91404737297432,0.9585546123413681,34.98762042499922,65.05669097790032,3,7,0
1048,71.1424445243783,44.95617891978392,100.0,96.9575239998536,0.7302240757089286,42.01887194291483,53.829976373745964,1,10,1
1049,56.872365791369226,56.382348998603455,36.37463790173328,90.33295251601886,1.2122719967514384,50.40026719862688,91.70191342635377,2,3,4
1050,14.73919689274532,67.95870385467842,48.47375819586061,144.83986660166175,0.17595853435957104,43.941265104341475,81.46245080961764,3,3,3
1051,56.4816793878959,29.42489454154301,100.0,121.11623987249374,1.2527733880914897,38.786913286104195,108.94658644690804,2,4,2
1052,42.29835439167367,39.3583849635868,95.50091267255225,43.56827428103964,1.2773499059531686,49.28072006660689,96.52669741937126,1,2,2
1053,36.461559993880826,45.67176956186443,60.92170882957305,96.45473187363156,1.2577759060780367,30.40149697783705,167.98696275185094,3,1,0
1054,62.23352577681736,38.24369718313358,91.360050028018,83.24165133868075,0.037896492864466835,37.750804604446486,121.22742998598345,1,4,0
1055,70.61999044991902,76.02404863755213,78.53039606230084,12.773355569697301,0.3821636560339664,37.989120643996316,122.8835805596793,1,6,0
1056,68.62560238232398,37.148418592598105,100.0,65.48618833813977,0.6676268921463044,27.630467415571545,158.2578561947261,1,4,0
1057,33.21564953554723,41.666798307697,71.86273984566931,90.82298389917672,0.0,35.80125837715642,80.56156247852091,1,6,1
1058,43.81575248297571,53.065835474044654,95.64080284681455,94.25245342540786,1.6164441456602103,19.25040319104697,36.90612783207574,1,5,0
1059,56.62526862807128,31.967757108858667,100.0,25.888428816134564,0.4914064265484769,59.12178047662954,160.34851623161245,1,3,2
1060,69.51090254244718,44.06478932365604,84.95247887618666,157.5832791523738,0.6987495213233051,30.62586211563687,106.79208740540562,2,5,0
1061,40.4165152430942,54.761798918752625,71.2332041448711,94.89484705542806,0.09609689219095796,55.861141314213114,106.96756039494642,1,10,0
1062,46.286820466723654,45.00709393426233,88.06117463052448,101.87765383302815,0.0,40.380845057194925,68.33350392348818,1,2,4
1063,27.873300519879436,48.599197116500775,60.867978544902876,120.03208191699184,0.07717908016766034,45.64864132155959,69.15723334482112,2,8,0
1064,26.075867518386584,42.06001831327444,100.0,60.59618730481644,0.653442931343512,35.112002016490685,142.33611693854218,1,4,0
1065,66.25051644788397,27.282945362288494,74.50177594239953,122.8177986566348,0.9714001689275854,42.079296919616745,149.2327899068805,1,6,0
1066,77.12480057141646,54.823898170088576,63.17666699436218,81.64626769909086,0.613254078421904,46.50489639988436,139.1911702873329,2,2,0
1067,48.55979756839332,76.32399607470862,49.1077748744991,55.17072296764042,0.7427068113693652,46.64552414394182,139.64808027227375,1,4,1
1068,70.07065795784048,50.276024461751575,97.43050479016097,128.67237466776993,0.26408153772303633,47.74773390074357,128.45147686298793,1,7,1
1069,57.23272050095268,53.378961758713245,91.67968532069347,174.58369294009037,0.8473739963717997,36.316672899608236,106.57613650390783,2,6,0
1070,37.09760490789751,60.39084132675289,57.56614071464767,136.24146867429158,1.5379830064701348,35.196403275086446,91.23101578395097,2,3,3
1071,57.227912110168276,30.960042551799514,84.41128362806057,146.14887825702155,0.9933526097072908,24.058236747323964,160.51619249707767,2,4,2
1072,80.76073132931938,75.53771987194409,32.28610079467859,73.96846967188505,1.066679321777058,45.23219011176937,81.31395647547832,3,4,0
1073,49.283479217800966,53.03493194634203,74.6242643768289,20.119013541577175,0.7058114795146417,50.82378711323443,118.49896069403735,2,7,0
1074,81.29287311628012,74.47785348633664,81.31890880191736,174.50687610499205,0.0,56.159816799179296,59.799350102287676,2,5,2
1075,0.0,39.00450506714016,100.0,202.725744470238,0.0,43.05172634580508,67.03504815747748,1,7,2
1076,66.43805008750448,77.27092883836737,50.729529931782764,177.14033868848412,0.8184130604646903,32.33520227091431,88.19227160713868,2,4,0
1077,51.74094136476342,61.627332410521745,38.04118427994189,83.21070305101252,0.49234266362793994,23.029038567105445,59.80308116364182,1,3,0
1078,44.01985299068265,58.295601287785374,47.614300976873956,42.26828306355779,0.8078900205309796,50.416667330833505,139.892591273915,2,3,0
1079,51.835215530710045,53.51036681529722,36.585787492127004,46.71586510902167,1.6734963924908515,22.037234332224646,32.59828742274853,2,3,0
1080,10.248621707982146,46.27207072888326,100.0,15.81337161929757,1.0082251994605336,36.59395922256233,104.96148116905364,2,3,0
1081,45.60656224324976,68.0079748771081,100.0,94.63106907949773,1.381220344019975,37.75693172056354,106.62540484210906,3,4,4
1082,57.14225143023493,52.105398047720705,78.00541444872073,180.28389790412274,0.566276972629511,39.30544862148981,9.460021084015963,3,6,2
1083,79.55788089483032,20.493954446192717,100.0,92.91686840638783,0.0,40.3580260003584,77.94880897381957,1,4,2
1084,39.63459563452705,33.242203074394965,73.34895951450588,115.11614501741374,0.4594936885499613,41.38147556367575,112.78497690240714,1,11,0
1085,33.830127942136244,47.21231371710879,67.62220880748085,168.77984821521042,0.0,15.846367379214705,121.4363996647034,3,3,0
1086,39.96485912830927,54.64998474748332,61.674059523655956,79.79523440838003,1.5908064697407136,40.14655909870127,89.78463956999171,2,6,0
1087,68.30804235404148,49.151172666501566,62.24022521556086,201.77657283597972,1.0532737535748287,17.70424425888123,133.84441022403576,2,1,0
1088,56.57502219319369,68.28456184690495,31.30496109227422,199.60472037487267,0.8643587476397957,47.32218073090995,94.53418713819796,2,10,0
1089,39.404795924659226,20.733472039420626,76.60636909018348,93.44443306597587,1.3651602415596722,34.44874844196388,100.68264560375283,2,4,0
1090,60.26534866226712,52.1538190475774,68.9916522446489,71.12328679903936,0.0,18.429632747766497,112.58269344932768,3,5,0
1091,51.941550986960806,22.73031161919268,88.6340181019469,134.86190231951565,0.9116965659398617,31.857953226146243,146.34998143670845,2,3,3
1092,69.37289981065778,61.39568443226253,72.33808741096524,82.6237528740571,0.0,34.29924660815346,66.2140998792234,2,6,1
1093,35.95893812245295,48.58311928336996,65.93240746077271,42.17223914663318,0.4949210110740372,51.90699617555005,75.65890637408512,2,11,0
1094,43.44675706804463,56.294149580361776,48.22017424980923,164.061932676149,0.2818046852729499,41.96637741750245,66.55517541353927,3,6,2
1095,42.15783693735685,37.04175559115351,71.80383092054403,160.822369363854,0.9632156284678635,43.4444494435058,83.39011419290333,2,3,2
1096,20.72970103735763,69.19197397486627,88.45593077040405,107.77558018817804,0.6597311022726688,51.812216342206014,171.31171290398822,2,2,0
1097,55.922405541291525,65.62586996088277,41.41652522290348,36.856762313591105,1.4415820215282518,39.03855712075511,128.63626596649112,3,5,0
1098,55.221105443597786,58.753164545178315,72.18684384201848,38.5236874391307,0.07867198734717051,47.54187961032403,43.4455127415579,2,7,3
1099,50.102269132849216,48.057241297048385,75.8260737882371,105.36146442095763,0.9963800727432988,46.83861113931992,69.97765172056627,1,3,0
1100,45.308257332497064,58.69785927942698,52.04838040954339,75.0064482747484,0.6135562518291824,27.135305064305875,118.6383612138201,2,1,3
1101,21.692585158991715,39.39661148018977,55.30359237729999,82.94535339291959,0.0,54.729835776298295,54.67461095336148,2,9,0
1102,41.58709354469282,62.83333488531068,75.76527121915537,151.09815775300018,0.0,25.796982199293055,63.73299795926216,1,6,0
1103,43.14570966946461,74.74221341485881,41.664474542684424,136.6589658711279,0.39508537653448217,49.17366649477848,167.24798330870743,2,6,0
1104,33.95445461556762,66.05915839968779,78.74809288123481,168.90713402488063,1.2786047149242092,24.829269630943674,69.33121857634066,2,3,1
1105,46.77428576667982,39.055962952888855,47.616140658519996,50.46883883113712,0.8246061402899801,46.01236788151673,147.73334080146935,2,4,4
1106,58.08101713629077,55.42125975909654,96.57134232583041,82.8404215656644,0.0,58.61914878150173,162.76615947654693,2,6,0
1107,87.7237180242106,30.602876843620283,100.0,137.94908477300564,0.4017786403669882,37.870213434497884,63.326895441551784,2,2,0
1108,53.49155625663678,58.58585466763513,48.48107995745451,122.4039170506446,1.9124645141551209,37.43644357146854,55.50187217214293,3,7,0
1109,55.15100781445528,56.75905119293808,83.35519655936687,176.6190191293811,0.5778563343886006,46.10439999316849,86.19339567594174,1,8,3
1110,48.511081684676654,21.95275490701754,51.83145237794952,121.02683529520347,0.270872097449323,36.70603544037457,45.56861396631875,1,5,2
1111,11.624575694019171,32.57324234131454,96.02385434494474,192.40545520527763,0.8442177485293543,58.18278703742821,106.05169392513712,2,6,0
1112,49.46972249101566,45.752916548843494,38.368539772869624,127.00089008615703,1.0343751557073788,41.92192249458696,89.71740440733068,2,3,4
1113,51.204604198820526,45.48710379288761,82.01466896069282,153.108372379433,0.18068215676395866,36.79830491779274,118.02900079431508,1,6,1
1114,99.26484224970572,31.85784596871792,48.175275827766185,83.82425266077715,0.8518023420600059,34.597144721043165,169.84717281164106,1,6,0
1115,46.15278070437755,55.83468094028276,64.82538527254079,100.71436059419945,0.26977735233043354,30.670515298269795,140.87424903851596,2,5,0
1116,56.03094684667225,53.77210413410768,44.224368121317326,145.54722019197376,1.003529321280607,33.7224501324251,124.46198877061781,1,8,0
1117,49.305764605895135,47.08596302032221,90.55876177239384,180.64890852965272,0.6187852105798985,36.49326606341403,1.697579351604091,2,7,3
1118,26.62643924760936,38.66312749762456,49.075491139010325,136.46184746553766,0.8373774789370245,35.123609265014196,122.16879910511875,2,5,0
1119,72.85645629030041,65.73060689624845,83.79910648329569,95.84141140326902,0.0,33.41824725862896,186.13138303522746,2,2,3
1120,65.03866065373549,74.83110669632443,61.39754929344168,168.8667514764171,0.0,60.9884123035244,0.0,1,2,3
1121,65.82063894086093,42.746577742301945,67.13819070502842,1.0,1.1618481132615763,29.6990492351051,134.46912714878127,2,9,1
1122,31.81225090410522,40.81749624267769,73.69389768500321,28.888274924656315,0.4444225330301544,41.466325876461745,92.03207126217679,2,4,0
1123,78.05588621872198,57.36811498117994,50.95438320852878,134.08171118341946,0.6995243194695531,45.92521009760872,57.510249848852766,3,5,4
1124,21.962978744154384,44.629559303795205,75.25917783852218,100.70541781265624,0.2855232010394363,46.301079955837324,140.05642919559767,3,11,0
1125,61.73714187600541,47.909041990051485,100.0,130.27568255620827,1.1291087418095507,39.41392924217528,185.48529503036653,1,3,4
1126,93.80911251619958,61.09479727587007,50.54763035418215,103.2203761215971,0.07453301397923962,37.59297428152691,138.7615364418877,1,3,0
1127,30.189273497386232,21.359658687390606,99.29525358184611,128.54728473019364,0.405079132069382,44.515474912395064,81.44040243692368,1,4,4
1128,38.67404540794456,69.77453487279004,100.0,59.27985895034047,1.050194968892192,42.665216499782005,52.82650877959219,1,3,3
1129,51.993027301752825,51.09020786494012,49.5961252742989,128.52430430398454,1.321077389414986,37.41041165232487,107.23138168947719,2,6,4
1130,39.93048691767601,43.8276028315673,33.623634872736204,149.72072641037923,0.13336849628132164,24.381214282755693,143.6584646190794,2,7,0
1131,18.986731378677348,48.661487686678264,77.54902250429411,161.02753019656163,1.8717787873691178,35.32076277666752,80.64734868831363,1,2,0
1132,51.371259496120544,49.43644032530778,56.31481193082818,200.677714732435,0.7192691855855314,28.534498362925422,85.48085041746016,2,4,0
1133,28.753925725477902,24.03198044832612,100.0,112.20492217511932,0.0,33.328404499336735,241.10001249191993,3,3,0
1134,59.47184861270363,72.42407341179853,70.8701885124958,113.69555434235895,0.7583364340129777,40.3322323851696,153.9325972979863,2,5,0
1135,31.61151531532394,50.61988448405928,49.94501479912052,23.84137679130761,0.23190054986157965,43.58736143996616,157.50643391968163,1,7,4
1136,80.99868810035079,56.645031956710625,41.32101222470722,73.42942994307876,0.8038479410282238,57.80452751292406,26.985704697059404,2,5,1
1137,34.334934153275256,64.27324655861064,97.24762397727076,90.34589629966936,0.4700006266377634,34.62593621096186,64.64056603532697,2,4,0
1138,43.55876967588649,34.6825631365955,55.72040064789534,152.51597761381777,0.5519915831331014,47.74625635275151,103.73408197271195,3,5,4
1139,66.27034434739339,57.10207848552842,71.0957199865107,69.44994379551855,0.0,43.059600244378366,49.94312210574252,1,7,2
1140,25.382713671320897,45.985383636518094,93.89506862781202,139.81700098744162,1.1930428615014521,52.959976706397896,180.0198649444647,2,6,4
1141,54.54919869208259,62.701561628247404,57.89354120172924,99.91891415183099,0.0,45.76228719595626,170.51561532953227,2,3,4
1142,76.14285508564856,18.09158869472757,68.85177928149598,91.14159424426191,0.0,29.915185727136837,73.32273313079732,2,6,2
1143,17.85033530877545,48.51358549638096,69.585789754437,112.44469845666282,0.7571522444032406,22.769539707087688,189.19593033037424,2,5,0
1144,53.692677170646085,40.95769016324058,87.0831127879023,80.44218138735788,1.6219909730245787,43.11261699667505,99.78739516400289,1,4,4
1145,55.19765588496847,56.483944259512334,84.76860838775815,78.54813759536673,0.25318483205491493,34.71549002099609,229.46948586945243,2,2,0
1146,65.6364574355462,57.05066281052303,64.49715671862928,14.76070471049428,0.990680625892776,30.196862540494028,107.23430652625183,1,5,1
1147,25.26098578243836,39.38561157766961,71.59122653741294,87.60228963360552,1.2513381238044818,27.324222954669224,128.8096375164211,1,5,3
1148,23.590867738314472,39.31739203735935,60.70552471191279,76.00159269256368,1.0702791061058483,41.60975497587155,169.99517205847792,2,5,0
1149,60.43883131233795,48.34001947164006,33.059689827013884,74.20095053254602,0.28215419757842297,55.077076993133645,163.88166749039044,1,3,1
1150,55.93969346466372,36.55036659027188,76.44002143495324,120.84365312950202,0.0,35.913276542939585,125.53660330679467,1,6,0
1151,55.00985700691753,62.6297554317819,100.0,132.93159763952548,0.0,45.90270311075322,92.94298402780821,2,5,0
1152,56.928964189939514,44.461891993288305,47.90702148272343,111.60972523211638,0.3160116503763247,38.977336497824076,125.70663499965596,2,5,0
1153,36.399505568430186,6.395176710175377,50.674257259932425,149.77075952247372,1.3246611579935221,27.10617910896607,59.19079140619425,1,6,3
1154,54.64507394322007,44.37766915067291,48.231805708906464,128.77809629151827,0.0,47.348113435104175,107.60668594320579,2,5,0
1155,55.86144946597362,34.421842687340416,88.11479446807806,85.2471905097179,0.9901468932631357,29.053079559726285,44.53462337510026,1,6,3
1156,35.71297163947264,25.530862768085818,81.212136354911,76.85718571428102,0.0,40.21626630593565,10.955917995984933,1,2,1
1157,87.31549022289514,31.438600426661413,66.03655768958858,115.64111183834233,0.5742508034707867,36.58479584994695,102.52133820697215,2,12,1
1158,59.47665841823575,51.64112707749455,47.04952345902588,128.68835549509504,0.9954541299085123,48.930774345656914,163.11389453358362,1,7,3
1159,26.17393005594703,69.92961242372347,72.3094197909981,169.89221535157492,0.03835319421310057,29.418490075293136,146.29023207980296,3,4,0
1160,63.131072172676596,54.6977671079747,30.884446816604893,159.55865224700477,0.6193392764878398,43.908699078019595,95.90438521371959,1,5,0
1161,30.50636659545357,40.90244917676391,73.58566417143733,72.92634967464156,0.2094360642922699,31.60202592651299,187.34948490877483,2,7,0
1162,65.74169207484904,56.83856292756054,91.78810965219836,94.89968599363692,0.9936040612567236,34.88894787671215,71.54693045767132,3,1,0
1163,73.17191158014808,43.113645346715124,38.720021584158054,133.5508902458885,0.664722017939246,3.64799772459898,4.108366910098837,3,5,0
1164,33.58635363296579,39.58099446255283,31.68704307925841,153.3998889029486,0.5395553721004872,60.92098571617909,0.0,2,6,0
1165,69.26752258488644,32.684559976505234,100.0,146.9484734352396,1.5908449720993842,45.50556932826232,40.940452970214146,3,5,1
1166,58.25561853872996,23.72256789872421,54.70600901238538,96.80610835843267,0.9636142996578114,32.32652514061836,140.83123716311144,3,2,0
1167,66.4412031998898,44.15114440160832,98.39869614859555,37.29886737857417,0.016753693711597684,28.753443116670063,68.25986582663069,1,5,3
1168,87.93585965307895,52.37080234880198,66.15005837005421,50.05318118772043,0.4398952694415667,35.0435124712066,123.0479320928651,2,2,0
1169,45.09223767994259,48.550644949776654,65.95112957646681,113.63167571597072,0.44687085044423747,47.168795348194514,182.31416917919887,1,4,4
1170,34.925276712850206,43.76049608078962,80.96031748741613,117.11127897121727,0.5562237008376483,21.079150744150745,44.9951518711097,2,5,0
1171,32.209711407489536,35.813809089548286,47.90002858133899,45.06603132828075,2.2671564936252464,38.58415580705662,123.92498658979449,2,6,3
1172,33.68379430069123,59.12369287527453,73.31242858739114,102.22848054446358,0.7595963248976978,57.70641872462673,126.9481536327861,1,3,0
1173,48.45796581171792,30.243021200801227,60.46276462939768,131.56121784858917,0.0,28.660536640321958,56.963100576344836,2,6,0
1174,56.823039496332875,61.64041870765213,36.98766391487421,42.43866712464279,0.12004071979812442,40.80385038763655,167.71054626225416,1,6,0
1175,55.53381598660038,34.96674471609913,78.43705186815998,155.24986009022072,0.0,62.03309815257758,85.61464722252617,3,3,0
1176,66.54366498072048,38.71347143970448,63.417304828052096,81.12344257200874,0.26914122006791213,46.32151629690773,80.81235095434954,1,4,4
1177,50.26003783755814,27.998222140764845,66.0743792888823,162.88065562883256,0.0,41.259238204854555,205.58066092089865,2,4,0
1178,79.07068154314634,42.47896779671545,39.74597641464605,73.32737771120497,0.0,45.066364549090025,126.13833711833591,1,7,0
1179,44.70686333524088,64.62968687716969,100.0,48.66872585579105,0.0,35.99134664990298,146.2645274842749,1,4,3
1180,100.0,57.734421326659344,91.9178546596529,77.09315050791402,0.7689121245772342,52.9963128530344,167.74464657609195,2,7,0
1181,62.51334695530012,64.67633168042053,94.10389710429946,95.24259384613399,0.5003775538402151,36.00669977099788,67.47630002703914,1,5,0
1182,32.856848871674345,57.83213818900904,62.36388243895795,80.57600466142596,0.7120736152491117,20.40818391264023,162.49105485268396,2,2,0
1183,28.582150038777755,33.44495257204446,26.770427762414492,89.19992892134434,0.4268140280020315,36.0869689605954,74.9052942501165,3,6,0
1184,59.649448304863704,45.03816163508664,100.0,116.69825748380951,0.0,30.332654701232965,72.76883053308514,1,5,0
1185,45.53074429348298,38.29701306323806,68.4725622998533,91.44103151018003,0.8594649584783147,37.188059878025705,86.4000013845932,3,3,3
1186,64.28000988184183,69.95862356058561,51.28000509949865,96.69438030239965,1.845557192188617,37.40915940919369,68.89675825275226,1,2,0
1187,59.4647524914709,32.04817030360533,80.42003936207784,14.5386800398702,0.7864488050245827,51.97423199804908,141.10782163285813,1,8,1
1188,48.54342174686254,63.40546534083666,99.17801970008244,119.58490080052363,0.20185278047770383,46.952927266643854,113.36053275725278,1,1,3
1189,33.0641256386319,63.39430805163154,69.42373609786334,95.53983511541661,0.0,42.632654875753964,75.43877926914436,3,5,3
1190,19.70305550628271,77.4443030257413,100.0,180.51464902414355,0.0,39.970545886674046,133.7252516577411,1,4,0
1191,41.06970095865958,43.85470111055754,97.07499846292171,53.021741637302085,0.8171277596004413,29.411419911420055,86.2408781306827,3,6,0
1192,67.12797588646944,60.68483239370243,43.09047031494854,9.585233575024276,1.2511826187595623,18.188247623343226,83.59648148176618,3,3,0
1193,54.28187488260408,84.22477754808264,53.155247358513094,130.9034246965021,0.6826063223053831,41.13160011392783,102.43419424507718,1,5,3
1194,25.085224425760238,40.73537484599455,93.93842908199419,117.32635091565002,1.0599211027941884,47.946412035736586,123.17301778331085,2,3,2
1195,53.46361851702364,26.974396287014606,2.184685904739055,49.57834897344271,0.99537477081907,38.91666116755411,119.49238246887099,2,7,0
1196,57.706347594576734,21.799849491383544,66.26360767087527,23.51255224979542,0.8545740739701423,34.651456772132995,81.83754088735847,1,5,4
1197,32.32285127597734,60.69068043291997,34.22921995938321,176.8698365342145,0.03906848331712087,44.64502165214213,142.3555603719701,1,7,0
1198,53.07450211891056,21.752746879121243,58.086154964161885,170.70551953033907,0.6217464583826067,39.16667799375653,88.8802924460172,2,6,3
1199,51.16417436892,44.41521420593116,62.5294977742699,1.0,0.0,56.857441919739614,67.25077556956404,2,8,3
1200,27.140594043387537,56.55969780558441,61.043890552312305,77.08884853717495,0.5122002670706712,52.327283420682846,26.598917561632433,2,6,4
1201,57.155747206965664,52.777633052448714,56.193468697184784,183.20960273919496,0.7316044717468383,49.59508057023329,149.15892404995105,1,4,4
1202,61.215690527364686,56.381672962762586,42.57140875927965,76.19687211110666,1.6751486651707983,47.57734114209904,100.61950380970038,1,4,0
1203,71.66102486350553,53.334347837012814,100.0,75.46938829866737,0.0,27.09832585548543,110.54361792552574,3,2,0
1204,71.07604104069806,69.1829871997009,100.0,85.86203361853158,0.8370553416939137,46.629937020526,152.29014578497578,1,2,0
1205,22.446612640858177,35.71525428891805,40.94835449359292,43.95515131159203,1.5368656141365162,43.76325957646575,76.1296884201092,2,5,3
1206,31.243499201697546,39.84507292312203,100.0,14.761212788597788,1.0311934360871575,46.064247283911634,31.28003757629358,1,2,3
1207,60.300705344173195,38.41010832093764,60.01336273817868,152.62736553673744,1.0830618099775289,44.92609486813053,103.48903511076092,3,1,0
1208,60.275719018244175,62.45287717793915,73.22968683329276,7.853154687616211,0.9113864313074684,44.527625878480656,115.39807760401477,3,4,0
1209,60.30095372612096,63.50597882592595,68.4181510025771,112.3635726054378,1.4088341428427915,67.00866469549595,86.85754669198136,1,6,0
1210,100.0,56.768379789777626,53.506283968650855,144.32897463788248,0.0,39.23814330048081,173.68687890380846,1,6,0
1211,61.41781021386334,67.75240500334891,94.59630859015367,27.438685054942084,0.0,49.363373808293304,0.0,2,9,0
1212,72.71131280361197,32.32938698935429,73.14716326441645,53.78657987024642,0.4955661016743208,35.29010189735997,156.00283189498916,1,3,2
1213,69.08003526986406,75.00836167326706,58.08621441951897,160.6589594195795,0.0,47.90641583887672,139.5576825182113,2,9,0
1214,63.02782502611596,72.84857932568387,37.385263904988186,126.64458601135199,1.3614520629246079,49.393198902324556,122.83853888502297,2,6,1
1215,43.69461510719309,61.0343299586862,47.66012465702199,69.13571465605564,1.3545006368468089,43.64426077135348,0.0,1,11,0
1216,65.17938440986535,76.7269836315659,28.965497109947577,160.11245016805856,0.19665461144083168,56.692469423765004,164.19443916351344,1,5,3
1217,34.54349570924856,25.150651884833394,70.30558871037924,160.32678617271512,0.24046058233764328,31.157239636395825,48.67829446820574,2,2,2
1218,45.26362786519982,42.133277956060226,40.083360192890105,113.45263465078536,0.44935676739453007,35.127790583317775,74.61540108083067,2,7,0
1219,40.29272904341793,38.97044808977071,63.36098718703647,54.99198860631685,0.5364144553077338,42.123800860234894,91.47036676049656,1,2,1
1220,51.63748278772645,60.82218985636015,100.0,79.32756482641024,0.5890217434359998,48.80806853484222,120.37090173259877,2,2,0
1221,96.29317133347017,34.24788890596781,99.98248932303964,114.31933719776951,0.8907624748148122,41.79429521294933,131.9714021096275,2,5,4
1222,12.654696148165037,61.36242724006228,69.19307764743455,90.5702585426256,0.37916155289406533,52.85759036510566,144.64202771596482,2,7,2
1223,63.72520380749027,70.5580421599507,67.82288184642125,146.94785891174257,1.1602353124344558,33.3831012903368,140.7926755039258,1,4,2
1224,17.745682576206967,60.42804350125999,100.0,23.511295994533185,0.8121634439877123,28.594215105114458,112.6463602106563,1,6,0
1225,40.56136268421133,54.25626535492252,83.01890300896778,25.28682354668807,0.07512558788915519,43.081283365365046,120.79613295287953,3,6,0
1226,71.77901193934733,35.181899886488765,61.80483850308693,109.04355557412163,1.4345788674628681,39.22819723886304,45.462314208887676,3,2,0
1227,51.285600381909255,37.29723550811953,34.3495470719887,75.42277930965477,0.0,45.4286372035822,62.448659659048886,2,10,0
1228,28.44510444141388,68.74428357945,79.84683045411859,68.64756926511296,0.43548393242496647,39.72597709133496,144.7730111837416,1,4,2
1229,35.693925814800636,61.69023505857999,90.73309431457156,11.597164041280138,1.1768421807528275,36.59980209376543,141.86047433643407,2,4,0
1230,63.591954978693515,49.41470720933684,54.2087118871589,100.97729223990909,0.0,39.250624282762764,136.18997082222106,3,4,0
1231,35.39266736565727,43.73135681351164,77.2800688784508,97.36224459996171,0.7166889527370061,40.288488947931846,74.27916191717362,1,3,0
1232,54.329171791639496,19.612881903329345,60.91066762712427,132.67394909758704,0.8803377178993336,36.950187001516696,145.5246065971848,1,3,4
1233,50.911436798076274,33.93721371973342,65.39919002002493,103.4453066560486,0.0,37.96867953676572,41.9377773759821,2,7,4
1234,36.96799304788366,78.67128630709585,7.804448560941715,93.36979608797516,0.44926559628417545,35.9640666301309,153.86799049311367,3,7,0
1235,92.87888178650651,30.793166434963,64.45546490709661,158.85003183951687,0.3904473188535529,48.56665119869407,86.95645993770549,1,7,0
1236,62.67838044636022,52.84219731831621,94.23423256020135,34.3766348275725,0.11378350371739504,41.940210045057995,184.20852031703163,2,3,0
1237,9.497148266847859,65.11165959792798,54.21493611083604,126.81946094237881,2.111172396435542,62.56752472168766,23.927895396725745,2,5,0
1238,53.729086295388555,31.176159979965615,71.3131592053829,16.44264176023256,0.0,41.607045512784616,188.1702022959261,2,7,4
1239,36.76427070463224,52.77065712171625,51.10123233270199,58.081905999959616,1.2034512058475182,34.49142529671338,81.92678354182691,2,7,2
1240,67.04866669592448,64.06873306265983,79.01104190731932,39.36714336883431,0.22503928818320068,66.70675374863065,81.0260371994128,2,4,4
1241,34.14958523134599,50.187489828608754,64.58692006159566,139.0971267725959,0.0,44.136263777143355,109.74194094927985,1,8,3
1242,47.70527117066202,93.02604583500153,46.518961482949834,96.7294883202303,0.5719699702085482,49.901247868928166,65.14605435996516,1,8,2
1243,60.09974557960914,24.97101111682707,100.0,99.32483777035117,0.9543653690712505,45.921029832024914,96.38354993488466,2,5,1
1244,67.31510388340243,65.88092794825818,93.22330033830538,44.663350613527456,1.144356702545975,46.230110292977486,63.11868673645728,1,10,3
1245,25.994071858884475,47.407973939053036,54.87733090179563,85.01532520335554,1.5935855774585486,45.35654051352474,64.94682345104064,2,6,1
1246,43.30997528318103,61.578802322550125,82.44470773544444,61.82673483454442,2.56167240295457,28.979154352239348,124.34429751502859,2,9,0
1247,40.50109377678088,56.61960727548869,83.43530007050951,119.1727507427108,0.675359942628918,43.67529047561412,54.9217252348242,1,8,1
1248,36.93341534852576,39.002657043350055,86.0575308752794,50.44544323341932,0.0358354783222285,26.75138696149761,61.59028824972589,2,6,0
1249,85.30908480562194,53.434945886890105,27.643602600123053,166.4897182602538,0.8170120287564238,38.25637163587466,31.360437512679553,2,4,4
1250,58.09963421921911,22.131478229025692,95.1651635258157,16.22097751879528,0.3136509347154559,32.743825434367125,74.80346600193303,1,2,0
1251,24.782320913299095,59.04871250857091,55.757525926856715,59.67400837717193,1.148176290896561,43.57470185848724,165.5801014861961,2,3,0
1252,68.35723894109552,54.472376989857885,61.05430166396833,183.86002549830482,0.0,43.34126247338234,57.703317994851574,3,1,0
1253,92.44312394025266,59.57990252964653,100.0,78.24306260189829,2.157834179680306,44.81145890765187,63.41833674063794,2,8,4
1254,70.64930521102293,65.87177487630726,77.54683451802529,34.2560667797794,1.099233666342859,42.87296572749087,109.69609732407677,2,7,4
1255,19.612600680919734,55.514297603145664,60.34193811382061,110.95357812688343,0.0,33.931746582136014,81.46017831002368,1,5,2
1256,40.31531854267497,52.221341296974146,14.867640681102351,76.23038788927289,0.003679768379519499,37.3899651064832,211.4077216674825,1,2,0
1257,75.33822298373245,36.78397495008062,100.0,58.20648721908471,1.0712567308797571,49.203961612544845,91.87360176618716,1,7,0
1258,35.846610687624384,39.316688545264235,36.369758229784935,45.20645946006413,1.323440839320018,50.678566772943995,116.76091731086859,2,12,0
1259,58.87638856292457,67.80101930265997,44.91402741251241,238.41868028129716,0.0,28.532169013734507,147.1884392399661,1,5,4
1260,65.49268106858673,71.54503108558967,61.716192522803766,87.42240499079318,0.9991180953030642,24.690723674873535,146.22889329314253,1,3,3
1261,31.46139056843834,46.42834345531919,100.0,3.721631983356147,0.0,32.73110616795288,111.66437907786897,2,4,4
1262,48.809492878764,50.69004120879911,89.33099966664398,174.6854879502767,0.4374648941702678,50.452075820322506,91.94362566569994,1,5,1
1263,0.0,36.43078437509351,66.05406225399351,130.55354525552855,1.2784327894722445,52.14884030183035,201.20142681896283,1,6,3
1264,29.512247173314204,67.59135267901168,77.70730159097053,61.676678449010616,0.11393898892791365,30.752881195988284,95.01198623428667,2,3,0
1265,44.948636972136796,59.98125235537668,54.99035767822235,53.344045565692916,0.0,43.073093537363384,77.91549477857598,1,3,0
1266,25.04433636070301,79.11826154695623,73.49134223913377,133.67363980791154,0.6023503574642914,58.344313331400876,67.70755058529907,2,1,4
1267,82.6482260786327,36.82515384230392,71.83341861945341,87.65408362552726,0.07669679335516533,44.15311477240334,13.659839864662203,1,5,0
1268,21.397172440787347,44.32988151472674,94.21924739203384,3.701109077744931,0.940690856246085,54.215032852330935,141.08078761185817,1,2,2
1269,41.19911026606032,53.47168883788358,94.17945306097374,189.36199823023344,0.0,49.98726570083098,0.0,3,4,1
1270,52.61481154572183,59.69734306588656,82.34943455514112,78.30047688920214,0.0,30.898012937720893,99.71385795475396,3,2,0
1271,78.82546578132231,46.764985436785516,60.94131106134744,174.7785868241213,0.0,38.10018576502922,89.75696828643075,3,7,0
1272,21.282756976411214,36.90558364319449,88.54555735975316,163.92174789828576,0.618961297736038,40.347544782918476,211.9982596115724,3,3,0
1273,73.26327504309918,63.22111293385357,67.70078834492384,49.94952277585929,0.38736654320638086,41.0413338802134,8.417438564318687,2,9,2
1274,50.20466122039174,60.81703043818372,42.952140782171675,151.6594932181574,0.0,49.16328953438571,54.944835650782146,2,6,0
1275,30.36982697904098,36.25588849154413,59.91780520222653,67.42787250681593,0.6356590996369644,44.086847622754085,93.19517706591753,2,5,0
1276,59.24206948526542,70.33164201658244,72.11317459460811,6.664970659802904,1.2189492104508974,10.63799056221885,90.12353312654159,2,2,1
1277,53.981193911469404,67.55298063794905,92.75539459161863,78.77009169889287,0.34910243960673515,26.87159726907274,72.52277045949776,2,5,0
1278,37.99566245682411,52.014447458716894,65.41179569607118,119.88187508881396,0.6877168648753816,18.12619085023957,95.95060452989163,1,5,0
1279,51.39604169980038,51.19396793564054,39.77003221900985,76.8631676001831,0.6913178747096149,41.75365240655334,37.02186355651293,3,8,0
1280,42.2937280627648,58.31086656673861,71.41854208242049,84.64758295374493,0.0,42.40487649467761,117.85964394974695,2,2,0
1281,52.27034690502496,37.074453946156126,72.8364010014138,157.17830224643063,1.9396100744953169,42.83224958610718,0.0,3,5,1
1282,63.242613490420936,50.45047218746123,74.64594072256882,105.32469901450459,0.1704051189144013,30.410717322853838,98.71153220613715,1,5,4
1283,81.72033632290704,17.714246830862294,92.99678789886076,57.83508443575238,0.9592813413021894,46.74144005119989,69.98216528682133,1,6,0
1284,25.243690023463017,63.14683468254403,95.47308100224745,135.10151618336633,1.0384506940603346,47.16262496468529,150.81439713783178,1,1,4
1285,92.66066749312533,26.57760166337211,55.14472819045834,109.88377834771225,0.4022834110189738,27.448509327948422,187.76555353166523,2,3,0
1286,10.958244009549965,72.55129742643499,54.59641354877641,1.0,0.9247565175417443,25.33961798551128,83.44739156248211,1,9,1
1287,46.964298099288335,45.04819859050325,43.99503222611317,121.41764568857243,0.6720734552714724,39.99868313773062,169.53629645707156,1,6,3
1288,61.76634412969153,46.82499527103235,87.47039175701191,119.59143538580508,0.0,57.91782273613359,84.19418596847946,1,5,0
1289,55.61983735470065,40.583991408732416,100.0,101.006056479043,0.26740910912493826,56.99742742198642,51.6936738435455,1,4,0
1290,37.546009603588125,45.679416891168856,62.122951802276916,144.58502905347876,0.07121436835215672,45.634043604480524,187.29518160928097,2,3,0
1291,45.83755499285449,71.27797017722055,63.96423588187517,66.38032078367489,0.17677847105771105,32.700033284199236,126.03882223670034,3,11,2
1292,40.139981306823344,12.682870151973809,100.0,116.82498944104505,0.0,48.86842659488585,100.22192613049071,1,6,0
1293,38.21270486111577,69.15448079132281,82.63894633037519,21.65203144163236,1.288503601722221,35.475757351909586,134.35887375493243,2,3,0
1294,66.99204194042049,55.07035221652562,80.90589262002638,120.3545191699416,1.621394858229389,32.324929633261895,113.71075175650836,1,7,0
1295,57.140309719300944,31.894675282141765,40.22708735065683,197.65298477699483,1.184602083198886,18.560331683780056,96.5390296029241,1,6,0
1296,36.14180809478692,33.87031410426143,86.96820173198547,50.25718237662294,1.3893704569029999,41.02382198347653,33.67825863460018,2,2,2
1297,67.99199750866501,75.14589540812304,46.771591487256046,62.00989340061124,0.2587556140942907,33.70132650862625,86.47316314193667,2,4,2
1298,56.14599041753219,35.81739680085903,41.649495351626044,64.49922785542239,0.05462021550977453,40.96430379528505,131.16277117292364,3,5,1
1299,66.2572423767792,32.69974234106061,61.330710580832196,106.49991129007977,0.0,17.006423037629386,93.86142871565947,2,2,0
1300,62.59257683847224,67.05971813547094,55.355181913782744,46.84818635731409,0.9508454460700557,41.69826672583687,145.1162880565193,3,2,0
1301,33.420099781558555,55.078293144288715,64.46000764037402,121.06236893454901,0.6589441372009047,15.68878836028372,119.18275119333944,1,4,0
1302,38.79637919606061,35.93111635195402,33.975459136877035,142.34199727345828,0.445944801881102,50.87940253268552,56.093184095729654,1,6,3
1303,64.94587210246523,53.24937463106929,93.97040766169181,126.71736067268921,1.4066039809367399,45.218912341350844,34.04140210839381,1,4,0
1304,62.207405308669294,34.61370974539584,98.19215736291072,11.579228718096374,0.7834589476707401,37.21335228575412,92.1410750034916,2,6,4
1305,49.581968120717036,66.51232097633908,21.31643814647964,149.7583832579303,0.0,45.62719860082079,73.78857759477063,1,8,0
1306,52.34654766617564,65.920564473097,94.46144514166376,146.868370712684,0.023363819605013714,30.219257373364478,116.8160904810843,1,7,4
1307,75.5532979157685,57.98009298232915,49.73678425445934,141.50806861731522,0.9773953094779018,40.723755156148925,64.09311706186351,2,8,1
1308,38.168572223283405,55.42491591870525,91.42438842456966,118.64211243279125,1.2292129968582177,47.94774038460336,69.23038371225614,1,5,3
1309,60.94194762340076,76.41782187301061,68.28883768333961,111.00946571025663,0.8861761625791786,9.057107509086105,152.65348587974563,1,1,0
1310,45.95614695132212,49.99529491082338,70.71938910202496,151.61946990631984,1.8278221235104568,35.527756403224764,107.41014843139489,1,5,0
1311,45.646375935455595,32.27188811868798,65.37255876446953,196.17567438017272,1.6445050160119932,39.77355869863626,64.86364672863536,1,5,2
1312,71.9755370397438,56.74210869248461,100.0,52.34797683175751,0.808725084395534,38.037063822542336,100.88209043675099,2,7,2
1313,66.5083269797606,81.2907057430567,39.01029968687429,153.9062697897386,0.0,54.57101826227405,168.94556215008413,2,2,0
1314,66.27019272001277,34.77860760221222,85.19600846837521,95.68914509962737,0.0,28.760988750771155,114.68933441373613,1,6,0
1315,76.10957614308658,44.57805849959021,97.53325412223876,93.51634739856996,0.22883277848969963,33.78840756554771,129.6475404712565,1,6,1
1316,50.420076832655184,56.24669057152179,87.90850201351026,23.173465480898088,1.0272494124913099,20.841309736915516,62.38827317362787,3,3,4
1317,63.639059425899276,49.19142726491391,100.0,85.76052952423025,1.7786529555183563,55.10286651273145,151.32096885673002,2,5,0
1318,43.79466486813088,35.26544629434028,56.776330931882526,50.136752101579226,0.7922129240875599,37.537098573912,215.9051130231901,2,7,0
1319,56.483327049768846,66.82786784345706,93.93262056483829,76.80727852470272,1.3181059559618655,35.615911119632926,60.42661787435732,2,4,3
1320,47.397138912646305,84.80061083025889,67.3477341164645,45.09068081109251,0.3282847596685384,39.47517317689286,40.90530128140053,1,3,1
1321,51.93991929985437,52.94197188535861,100.0,77.55458063434969,0.935938387659285,46.36235828430324,108.77711219175741,3,2,0
1322,61.903140508738275,36.43897565396,69.80777510696576,79.69448214882983,1.0763497806340208,43.47363403516125,143.77525249222052,2,4,0
1323,33.63558633533055,26.765592124197873,60.30310545343826,104.83774592194001,0.0,66.47884213557087,95.43051639748693,1,8,2
1324,91.84774551370921,53.869639718317714,100.0,19.262506885433453,0.21059283833644282,44.539358884037746,47.33968019786686,2,9,0
1325,29.87965237000596,66.55816014974387,57.71095152452675,27.724092612733827,1.1647902689945089,35.34754570830919,94.5707919109805,1,11,0
1326,25.71622774424536,57.12751619743072,34.6818560274861,118.09571353652633,0.6921278349455955,34.38643262476053,129.90461363887272,1,4,1
1327,73.16221747000135,49.96394238621719,57.078827920654284,60.12809414649505,0.0,36.07241047583191,79.64840865269703,3,8,0
1328,65.83325387925872,41.160925223160405,85.47582366471332,153.72648951149654,0.0,24.98163075370162,130.36275088774607,3,2,0
1329,62.4823963410431,33.617545509228655,100.0,111.26348610075233,0.24395347828859554,40.39864207491586,158.2355392619955,1,2,0
1330,62.5669101852856,62.52126989487323,72.7782343824128,130.33810751032036,0.44989001497428466,47.834681062089174,112.01153128852238,1,8,2
1331,49.75506454306171,63.70657432078379,100.0,170.53461602104474,0.0,33.86636399376764,98.60261143608537,2,3,0
1332,32.05491257028337,26.814053199639,36.04562696306016,84.51445940967137,0.6001594559195961,31.926199437158886,141.4671962613141,1,6,0
1333,51.51609116387453,73.84758467271025,58.918413379552426,71.27566472918622,0.8544707230630262,55.159451462942336,57.19495862813847,2,6,0
1334,36.456765769757766,58.611068313410016,62.78562207114747,143.58512927994067,0.969481019508363,25.73516843378835,52.26450831535387,2,6,0
1335,69.50239466835502,70.99391967718691,67.136014313187,125.4756781964843,0.0,19.321816235226986,86.67138575355074,2,4,1
1336,47.05885236995723,29.868083772723274,72.10235970625492,90.63348450893496,0.0,28.470980563526176,75.40602725927664,2,2,4
1337,33.49005606414977,29.512637668768416,87.27277393480482,169.5728983477971,0.2867641461516851,24.595672828757035,59.832901235476236,2,4,1
1338,43.57228316694013,47.765460353490546,58.87982904573774,89.38778450800348,0.9005211917262244,43.86226064104582,191.52342374993873,3,7,0
1339,58.25862908551249,57.541766403427914,73.47571717382814,101.63868187778907,0.8424638094850249,36.39295499550426,208.59966047471457,1,5,0
1340,38.7255089439205,76.94541234390445,68.8719277418987,101.06113254171292,0.8303089635136731,37.8031295497616,82.31474788722089,3,5,0
1341,33.555592088671375,60.591183707226975,46.85275240272125,53.270305255076444,0.23160744062174776,51.52934176974773,104.58594748741827,1,5,0
1342,54.873744229838245,46.3597808478195,67.15833277296412,103.87926947431954,0.2706565938830275,33.08665138837223,90.60785899681045,1,4,0
1343,54.899331422174455,34.60446188501162,66.40851175257205,169.83800886992458,0.0,47.750894117456404,155.3749620059078,1,4,0
1344,39.8611364925774,68.45000859078725,65.87298587492384,122.2484157688088,1.0377358896740936,55.11322799203203,165.28227809200234,2,2,3
1345,40.57923388763354,35.52941861373928,70.79398641453626,101.55317131994657,0.0,35.443375019863396,11.136810065517665,1,4,3
1346,54.64099874715273,74.42702832158483,71.89183851533465,91.91163594171655,1.0950254766326988,47.37022855556314,123.80054000328128,3,3,1
1347,21.038313170053517,45.73423025590236,59.192620522316744,116.54335142031756,0.6454972666963522,37.581820874710196,34.65893294194258,2,5,0
1348,21.850724512468894,73.85873108926776,100.0,137.48833142445926,0.4684688650813925,49.240981288407895,187.91360789376392,1,3,3
1349,35.63111557495128,60.18396935088917,40.76298426992459,130.46194154448764,0.040302720156473404,24.28510812423727,122.01240151051991,2,6,0
1350,45.73105696576305,47.94506765836313,51.97574728825259,83.40675690890104,0.0,23.544877548746538,58.832523081868196,3,8,0
1351,56.21815131196009,42.2090544226081,100.0,116.23907970550573,0.04664307053536809,36.08732285092459,87.93393060310734,2,5,0
1352,79.50712433899105,44.886381839808806,44.05021612526925,123.99698705741393,0.2689951919625796,31.110751909402293,85.55113708669208,1,6,0
1353,67.15319246404039,56.42475038562856,36.15613313225603,49.640250623651085,0.0,34.832908905701146,126.25564714429078,3,2,0
1354,46.80122940073146,51.15734744326575,88.36191862503044,108.41152705918472,0.361851391265735,37.8047341755286,152.0956302088739,2,7,0
1355,49.619675841946226,41.09282887896942,18.07200365565315,1.0,1.147050157618204,47.20013531836252,42.589635401414505,1,4,0
1356,29.949412707243823,47.515528845235515,64.11815225068902,124.12668549105925,0.8970525338037107,35.923394214340654,191.9377250456057,1,7,3
1357,49.6297372801522,51.17865544578725,100.0,133.01715272813408,0.15265588698094484,31.761386893769135,180.28450539104216,2,3,0
1358,44.22682722159723,18.06898858377782,31.37660194616499,137.37730628932297,0.5328554088906594,36.48486623241101,56.233821620447735,3,7,0
1359,56.45437120676179,56.87252172183048,20.45088785653217,80.24765739152163,0.11068480140460024,32.30854720193382,103.64008971811546,1,5,0
1360,33.45538112895354,35.3041816292479,32.52046995105754,115.45234175120174,0.6041325133349873,30.659944979372856,185.5404272057158,1,4,0
1361,60.38693028482345,32.700013951913824,92.45898920867464,171.19769227705834,1.578075476620822,23.86983186423031,161.64592933387416,3,7,1
1362,80.65477826005156,24.689834793339344,98.11941799964532,170.68848241456294,1.1779491618374132,40.69478116221079,83.16284849760521,1,5,0
1363,47.82479703086285,23.091612531981646,57.18528007553728,98.54136503867197,0.8645560139849269,34.312942934029465,140.71699072839368,3,6,0
1364,58.034234441978825,29.66828745331566,87.08031010002672,106.965981536478,0.1549805613313972,49.662787392346715,249.85991458595694,1,7,1
1365,63.80287983422225,39.36468563554264,100.0,155.54555723672166,1.0249568750613869,25.526039079410594,105.25799909256061,2,6,3
1366,41.97559056228327,79.29888706289853,100.0,24.95989923689126,0.0,34.579164449521215,68.36758742799904,1,8,0
1367,54.48184963620834,42.11180486157194,63.8416179705038,83.84621286614878,0.3233525626063767,58.12907220658749,108.62099260456996,3,4,0
1368,50.2518480156359,52.66625159402047,12.463207058250333,166.7785227768378,0.908597993876765,30.603904829021506,112.3276047748659,2,7,4
1369,51.95352197097664,56.00722079759493,49.47802693975783,148.7600270842383,1.0182948498334259,37.63466747903876,73.77316304999509,3,5,2
1370,34.539804322890674,51.965977793237734,59.32989512661856,118.46318888249523,0.9689191431510187,27.841560171746316,122.08125339071086,2,5,4
1371,50.49020348517885,48.8383480891101,63.52653008554024,24.708379733468973,0.7063814824467861,26.51572487219019,37.279947013624934,1,5,4
1372,59.95996582490899,32.07059354601133,65.30351497478202,97.5044883479419,0.36299251464128196,55.47310983087678,66.72330664956604,1,4,1
1373,79.02287215590084,71.76391322418817,97.97236494826673,70.50423018750334,0.8765831788785422,41.71039492637147,137.91223880773987,2,2,0
1374,69.18541652170414,77.10794965456827,100.0,116.55194514086068,0.0,41.336788382376234,12.256457422887436,2,5,2
1375,93.06364915023113,24.760119588159714,65.70815865188041,59.53266576025599,0.0,23.03683764883778,145.15837959973882,3,7,1
1376,34.65304874223901,34.639571136704305,97.46212190129546,48.71383025126963,0.5432142735222077,43.58741388108303,0.0,1,4,0
1377,67.44641273441357,45.802844864344905,78.94153416577723,1.0,0.6212383498961231,51.574219459938256,13.433771056184256,2,6,1
1378,53.666840114767034,35.53193307634713,71.61264932156429,161.0902342488351,0.0,51.49477060828529,75.05106284720573,3,4,1
1379,93.79605866435344,57.58948330183798,92.6636039277491,80.01147442784713,0.818602466664663,46.68333229606161,114.34319214096752,1,3,0
1380,33.83403429289697,39.0759169639008,71.80630120594789,107.85728918512673,1.0409098645435753,28.70514422404596,166.26318015636943,3,2,0
1381,33.20556315638448,82.47584101709904,100.0,99.88809417629095,0.4459003337735933,43.13123417192992,102.88113815797978,2,3,0
1382,38.01214709111956,67.85822891515394,34.03972083013602,46.628303351975035,2.1621263982987946,46.67584960476608,87.6723196212005,2,5,3
1383,7.522085513803859,53.18861045948322,57.12072752269955,37.046754427590336,0.021945425579369737,22.055564149110985,128.9790623992402,1,11,3
1384,39.48489956638478,65.40479394979599,66.83702757615124,49.73424370013822,0.24723898562919133,28.787204085182154,56.45505897660328,1,4,0
1385,34.81734676892604,66.58850636535963,80.98631726144977,63.84157805853035,0.22345316571095347,48.881573217434415,106.97075796732031,1,6,0
1386,53.00787572952415,41.54078767912635,100.0,118.33031235069025,0.44666867209628774,48.760457766719284,40.027687102232,3,8,0
1387,56.83511951554319,37.75674133187053,69.39003581909608,60.21411682396943,0.2698926309235963,24.514169663786078,104.12952584377065,3,8,0
1388,87.52341678431773,51.17214594454471,34.444258762344816,187.3245315797311,0.0,47.95021459269172,93.50818370752984,1,4,0
1389,69.008476763721,62.92454186746916,91.0628474113751,151.35755179465755,0.11741619263446723,40.95303399153618,59.786603927529136,3,12,0
1390,38.46192688675194,52.08590597980127,88.87396915354911,140.41797748328543,0.43166551295814676,47.81008954607152,108.25203182688696,2,7,0
1391,32.03170657303284,26.34505276713504,21.45353351551485,94.0170548763425,1.3600004574433981,33.65478676566059,107.92748265798214,3,1,0
1392,59.838383430130115,37.95763334073737,69.90489665823002,175.71403678602417,2.0415702913610394,46.451834964809024,158.77270061695674,1,1,1
1393,23.595335859587156,48.89040704608433,30.246454232992555,89.0997184439438,1.4348317284954581,48.43828774485625,19.718329846860613,1,7,4
1394,86.62917531708707,48.865015935112545,53.38372256244844,98.4369292922877,0.0,36.486650645442886,96.19755461514787,2,3,0
1395,73.58880241442574,79.58813265184712,47.429776825930006,108.49872698746347,0.01293327256168414,40.17752546173286,61.986880014826035,1,4,0
1396,40.616486957905906,29.21018086401503,90.23161745604965,135.0911520271672,0.3884699957434543,33.514783704953466,143.4881029088146,2,2,4
1397,15.737309418182448,57.58383862753812,72.92075435430459,131.84540395014926,1.7491912221975103,56.51638948685879,137.69560325960666,2,3,4
1398,77.07744748330825,72.33669662492434,37.86022498109931,76.24373607776984,0.38420316347267464,38.79728060674234,125.39399225343105,1,8,0
1399,47.70920309494764,84.07174618134194,92.00164907393355,73.35031402870231,0.0,30.77975674822818,64.80833709652686,1,4,0
1400,74.75632623946923,43.93403865224058,34.15485440178964,131.99514785760422,0.14917600413287546,32.8417408612525,144.27352914700478,3,10,0
1401,18.111446824112658,57.371441790803,78.25284476177359,135.76182919456164,1.0299392012735917,41.26770601142113,23.49345356283341,1,4,0
1402,38.012499540924544,58.54640535797971,49.649733267711106,80.33244375885636,0.9829581938272607,47.53331171778212,13.234464820361424,1,3,0
1403,50.104873994363665,52.93222597329936,60.858072936737,20.64059651607731,0.3598483334558408,26.641731548494782,36.2064500049038,2,3,0
1404,50.939611875294844,48.51732198141041,82.6067687009596,89.63419519958777,0.9783902714920214,58.47660002942449,98.32625948365471,2,3,2
1405,40.99869057041513,56.539630842500685,83.03623497648823,131.17628994129294,0.0,43.08675294055617,133.7582200494147,2,5,0
1406,62.45699864694998,12.016308721704718,100.0,190.27084232098903,0.5726804645228883,44.664559729694126,0.0,2,5,2
1407,28.647591412348113,60.23104235093947,67.94365750821368,40.1021018829669,1.102479794958041,39.02810456176564,166.13714159398933,1,8,0
1408,47.15241029957413,51.89266855492951,77.66127157408351,78.67143735847132,0.0,40.19258967351126,106.55560980892172,1,7,0
1409,52.40591263423798,46.66287654832602,59.05656693989189,80.52982192373116,0.0,38.51716862072597,21.61138262051125,2,5,1
1410,60.28877668117498,80.70293293579337,74.54974706556995,167.79026697157508,0.0,50.1779596903596,105.04734851447905,3,1,1
1411,64.2322975617778,39.87598971814172,80.9871512002128,98.25292497706836,1.6129269163674858,39.9207141254663,154.626270733921,2,4,0
1412,27.507158163242615,43.95386016402454,67.5422538136406,54.63367203138672,0.0,47.6705021849271,129.97205076531296,1,6,0
1413,19.317716585287556,79.873299533071,24.906237897687596,127.93476414609096,0.6687302945034782,35.66152476647428,154.9536531276983,1,4,0
1414,75.55353643797018,37.51908042725215,78.28677240827238,79.76807399795268,0.9227419290383622,41.95640528312316,31.68766853014445,1,4,0
1415,56.64628023959183,41.748270755951914,79.11403693388642,38.78063633210228,1.558447564399017,31.96079655760579,79.29973824307977,2,3,0
1416,35.03026926886893,47.79461864853725,52.995663091301225,55.36133463619247,0.3922715582100553,52.16528232549537,53.76538847382339,1,3,0
1417,81.02303951045046,62.61101723194324,37.89032409818714,186.70209772113094,0.12239914435510701,31.662527592808843,185.8790102522159,1,3,0
1418,52.31349268585717,53.117037610299704,100.0,119.21046108247312,0.6211473539993875,36.750205557386735,131.9681421743315,2,7,0
1419,73.58594368127653,30.61061979271606,82.28613777236005,105.38800277262715,1.3988561935796007,36.85039587545255,242.35047944788204,2,8,1
1420,51.35036962820218,42.01747155309216,64.27297422695726,87.5053132093977,0.3808792280194514,36.460486123262314,76.61952332913863,2,6,0
1421,91.21495849763974,40.88968350181683,41.57417792131281,114.60744210593994,0.0,47.22495769442937,63.76628941588476,2,6,0
1422,85.10681684886409,48.84168432165431,49.454629289466354,114.01179730012471,0.0,36.83342235263356,92.85866807024247,2,2,1
1423,45.02071703041853,56.38765487944744,100.0,114.60844141036631,0.0,53.93924530541073,168.91786107112745,1,9,2
1424,69.43141901908712,56.27308633831958,73.44154852170115,105.74225451388764,1.1050740481846653,31.81524913869832,81.69401553123264,2,7,0
1425,62.90751899170295,23.359823689273966,56.23532332498233,143.43991691527748,0.275562866585232,41.69377469942707,106.22187989534721,1,5,0
1426,77.37263115064698,65.95911481341284,82.74223078061641,101.15521730003655,0.07473536305550277,32.242140106874004,104.83453514434098,1,6,1
1427,30.70153078839791,53.78853268994935,49.64004531384191,51.10305822236806,0.0,44.209727825314665,101.97483806010948,2,4,4
1428,63.72102919996878,70.7679807139086,100.0,69.3788554549566,0.5595321021401273,39.8405027302323,67.3800769768761,2,6,0
1429,71.16848973699176,56.66297490936008,100.0,1.0490653255143911,0.3323814343640914,38.44937955301521,93.13544660448167,2,5,1
1430,14.825210271537713,66.51984436603644,58.33564821993058,201.34085580211962,0.3088074993965233,51.88474966503524,90.99486993243211,2,5,4
1431,26.3348297466845,56.998179671751906,54.28324382422849,143.13772959763435,1.4445267494675174,33.45658128944896,99.62176701626754,3,4,0
1432,9.21535644479799,70.19338634304123,4.546670032693001,58.49647524353816,1.5766113973031433,45.86515157618,147.1758409076354,2,2,0
1433,44.61186331110885,57.833759540266676,32.9604807112158,85.907757530145,0.0,32.31040087325208,188.0314017312246,2,5,1
1434,64.35084511591924,48.53127130335644,36.51325562605609,68.15617628967833,0.7293149118000704,41.12685200160374,57.97826186651466,2,6,0
1435,80.04714104192055,84.08652080670322,73.37975852468465,177.12736056870585,0.0,28.044246717765546,80.40031876061425,1,4,0
1436,51.481895608395504,63.335556834198385,61.84415738896601,29.006141786453554,0.3262242202972345,33.3748285369326,58.74940507969067,1,6,0
1437,82.57231091142583,58.6061663150662,36.36661281461896,105.72380294093897,0.7164948695886861,39.17856954427135,109.35507686111363,2,3,0
1438,22.39797083570217,30.855433751924963,62.97089893838607,94.5736078717576,0.3510960581483564,58.14649167323078,73.08252712445116,1,8,0
1439,15.932351212896904,30.675385738046934,82.63342869118371,141.34193153545573,0.6613219164393432,41.008038704597745,111.98984168709944,2,3,2
1440,48.889046022067625,54.3907322321278,83.19598374788967,94.79953861376525,0.9710791442223422,56.546683158667065,155.18134552223935,2,5,4
1441,57.68130897878615,52.182817966523615,22.508242978527967,12.089556167228238,0.7062037603782239,42.20323291690918,0.0,3,1,0
1442,49.34610503811814,40.78816152487526,66.79341298790423,87.44410826787795,0.04721458708266357,36.12915755525061,124.58899448003454,3,9,0
1443,8.651157999202468,52.1147404941809,35.41648057570974,51.39188910283375,0.05956027512077333,55.393565226006935,76.99064755510605,1,3,2
1444,48.21759920974423,73.82940392065393,92.54321742850685,103.97897732782803,0.0,44.37017622073419,123.02111339921944,2,2,0
1445,23.910609989902937,60.43103711825448,89.60366040883747,171.7088518260163,0.0,33.57278406117286,55.17652811248998,1,10,2
1446,63.39345097660077,32.88487235370893,47.54931934188854,13.028737788386096,1.8734478533289696,44.70571459400298,159.81304941534376,1,4,1
1447,57.331964921936965,48.32736759285584,50.84886993999,59.98886323000481,0.0,37.0740525009239,145.6640309020142,2,6,4
1448,31.202404273452895,37.925502787211585,58.46832373754232,72.36535231082514,0.0,20.10965803828704,128.41760742713214,1,11,0
1449,39.72266165326613,44.18450125387158,13.680165131716521,80.91844522933943,0.7239495032913413,49.359731592656175,139.66128589050493,1,6,0
1450,28.81572956222097,43.79576501555536,78.39920433601442,137.0062832052622,0.42274466849569814,50.94934055641929,62.71897664139132,3,3,0
1451,48.74641805453656,42.83531626093992,63.178886341496735,91.32277912193062,0.3630847342055422,58.37942029992276,69.0188122655355,3,4,0
1452,69.10284641002477,31.172969420399077,94.25437706419648,120.79013628602226,1.486332176488463,44.22143692195263,137.62181004087398,2,7,4
1453,30.285479073289125,48.08517977722715,42.539769550936185,68.71134781341118,0.8843886728908557,37.51276575917468,61.6135428615694,3,4,4
1454,60.08093031035689,41.59088544729035,54.52192629375171,111.49621727089688,0.12900494780756727,48.34989427378586,172.28175233290435,2,7,3
1455,39.39484763255118,6.058269649965979,32.336868549022114,138.88988154388574,0.20286685768575408,48.498203653189066,83.82044643594841,1,5,0
1456,34.142543354753116,80.79458036752494,44.89273591264367,63.38502251314558,0.14818944026602043,56.38281183136422,125.09471949303109,2,7,2
1457,47.85939280090884,66.33154481325008,40.450450098294525,139.06790599032573,1.11231773510618,39.553723769335576,204.9624759627545,2,7,0
1458,29.29515355161252,44.35548912612506,94.89934197116114,102.61863843637842,0.2842966593828038,38.344210274324055,64.68883229659617,1,1,4
1459,38.927013893056355,50.282285746108975,52.54345378121519,152.27301202411263,0.0,32.844555802414725,103.43808754223915,3,4,0
1460,26.04244214822303,32.42518479023657,73.10439211861534,89.92900499615132,0.466176224885959,45.37462086725202,152.7091582318654,2,10,0
1461,89.29450265832779,75.43584316716297,60.48091490345489,119.06223275810494,0.0,24.517383317691646,147.56386944382658,1,6,3
1462,50.70527103943457,78.45933042159668,38.26336834967968,97.9696884160735,2.0289614212284315,47.76087372862565,83.60923448803209,1,10,2
1463,36.005489840148286,52.35040592369787,65.79248942070893,95.18938689797105,0.0,45.8783512186579,74.1634781239073,1,6,3
1464,54.27959821468444,65.35295966278017,84.97758329658987,112.9465214112845,0.38669466424958854,45.85070202458372,88.34320337274741,3,4,0
1465,47.753439006183406,52.62930168400886,39.80601518641619,126.84037346124518,0.6807419142907958,41.3822523650184,172.3928883075682,2,6,3
1466,45.58060800933554,29.94911841686104,90.22781976828446,37.52175440379975,0.297939287524539,55.32978247531085,86.04470718200267,2,2,1
1467,62.28333400086851,43.82264946554514,48.756976963057596,171.6816804408939,0.2969787189736652,48.719934654268634,103.90578462417325,2,5,1
1468,65.1501542009461,51.978919501579355,57.92540184817898,7.016847972510078,0.795279100312614,33.929228086243,78.66067645382874,2,5,0
1469,39.38997704778945,43.181784218848335,83.26707807525119,65.75939451305521,1.568351171157395,34.10820950302353,135.27742823979935,2,3,2
1470,38.4836351871064,46.72020083847446,53.4140960695128,95.28654646175497,1.037256357272108,31.203261865853634,107.77625187918282,2,6,0
1471,44.49896605696712,48.62900663736328,70.93937148339664,120.6177984542974,1.53495971500148,45.51283332775587,49.82830946208855,3,1,0
1472,3.9615767052883015,48.78682253201808,62.13272928029769,178.80862638706893,0.0,29.998610787600434,51.558794298250284,3,3,0
1473,19.696178756028957,50.783877357462245,73.23420016759546,7.085425588744627,0.7221538432787529,50.833921435833524,0.06972167222465941,3,4,2
1474,77.3374853488905,34.09092400405099,10.481522361912567,74.61529358051448,0.6086722364407955,53.22973308345543,58.433929543719195,2,5,0
1475,82.89935427002567,39.244757763080955,24.25795461979793,1.0,0.7457639041737143,31.209837310495487,139.6972901816086,3,3,0
1476,45.01927920887243,30.73123601450046,85.39917515117095,101.5810986955124,1.4633623794449009,38.144514654071465,166.1880269006134,2,1,1
1477,61.53113926111533,64.667233245293,95.92953514122625,113.58417922500153,0.34544759514556217,40.166209813624135,134.2779181608592,3,4,0
1478,56.22500309087072,18.41529587239513,47.23783241171196,179.53978710856262,0.21614764341213866,48.83983160469668,127.73161003203407,3,4,0
1479,100.0,67.30385514975389,63.899291195721645,106.03173804467271,0.8737865581930647,56.09343375609877,93.67369752356753,3,8,3
1480,72.39149822869153,70.79524095894266,77.36798132255754,152.20125647211898,0.0,23.145076071314225,138.74572774569936,3,6,0
1481,47.44164817038467,45.46729119526068,87.3304400414676,129.19185407695295,0.3342035656144752,36.818192824733174,114.31391115409421,2,1,0
1482,30.889191187991486,10.952943682590522,19.308068208228782,78.23759014974158,0.40606161750018294,37.33983304439653,190.22244859935623,1,6,0
1483,17.871073594848554,44.580341570490646,47.848993825540575,29.551962660398033,0.0,25.99330145113452,95.07773429116257,1,4,0
1484,54.06927271734446,49.037237580667714,61.68551550375312,113.75011491459054,1.239941307949604,35.148899806959385,167.15040418680655,2,3,0
1485,34.87298509431393,34.8410267010663,87.57850493090123,25.394899142731802,0.0,44.27768944350611,143.705704090893,1,2,4
1486,21.554925808046516,42.27172409287636,100.0,164.7603536334822,0.40488886614534264,37.213210971604425,136.77216431020793,2,5,1
1487,37.06854231514947,72.95292798295027,64.29985682975705,91.8968948981588,0.7052100577260778,24.553788313925864,0.0,2,5,0
1488,28.3690399277121,59.97390743452611,34.82556344740028,159.75887057557082,1.447416093033283,68.74082698009914,146.45947807738554,2,6,0
1489,83.74283270145129,36.1315382843285,80.05670193003245,75.98927829338002,0.4926104955834027,42.661778652041804,93.62460105454234,3,2,0
1490,67.63279513898901,26.03601245606852,100.0,113.44253932004959,1.1553075158897474,41.11694130106675,77.80367527825541,2,3,0
1491,49.84054717366765,45.094740235853436,72.70035302448753,110.46744286673444,0.9904167780939892,29.020736369329537,25.854347941104336,2,0,4
1492,79.59888277780053,46.798148309743425,47.33378637114268,97.7477940994538,0.5864202893183997,42.60706161971275,99.72064330159084,2,6,0
1493,51.547366152952364,57.44298781044974,93.94984853700048,78.3670243301704,0.0,38.35786215958505,101.67757984091213,3,7,1
1494,32.774315973434724,41.97024931148512,86.58864046246087,119.62280092352601,0.0,21.114765872845936,34.849903909259766,1,3,2
1495,80.46248154539315,57.67249363042792,44.34797889510939,53.69183682583959,0.5745537809934305,29.297445599855838,26.3359913553154,1,7,3
1496,60.77820087369317,79.02731060090343,79.53564043835854,39.52823355204706,0.12011218826817055,47.94926017673945,124.33097400640555,3,7,0
1497,29.255076913470873,62.23251533666394,94.93163919147182,162.14134466634138,1.143482764176904,59.44017650000441,143.58525655306886,2,5,0
1498,46.193226438327834,49.27867239003841,99.54725106397234,136.35839944460503,1.0220995626690041,43.67165405043045,109.51414549612109,2,5,0
1499,32.48763493230486,47.25274293420058,68.33877561726361,103.29458043011199,0.3707723038940651,51.03083278293367,157.54173248421813,2,4,3
1500,22.344005380713277,44.64990298730193,61.048013845517026,183.25711912718907,0.0,38.4424469141679,95.68075078242506,1,5,0
1501,68.52355095063282,67.70961368678218,100.0,86.61172406375776,0.8575148847250913,39.13453839319397,97.28243627998988,2,2,0
1502,88.18833280940261,40.59029831073046,39.74598742547788,166.13516099944897,0.0,50.90979027619465,54.14859856296048,1,4,2
1503,22.028648523617175,50.678340634999735,80.96448227302514,108.77870424629108,0.0,56.62777289179469,21.987901122314142,2,6,0
1504,61.259384733811416,50.76796852821628,35.74933431588927,48.76246249618049,0.0,53.01096693465622,192.73310669297922,2,5,0
1505,36.98714861756346,42.47323710782702,96.63440680649006,192.40200958854248,0.4030492846420326,29.33636924615181,156.5649525124873,2,4,0
1506,40.25749232470608,29.413016781738488,63.548862109720964,149.53554233120425,1.319134633849393,39.33041109684754,30.374371643076074,2,6,0
1507,38.15212151522262,54.84461755426502,100.0,93.94894844952178,0.4964713908435299,42.775246844762954,107.78759539156403,3,4,4
1508,32.72018460640368,49.08494042216925,82.28531890888817,136.35856297669744,0.189746915300613,37.40322036492471,94.99768444481667,2,4,0
1509,50.97043255889654,57.50360704154855,39.419494248451755,79.81482830010467,0.0,43.878575434155955,86.30037634184784,3,6,0
1510,33.38099767177924,41.99599540341249,100.0,141.4574517529771,0.88648720931089,48.20576811668947,79.54910760925303,2,4,4
1511,55.40913651559678,68.31231948219572,100.0,1.0,0.0,50.02809751955141,119.06345734839894,2,7,0
1512,48.99523781101726,36.848393281822325,92.05716231498039,49.00993331527032,0.5822623334106676,56.85870152221523,140.90877627357372,1,7,0
1513,45.22103906267181,75.68060426026838,50.96030337409451,148.96298721434815,0.2520469688583516,36.705588952751654,120.11955845141027,1,6,0
1514,31.84872675916804,23.785452352576076,62.349651141064776,87.51722308905403,1.0867240537196063,26.35966835160686,93.97408128104031,2,4,4
1515,38.46457338863335,56.52155096835337,73.63568043514398,110.3771147444371,0.3899345255800135,43.58234594014453,92.138664155444,1,5,3
1516,65.10782451651512,57.131460237899354,52.40724001671417,32.66071689422827,0.45875155183386385,58.83811031184803,146.84071584613332,2,5,0
1517,60.01834375248762,38.06664398088677,100.0,192.39334978510516,0.8400230032188217,35.230241400459406,123.17224690580312,2,5,0
1518,30.448895104028978,56.36590906791519,73.60816179315093,159.52648218588382,1.9748581275842298,46.86846977063719,103.63447315177166,3,6,4
1519,51.986646108584516,69.19278004640239,2.4162988223160653,89.96573908123351,1.121912851250988,46.95745792472643,98.20493511999462,3,6,0
1520,65.02774246743579,16.74771740968903,78.48389531890551,79.76520715683368,0.4379757255559734,41.91442047344609,117.26352548061445,1,8,0
1521,16.61189437757257,57.54117211236222,61.29606507956717,151.48021807098465,0.5022385934307019,40.06924721043714,76.58256557202753,1,4,1
1522,60.8672038475987,12.600937695048835,68.1268360970388,199.1235225084464,0.1325983777728958,30.765707942786072,141.0769408654105,2,9,2
1523,36.74752482108307,35.51502794715188,60.78451585535751,147.68801279056768,0.0,17.183379275794227,46.20707190810667,1,11,4
1524,61.41197337186318,74.43749547351418,90.17616041516717,208.59013336983008,0.11307444905357467,28.88149293335971,79.4271745116759,1,5,3
1525,34.73481686914966,41.27326949911919,97.99219446383452,53.8824335469041,0.0,36.096958508883006,130.5553047723012,3,5,4
1526,13.902357986709617,32.39180053386541,77.07632905646635,59.03065847506046,0.9573578686571198,50.97422687422707,43.35585933228634,3,5,3
1527,17.449151242336747,47.03093406522977,61.51722032154602,40.55294409733256,0.0,38.96871937648624,21.349572867524984,2,2,0
1528,50.96169893322764,81.01859507245328,68.96656987977074,122.08803248247396,1.433247392966031,34.80974281081851,103.153883771462,2,4,0
1529,55.194450034429636,22.524766291909607,70.48999041444071,108.7801774902185,1.0264324685331807,31.090145580465695,15.177092277676465,2,6,3
1530,31.913667497911828,34.230351325409835,49.939249003379075,92.40244382640071,0.5143512105573679,46.56805828509481,35.059822297406924,2,3,0
1531,62.77184917554748,72.4614752476944,84.47321621428087,140.46293140616493,0.5002230280255479,53.58357166430605,137.8297059253216,2,6,2
1532,16.7695987546208,77.86553515306599,81.50105809651166,161.6164302607332,0.10990308326981257,50.634357218674594,89.76073711971321,2,6,3
1533,48.678404027053666,48.44853163564574,100.0,23.716879535657895,0.6890590879434348,46.06149699758469,164.27434748544925,1,2,0
1534,25.77967600475087,31.414209462100363,100.0,70.15139860494423,1.2616647242460122,25.2438725361706,39.759282953127254,3,2,0
1535,36.96327784395682,81.43765252713739,52.858127060246744,141.007179706153,0.007790476420930392,36.483257571562284,95.30238171838577,2,7,0
1536,50.94797342632828,73.91663587623795,90.50745936272412,76.6130658070709,0.0,59.47304228889675,119.97922766038796,2,7,0
1537,32.791732694320956,60.18420481643349,46.22616542263821,60.0896961820923,0.9922527783997207,51.21950491915225,41.474253493554556,3,5,2
1538,42.308889115403495,37.8139647659387,87.39830252352124,150.92687138251972,0.7270561819706604,24.62496781765275,151.58809522498123,1,4,0
1539,70.1258561842888,49.26455988742945,57.08464503099731,35.524996513801,0.0,39.44409476800729,125.53394415830195,1,3,4
1540,38.462162609537025,47.59459878432754,44.41866941561039,84.92100961044476,0.0,43.63098432661039,19.535645665628294,3,5,0
1541,66.71384224130284,54.962769569233664,77.0011335674351,116.43220129024043,0.0,32.3784153697378,98.11291018956997,3,2,2
1542,27.405862906847638,71.76502157197004,3.1358217961464874,71.30900430449407,0.0,16.907959785911512,119.29783681293164,2,5,0
1543,60.59608355830566,63.191255617061046,26.225610639869302,139.15778280065874,0.2734220721711686,40.98824045016432,70.49716632359713,1,6,0
1544,78.83137241315801,33.83935884522863,65.56270290564292,71.55615124013156,0.3134168870034769,32.12241742379561,26.006754724559315,2,7,0
1545,0.5671099974542102,70.64744675029307,72.06104416587107,170.43097467229597,0.044444441452077876,32.16158260915316,113.92293947237052,1,6,0
1546,34.062094890590465,54.69698210019733,60.76703074604528,93.71268512521137,0.0,36.45319640069242,210.56214751412807,2,4,1
1547,61.5414425436108,60.305986937883745,30.514092532060033,133.56350683526767,0.33985095925643294,38.66324085345188,80.65079504211548,1,3,4
1548,45.93909227914015,71.99811288917904,49.55270394653736,137.30119764914082,0.6173840744016929,39.90917205904314,178.46205906423543,3,4,0
1549,57.422917467426174,33.32629625729673,79.78023318093484,68.62299986279636,0.27859242454460875,31.160101010779986,62.38555891192659,2,4,0
1550,37.92029626568359,49.462616319403054,84.54454426570906,1.0,1.3110669163389113,37.79790470365923,110.7772817504976,3,12,2
1551,51.731795749458,42.028181729611774,69.59442206010146,118.03778773319175,0.8556614000945505,22.425766295972448,138.57612654380597,1,6,3
1552,46.88645529215841,26.48210861951816,98.92084452592472,103.61441735624348,0.0,43.11039065368078,99.57931670143175,1,4,0
1553,73.35564123319614,55.2006496640738,79.93492558648086,127.79130137875637,0.8666094357896974,11.437245866588427,85.11321755593845,3,4,0
1554,55.08841686602426,87.67334827376635,51.313608651044696,88.6736263808581,0.9238807878099078,37.105099195663804,136.30637606751867,1,13,0
1555,56.75205324150404,22.398833832413708,62.98744866470957,78.4786150599642,0.19568552231306613,49.19186153676954,194.57275576346103,2,6,0
1556,41.76246067755065,49.51579083425794,34.92834606980363,200.42365054908498,0.0,29.406593127251735,115.02934623195657,1,4,0
1557,40.24787551855013,59.6081440261216,67.29652524021458,26.382296924461116,0.5056467315877953,47.164302036574,74.19699117348263,2,5,0
1558,41.34883624360758,51.84617302484272,97.80251548053346,136.6975239182119,0.4946039439624291,51.55732712120892,90.51242213701585,1,3,0
1559,57.88904284756594,48.303079212263896,87.1322521177742,71.26990709083044,0.0,6.921000475026119,225.98538228226872,2,4,0
1560,41.58031038359474,30.511754548312638,100.0,83.21106911297889,0.0,38.486370964242575,106.7453558169064,2,6,0
1561,55.79549713792826,53.49180114410245,62.42786890502517,84.14485837130171,0.4387125174825924,11.24226572371725,70.27931507110137,2,5,0
1562,91.50801597290878,38.6485403447611,100.0,59.828286291437145,0.3368459655644247,38.81791554429054,42.746604175873,1,6,0
1563,67.42249406863385,17.1511744253217,65.16739433880075,128.56121051181196,0.20791424427432448,39.92828789018673,8.704945294369708,2,5,0
1564,43.47952935664318,67.91888330770595,100.0,169.53217979749786,0.4416124856774071,15.174560140891614,118.1792136923095,2,7,0
1565,74.02427844327889,64.37578729763064,69.45358131394691,123.50068306233307,0.0,59.248383620798656,132.73209964122518,1,5,0
1566,41.838492539568975,50.7749146527662,87.68078434510691,105.16909981060476,0.19562557099372008,42.86015807634625,80.16519100173966,2,7,3
1567,9.237509296442923,53.43612032308554,100.0,50.67797504503767,0.8733275214300433,31.509765679179647,99.2514790984523,3,5,0
1568,29.838273781651917,66.11477019073342,65.16430928546986,125.84126329122255,0.2550209437540979,54.65379427498519,41.47691453556881,1,4,2
1569,12.584161579482888,53.36509485167124,75.45972468860435,207.81748158646494,0.0,22.043867793576833,106.64642324137505,2,7,0
1570,42.96973031917383,63.56026332141972,100.0,80.96526881024538,0.16911540559349986,27.708289664816828,124.07476602835622,2,4,0
1571,50.368367583791034,45.53776698689225,66.67492090174841,81.2008210324067,0.0,17.005444763301014,73.24178664161812,1,4,1
1572,83.52874624550566,69.6797560786092,36.97769293734597,71.94554345095014,0.6869954075232115,58.010451965393344,184.52263347929198,1,5,0
1573,56.53854747528325,54.81178588899026,100.0,75.52928827527899,0.7231861823662977,43.323463714720035,58.144683662654415,2,1,0
1574,45.61798942382271,52.91077915408811,58.25588839157158,1.0,0.0,46.59401789848495,114.17383020094911,2,7,0
1575,66.58811162366979,30.94908366931952,73.96890127343858,120.25176929278564,1.0313090794075324,43.010012339184755,142.41586098523027,1,1,0
1576,5.777293819842299,54.30433781452563,98.90016673627818,57.72239118226931,0.0,45.73767761144585,96.13552499253088,3,5,0
1577,54.71229116217132,37.52067623758323,54.78765240671996,19.486844060409993,1.5914276033376458,40.78077713895989,90.57615905527543,2,5,1
1578,65.41730387773933,40.42575910207259,44.803302169446745,137.65949748662746,0.4658566148495682,42.70921342707442,28.55669247751689,1,4,0
1579,20.428275084403168,37.769365575258185,76.34343241937083,45.899110747903194,0.0,41.07603436222951,167.86707478581417,2,4,4
1580,72.87508086413858,34.006476021511624,25.17309005219026,83.06654730581212,0.0,33.91408194430721,91.5053399166202,3,5,0
1581,56.76992814988828,81.87157104525443,62.802348078301996,173.32211955942898,0.7436667042511413,39.53375234785331,126.86827124674124,1,7,0
1582,41.69424172198397,69.97008592982604,76.12596660788515,29.539210098774333,0.2260900770711357,42.73594573261678,133.63602439300703,2,1,4
1583,62.6556373221257,78.80551253216392,63.2512025793709,23.370088270111893,0.4323422632673014,41.10549119552131,68.58507539911234,2,8,0
1584,95.41385715608791,31.656574706666543,31.413726420356326,113.46530947811691,1.6289461628879274,25.222278922466828,90.12356978543926,1,3,4
1585,53.63732510116991,51.068806248663385,100.0,157.47436820051843,0.010529155039647353,26.550133313915907,166.72411753717518,1,4,0
1586,54.96441172600672,30.597385621938564,72.58845384872939,21.28291411340186,0.5419740003869946,50.82841433916391,44.14011671297775,1,4,0
1587,40.81278200919512,39.56457684204404,100.0,120.38448684185886,1.493891141161137,36.93005954116598,206.39590373786282,1,6,0
1588,33.003112610704164,36.22809524875137,63.49909374548888,129.04997699808462,0.68935943282648,45.847253470359405,62.7563607361863,1,6,0
1589,66.60671633088491,68.59376009662343,47.9997004577309,1.0,0.0,29.078800902776038,41.02412716797441,3,3,0
1590,32.878323481822655,44.0565548284736,76.729523006379,139.925066895361,0.8537723082124957,25.268541233534698,106.61545103442673,3,3,0
1591,51.43132474438785,66.02569000541024,64.6053218417945,143.83029399210898,0.0,31.56403387468287,210.41741321699354,1,2,0
1592,40.44685106469767,59.061813343827765,40.55596355021605,84.41072133719877,1.4847652701130754,37.77434929228587,4.451703220389746,2,3,0
1593,59.579596514927836,84.55458128157184,100.0,162.6173181149004,0.0,33.348597007155874,92.94921407551539,1,5,0
1594,56.673242105738964,27.80833665290414,54.4432444276501,156.82277871624225,2.578656655421965,52.93933523105714,123.81325086282779,1,6,4
1595,70.75079888515799,68.88849859680198,23.993340380110787,105.15589628586024,1.5271631918293747,41.79523301537461,101.68249792677656,1,6,0
1596,39.79967202290506,67.19661305601092,100.0,77.42773048375332,0.0,58.489386185618585,119.09608350015048,1,6,2
1597,44.60250129413257,35.39931742959448,57.39254960468442,51.358605370852146,0.5140096635011273,44.044081540714174,64.09834589138629,3,5,0
1598,30.424725684353852,65.10700004709739,54.80440268460939,98.12182453169044,1.0275509971434245,15.87449182080189,70.01390770343095,1,5,0
1599,41.114134798477764,55.042174445393435,25.86531032425065,128.48794598520897,1.0485623319586952,50.560416064585546,92.57886764204001,2,6,0
1600,57.546009860897044,46.587856100698886,100.0,83.79115694796793,0.809635381983338,24.904483775300452,43.50559560486245,1,6,3
1601,65.13977233290704,37.64096769542,37.76298531975781,1.0,1.376511325876277,42.30533667211339,97.76567992799052,1,5,3
1602,31.556693516447492,39.21335822826221,71.46123701764125,163.4356947288285,0.41392173735594134,32.25315942336155,80.56273531642493,3,6,0
1603,67.3921184021132,80.74718143678889,92.815508063511,109.51116109224469,0.2432976319967768,61.42711034464186,76.49774074225657,1,6,0
1604,77.11275717609902,50.01024228436224,80.54292332507742,81.0187751661583,0.2571952084527726,54.395979274301354,116.02532062993188,3,6,0
1605,58.268698064474016,61.73195002297189,68.50864220019521,142.8579194211644,1.100861262380489,32.58179358298242,8.967025340034809,1,4,1
1606,87.53591625116132,38.13650927498671,27.458353542814592,176.2319298241378,0.7556267282118523,38.72642331878888,88.54549483084232,2,7,0
1607,34.52421601792854,38.30220580667542,49.7568791058179,1.0,0.7038985659831795,42.44598069649217,215.86768828074304,3,6,3
1608,25.10690593377166,66.22977213874913,74.69500845106305,121.71318249610357,1.0566639744800272,48.634140715616105,45.69451568371875,1,3,1
1609,14.425595021914425,29.756356826727018,50.32064825032509,28.66753945948264,0.0,40.291519123250126,164.27502482422068,2,7,3
1610,79.92088622978366,43.77179348142093,75.0839864999692,124.95552533994706,0.7170481767126052,29.751051006191332,102.73280604563493,2,4,0
1611,63.08731312708115,50.51041116608348,87.04358522037855,106.39636011872896,0.652998222211601,32.824413607999475,69.85210955592909,1,9,2
1612,48.8883065817909,51.67058902760078,94.06257214500255,131.7863263220275,1.6681656569104935,39.95518203623209,33.96791702350967,2,5,0
1613,55.59937252639641,47.313600724757656,39.34551605468292,75.03761927526725,0.0,52.34456978764691,106.9840982642616,1,5,0
1614,27.49021905403247,55.937296716438844,100.0,6.337994409042409,1.5900306426637305,44.27837860536044,172.66985529073384,1,9,0
1615,98.91503959233653,60.39283633726717,89.18698361385327,77.4815904371666,0.5527863902472661,32.265850733849845,80.5394427401618,1,5,1
1616,52.58442363950455,61.01956318188995,69.9571461582734,120.34238175698916,0.8422926714620315,46.4837277770979,95.95192876316132,3,3,0
1617,52.187895892097856,35.2129428699826,97.23841457691601,150.76961643376117,1.6731431513265635,36.1301516112184,150.51854250951658,1,5,2
1618,64.51533247797384,45.73767353106804,100.0,41.40843497637374,0.8925328876039011,48.90408005186841,117.04353956731404,1,3,2
1619,59.620184634734265,67.92144292815406,34.03199747357826,151.35302134365088,0.7802578026237926,65.27010418328605,21.386211013771074,2,5,1
1620,54.477680485582624,63.419707813608085,64.36843393771616,67.60638551767394,0.6696038300616228,36.411736290564505,104.94436079275918,1,5,0
1621,34.190510891093766,29.40710822778404,10.53920850316679,118.12249407972632,0.16156530550393616,48.01605159726371,175.61174553327993,2,3,4
1622,59.42936714271991,55.27219850528302,74.81628831620061,74.50530235671836,0.48005761284272497,32.546066679622704,98.15294067662508,1,7,0
1623,87.64048992950067,20.326621259377845,79.13485604812851,109.10853138560509,0.0,38.877362328087024,0.0,2,3,3
1624,76.90840092309955,50.704023530905545,69.02094711393102,144.59388172851374,0.46880317040216263,40.29562286872101,119.41074957955365,2,6,0
1625,81.86373253278794,78.46650525118966,53.63666072504225,38.64929613557321,0.0,38.063163399556196,90.07717802279821,1,8,3
1626,39.7756864713763,35.78160924096521,18.76213709529187,66.00470516265842,0.800327697297284,64.63013688775024,8.545279303939154,1,3,0
1627,30.207903594828384,37.48515431762627,79.33834208529422,109.24812936710433,0.41478392235146216,36.93406925321618,16.039595497310785,2,4,1
1628,47.48426159800704,61.460446723592895,100.0,220.07918305151762,0.264657384333265,45.86851538784868,148.75535716444045,2,6,0
1629,51.114498245773895,26.85797727185531,55.2245386066642,56.840514391658594,0.6538306587581002,20.699131306765675,63.380862720246,1,5,2
1630,71.88383036941897,40.50867455172441,81.00149822557863,202.00669429984595,0.0,44.3199656336961,54.62518096320041,1,7,0
1631,16.150707405703614,58.94661706372629,30.796392164498734,200.22116518375856,1.8504889976348977,51.42054592352247,98.21807195341657,1,10,2
1632,80.59100638921228,40.48571228465895,81.43032659231285,95.13444246492044,0.4280627769586802,34.72402657420949,67.78985008400306,2,6,0
1633,46.839842028420215,46.46045019183543,60.165442556383574,85.09237369000499,0.3979088969194673,14.897778589595873,105.00243138888726,3,8,2
1634,41.4623786010516,61.16278565472552,50.93955123492714,65.3967400667654,0.0,39.61348231172675,89.86399852816648,1,3,0
1635,29.75791249479665,56.32319125304842,50.99090896959674,96.58987348336655,0.5167624677144829,40.171838503855284,40.00022099531785,1,5,0
1636,16.902866562684615,54.00227594443103,60.15971044917475,29.664028372022102,1.4708719231912961,47.24075050744304,74.44011007193076,1,2,3
1637,66.46341167923829,44.91316581094942,79.56083289231339,96.18804913397013,1.225141346602424,60.10903035413434,122.13766606545522,1,6,3
1638,51.466359343768076,55.55091672903433,37.19591997011206,174.84401369254283,1.0981064257983892,36.19946349399693,102.09590201193127,2,6,1
1639,24.200782005178922,48.14400979850365,60.07211671080368,69.44574687616412,0.8824792661670902,31.437118763397194,95.90287588040843,3,1,4
1640,24.09842455872768,56.86708414888677,68.96320555002131,87.96378480054746,0.24902023070617318,28.330821986285567,196.86921205896923,1,5,0
1641,43.28430601419743,42.54601962323033,42.52401938670352,14.942976286637915,0.0,41.980786170315994,136.55187626927676,2,2,0
1642,83.38043050578786,47.26146538430688,100.0,118.70310440655217,0.3592728596933555,44.79354258818502,142.6220632410671,1,4,0
1643,44.8081729727279,35.15063311171979,48.66261299846646,113.2240842475687,0.33488997482642596,34.54344605637416,91.70157961025376,3,3,0
1644,19.937140937637878,49.474885849906464,53.26407715916274,103.18511798828854,1.2341561077698686,47.78682745725789,111.00725951756375,2,7,0
1645,45.085138718281115,37.83498704556733,45.542301254437554,89.15864748889283,0.7165733097218742,44.653840768191756,78.44500052371536,1,4,1
1646,44.54552860504659,33.2893032475701,100.0,85.36210406137727,1.6286180695324837,40.4323168964489,138.8774882762064,3,6,0
1647,0.0,53.87991721783082,83.82263071498704,125.0950116850336,1.338241978026722,30.975852792558747,94.48000479504783,1,9,0
1648,48.91410266964375,53.1910966378649,46.585199843908946,98.55916992056883,0.18045307334713306,35.18135684515277,111.11888744652782,2,4,0
1649,45.38130939582644,61.74310602422859,97.65578897149922,115.74859357776661,0.0,15.70244702317455,108.0305651077584,3,4,0
1650,63.92412729626837,43.53311645637351,75.01746735722196,110.7491408727274,1.4699026637590367,42.357870641980334,99.09165592972728,1,4,0
1651,86.9791218989069,56.120792702551334,76.43133552778754,156.1713643547881,1.4515696562615208,40.26341288747435,246.9094033577885,2,4,0
1652,72.53130059095514,58.26196358410495,61.38806978118868,133.84970486875272,0.0,41.88478991089487,66.66903612526387,3,5,4
1653,44.62222618890339,56.67160711747392,51.264600326075666,109.64309215750953,1.5564680138792504,45.043190155645604,66.21442349206538,3,9,0
1654,27.869481825166595,37.61519475796787,78.44415247636503,175.921101532609,0.7674820194147625,43.85821486432223,134.70483734058786,2,3,3
1655,100.0,52.24045223406783,56.37281925011024,121.01342645282807,0.6124798486879571,38.896168193539644,70.24155004624104,1,6,0
1656,51.184368680289765,55.46210444081992,100.0,165.24813443952092,1.630348277973129,40.486680431627526,85.42968193255534,2,4,0
1657,50.27858583825893,50.10767700361913,38.26772236892239,130.3471304193319,1.4412796212614305,25.956835833038305,45.67945233221909,2,6,0
1658,49.517498257799936,18.70283512443373,100.0,7.90404605342286,0.9559316663966426,34.16279354310574,124.57789597012935,2,3,1
1659,53.961695215357096,52.4073443596022,67.21702878005499,165.24173816596647,0.831251946068388,40.504710536834615,125.21286222420758,3,8,4
1660,47.11279176152115,83.18796559095864,77.47714335052764,106.75881206713345,0.9314760033712514,32.641464240876395,84.24039700382778,1,5,0
1661,38.526759862395274,44.59941096864526,90.82894416573586,97.4022614549611,0.2199597962822319,48.60150795872546,135.74083442400362,1,7,0
1662,39.062821175192155,39.07884353217018,54.243767624889095,114.06741737447885,0.46142898518737535,33.4136791904497,7.093749313320416,2,4,0
1663,49.34493459568003,55.600228395670975,91.60620961746591,82.75084190214663,0.0,42.16305411248317,64.65732992428282,3,4,0
1664,39.131504577324705,54.685673156998575,2.3114036154705673,111.35144301944726,0.26687215698275685,41.16565656815336,91.50104068945348,2,2,3
1665,35.74308434645671,67.89102748124621,52.00026166945152,70.40619668284538,0.24335628493174688,47.462775936104094,41.38587515485236,3,7,0
1666,52.12860455383794,31.131977661366683,46.89842981647337,163.7136129367185,0.05528624126483478,49.00791174028302,12.564348129063902,3,5,0
1667,44.900455651582895,60.97070378862489,38.66234969070596,94.32059431894749,0.5957225518539242,46.9403261096794,84.60520174807765,3,6,4
1668,80.07985977165377,58.85633091877195,64.62612904802623,80.87080786387833,0.27321340450959597,18.939937986168665,134.7010043530371,3,8,0
1669,0.0,47.867801945891806,79.64374920454237,53.753709214036306,0.8515643042463817,51.941481480131266,164.10541957132563,3,7,1
1670,71.83013703844924,55.08030976882535,87.56649996248265,113.43878945743208,0.0,55.27308224194598,72.63560583973135,3,4,1
1671,74.92170384995258,65.44186222397536,76.02191893001019,109.3553550062546,0.4206516441248902,35.17875715678531,136.6607918810797,2,4,0
1672,8.53219535183701,63.08473070042675,53.357663377661325,119.42123068387532,0.592086148124247,42.3664691267285,131.8271019037834,1,3,0
1673,43.146248118393025,32.85471031889407,79.22541094562918,48.63740562474356,0.2825595321141836,31.09168319869218,160.93040871672483,1,6,0
1674,42.57118268008417,62.30237280133227,73.10714237127127,19.94094005942135,0.3793251101335381,20.516214932678487,82.49044848229991,1,9,4
1675,21.849766105643575,49.029670924512224,93.4014041984004,131.279565125328,0.0,32.61284734457614,10.074975240766292,1,4,2
1676,34.443666248182495,51.09311147023273,89.4234175732879,174.23209309382537,0.7495339732686445,34.5986096053639,103.50929262113723,1,8,0
1677,27.788483090683425,51.097954865025415,70.76191034801572,48.68231888050519,0.9533241877969493,36.45149268648184,49.31031295151384,3,4,1
1678,85.04540886847246,47.7463551680261,47.56867484596858,179.4720641780849,0.8454761059426368,30.41085909994012,63.82474454689962,2,5,1
1679,68.71356786294922,67.87561245660598,53.67624610419798,114.19555293681904,1.227108941609528,32.665748331827615,84.93904279734087,1,1,0
1680,75.43110189988317,48.74423060226182,56.255266009049166,99.64685477245851,0.6410707240477513,39.889936783715925,83.05361843254286,2,3,0
1681,64.4334412808647,33.20680807425247,62.118341652093605,80.12256517271109,0.835076826455656,32.29773016889858,107.07796334478972,2,5,2
1682,27.418964575655416,44.09705216045407,76.70126068974383,30.77409902875017,0.6092635169197966,45.43524332550028,135.1578158209809,1,1,0
1683,39.509594674404525,52.68042075215713,87.87935975320146,149.38642579623,0.9812855037147459,46.81660651397439,81.61322083620168,3,6,3
1684,59.78749122455836,68.43822176445576,68.72203267461556,61.21968192811985,0.0,63.803877461644895,119.78487533040024,1,5,1
1685,25.55744382216109,59.0464202742325,70.40311969751181,61.009666213119985,0.0,51.256799321234624,100.74080049652527,2,6,0
1686,64.25996860344776,37.24197081879434,73.5826576250001,149.59631549434772,1.6108297599231638,42.43103058328414,146.77471979392226,1,5,3
1687,45.1934920368373,87.27784875018338,57.1023671716915,5.8508276664136645,0.0,33.797357033323216,90.57040744468416,2,4,0
1688,42.50358384900805,53.97162966466969,46.865193558926094,23.82010946659166,0.40187544912225925,42.937473516739985,96.05366621127222,3,4,3
1689,64.21919936406982,69.13086106998523,26.11405256723225,99.0932878245959,1.3205924717256476,43.26595959916356,81.27997760005466,1,3,0
1690,58.8852662297208,47.72428349634156,52.62126604807819,114.66422145024261,0.43471753412076475,34.866869109943394,91.88757300207523,3,5,1
1691,42.7806766836184,58.00038867058174,81.82863633169467,124.2367323984462,0.21649224998451178,47.83731396752878,60.82559358270629,1,5,2
1692,73.18659606728497,62.59202756777607,52.427214049010814,84.91007533018735,0.5905951737707102,26.01901985318125,55.87013569282433,2,3,0
1693,28.378733448002052,68.27292067631384,64.05482406435151,226.51848343208445,0.2528158739982874,37.55600164462489,138.78826926413626,3,5,0
1694,62.318712138885274,65.86052458067337,81.66078218530792,88.6053720617083,0.5215946449298574,45.55858459317407,45.839915840769926,3,6,0
1695,61.862025159367676,63.08295500109467,83.01723741056672,88.4606923948639,0.02163327443590929,37.12415852407903,84.04409551510483,1,8,0
1696,43.809071213720195,45.27369903208837,43.01167869584903,60.150666559306124,1.276072093969007,37.93245596570729,150.76713931354982,1,7,0
1697,56.52266044484236,41.42380937065908,94.92648391134104,106.19534082605355,1.4962854447459626,38.622141388077196,82.36496024981965,2,4,4
1698,24.97772847229394,54.989112654862964,98.18375223388713,130.74806160233874,0.40662677452186424,31.643987593122546,141.43702268427876,1,4,2
1699,68.48054038413802,63.99692108511604,41.753753569536,160.17890272667302,0.0,51.73900931574208,70.44771396365792,2,1,0
1700,46.30195727114022,46.6591894883509,49.40407825897115,25.535786777989102,0.1333097807806234,29.81962328077185,47.441819682490305,2,4,1
1701,39.54553958961921,65.9775794857158,99.77726707865479,87.70023308221496,0.37120793792792506,43.18159327409885,20.258707254958964,2,4,0
1702,70.98018451673778,71.78925118229269,66.32866196861748,122.3351805404572,0.8538772138322457,44.13647898282373,165.63620346363308,1,7,3
1703,35.91312618914482,36.2551862138987,14.505551313703727,129.35287672972677,0.0,30.51378098791033,43.15644091827922,2,4,0
1704,21.830774072728808,37.4461894430558,35.007962381682844,100.32743289022696,0.0,40.73104254380743,137.35932950625465,3,6,0
1705,18.867416529521925,47.894374116419954,63.76575937068797,127.12119847660509,0.8574732965011651,30.90367827255298,50.002648660330884,2,4,0
1706,62.12019902691279,54.614190022837946,40.923933742884955,59.55180535370998,1.1572361824276904,53.91042475055946,165.86919589699107,2,5,4
1707,24.39141295007434,42.131494793494234,59.664405734088966,177.89527161591784,0.06488416838052108,28.61217063023787,210.339136230755,1,3,0
1708,85.09588363968729,70.28304018300716,70.80990534208946,149.63140514897148,0.0,33.461029057680356,15.673497015483164,1,3,0
1709,8.361411842325559,56.36100292277677,100.0,32.75361064674138,2.7988827409015187,27.757749916444194,45.76217829205931,1,4,0
1710,83.92912736580077,50.59170572361109,62.73865209430527,46.244847594162216,1.0483129659620993,26.42301273132448,138.65659319016123,2,8,0
1711,54.220349344052366,28.461357141972087,96.81354498931897,47.65391249465469,0.31309736676307787,55.91215290882293,125.65214616829074,1,6,0
1712,48.06573776259215,30.262762753587392,100.0,133.89849854482642,1.1083218928715879,45.427746739125624,138.8460927380096,2,5,1
1713,39.10161826382101,54.2151387542271,100.0,35.76361167912664,0.4128803591999045,41.40293425700544,71.3122224797812,2,7,0
1714,57.98272228704142,18.011065607677455,77.11886483463921,83.44878328959597,1.1070098223701303,33.434230366530784,199.37670805116838,2,8,0
1715,49.24730595150303,65.18956114466107,20.917771304025642,122.73521982083872,0.6115752384433555,49.07611811046768,105.90247333448872,1,4,0
1716,72.06603764033042,47.627692334415194,81.52062163509663,96.69170327267827,0.5638903287173013,31.75777560632547,39.15187115782401,2,7,0
1717,52.28455297324079,98.64639454392099,96.20999719533853,112.94437578563529,0.420492692238448,47.93639294330103,87.34257499785275,2,4,0
1718,53.006035229237554,84.61874375924165,67.97332236411457,46.709864432562085,0.0,31.274887233943637,39.82165518855837,1,6,0
1719,42.72775575572288,47.27826396128725,100.0,129.74271866986223,1.8566664295751978,33.55492298124328,179.54706792770526,1,4,0
1720,48.861087525578654,48.40494496203028,91.49583903668645,69.33940537620018,0.0,47.58282386117921,66.98343685999419,2,6,0
1721,56.156035377841185,64.93372271003045,84.2068344288196,83.76901628010293,0.0,48.63827344155767,124.6241742372311,1,3,0
1722,15.796632146867488,75.54758914877057,97.15951778014595,111.8865863952993,0.3509980820705429,45.97472933896761,76.46634275089099,1,2,0
1723,23.03629155788574,25.42956413845975,78.33424628152196,105.15391107654241,0.0,29.503258842432054,69.23063451187434,1,4,0
1724,64.8652818804543,23.204368019679702,7.679737515116166,101.19900095077965,0.4638010466078103,35.53273134277171,4.48729093594747,1,7,1
1725,53.41730876255884,40.66947791668428,57.52152621324086,62.468658901162215,0.981434693993238,41.568987411985134,129.90873014952837,3,6,1
1726,46.320333272946414,58.74106374760797,99.92920068119633,85.02252944004039,1.1967120303704561,31.507190380899083,164.95906263145918,2,10,0
1727,50.36867866130786,57.453103857613954,49.8102164975426,100.1091795418518,1.070311505135177,53.70962760129293,54.20162093174242,2,5,0
1728,56.95163410723342,66.04657182475775,64.41318736907652,31.24573834164576,0.28605756165002383,15.980530560494543,22.73854425006644,3,5,0
1729,39.204806393812774,32.00453707452038,43.87909215242322,76.87335168433106,0.5347142793631101,32.21260484630847,140.16580213689144,2,6,4
1730,34.433905491953745,15.257842055466853,100.0,119.38399395164232,0.7855153356282436,34.90433497130168,17.687932544687442,2,6,0
1731,53.91690510195363,62.87021292953218,100.0,36.12816980773287,0.0,11.560563352282323,160.97664679741294,1,2,0
1732,30.43254444769936,37.57705590552148,47.90327762148176,157.82908257971198,0.8994092900839017,26.03770869763809,54.78024385226898,2,3,0
1733,58.16505511428944,19.722682034170433,73.6824500097271,163.48066312999214,0.0,46.252895125420686,44.835362858768676,1,5,0
1734,15.94832791524319,52.175956189390725,52.98764880589881,37.74247120199572,1.9282426192345423,40.302836365529636,112.42312105656458,2,4,0
1735,70.58311274651288,61.897635323280156,85.37361597578445,167.88098165250696,0.2168394407508133,55.731360220429025,48.093035749428125,1,10,3
1736,59.451949648260864,48.16914301818084,82.74207693105822,92.82092056439328,0.3705873759637861,55.45226445884819,64.64444593533953,1,4,0
1737,55.120594686277514,43.13227420726266,90.29263929033164,120.92572795785274,0.0,44.330463786039466,117.69909663355033,1,6,0
1738,69.65381967891028,47.6095665178114,78.29796119269719,75.16744739358766,0.059020977701017274,43.13238249000712,0.0,1,5,4
1739,83.30948888925153,44.44125856398826,100.0,146.1522413613381,2.091865498400268,40.65931108578901,182.1209622964161,3,9,0
1740,70.2874013003626,29.779293320897494,44.30190587473153,120.30470094243336,1.1582587820363082,13.4491798212051,102.1820066232869,1,5,0
1741,13.182515373367096,39.279789845143526,27.234916139087147,59.29233717011982,0.0,26.054404866739247,35.3516993798236,3,10,0
1742,24.40846066528597,57.81919857520722,60.17274498246346,41.73990000173558,1.5529490304796607,41.00675503098934,49.13773153565793,2,8,0
1743,37.503628446086424,54.8251781206475,30.800293360993315,26.984878239538872,1.3352695925990021,46.160257087476715,149.5823189130401,2,6,2
1744,50.521821004216676,52.520897089502306,32.68844324985018,109.39708882163782,0.3031512763981981,42.896698121381405,130.05264675370518,1,6,0
1745,60.35318040938246,35.07277277219931,44.96713364505082,128.62357058898678,0.7146878594208863,31.075350322843423,169.33903286426056,3,4,2
1746,35.48512373693069,47.27745256796499,46.94527736420932,132.54828393897208,0.48953914440524804,49.37406282469496,65.86285775978826,1,5,2
1747,53.73533528954157,17.34402430335718,46.134547451248494,94.10094526963111,1.8808059331128526,54.824440287546366,114.82919185754014,2,2,0
1748,34.89234135293355,52.67714995828084,82.9554737611353,42.150177216781806,0.0,49.3798960029134,121.32839558918388,2,3,0
1749,37.76964394016103,71.4328656172035,57.345273472866594,65.89626009881084,0.6022074268430089,49.89599329590471,134.76337501261185,2,7,0
1750,21.866778063035554,27.888018019368413,65.51213562818799,157.61743194809628,0.20029826830503672,34.40774202044789,156.36405617160347,1,4,3
1751,31.535335077781916,41.21108490023367,92.35581936252336,75.76857176999593,0.0,50.759341227007994,64.13680470778263,2,6,0
1752,22.966307887673327,54.93660168065195,50.841936880464345,107.1708815340738,2.034146778538491,41.45758639327657,94.29148661197597,3,4,0
1753,30.482534940453345,68.79263951641225,63.38635253238195,46.217475821255626,0.0,45.11555528522005,69.49251272099275,3,4,3
1754,71.07283593215679,43.276630755497756,79.14399965232289,116.82915227295175,0.6540904312414431,43.654318428247095,97.36940633218121,3,4,0
1755,31.01202222336114,39.616245061011554,21.460804984494466,77.1157719160461,0.0,38.785128945595886,134.92163910314878,1,7,0
1756,100.0,20.466152863758754,10.377362276235438,152.3356356887882,0.22065062252983475,31.399975248776983,17.298224986964883,1,5,0
1757,59.866358017617785,51.551571939621596,78.65293321994307,138.67788531034068,0.7953781750034202,39.178633364459536,155.46857847296428,1,5,0
1758,53.69672247389748,80.63114060215617,82.30035701417246,75.21470267125501,0.0,49.86761617482823,43.04089378681252,3,7,0
1759,32.832844396375734,54.16037692947014,100.0,93.66679863261683,0.9107612955149584,35.5852419468709,84.63148401513843,1,2,3
1760,64.00619758817983,49.6658153122443,73.95237189667024,72.44418799796856,0.3116712356783423,48.93347262608146,162.19709624830622,2,6,0
1761,38.487243475244526,54.83123466150478,90.49349293145237,29.02834017274951,1.3120577586790292,47.37070670617672,116.40048589917026,3,6,0
1762,52.44019629290723,49.833619940770966,65.11318391035066,57.12787852263917,1.4532326393381563,37.0106260298017,116.976497413183,2,5,0
1763,100.0,37.80478441609805,77.43068053962716,109.91086638604101,0.08927866748899183,53.88800103619577,40.96869773524446,2,5,2
1764,48.078802005507,62.34919873516558,100.0,116.26297491147909,0.5537130015750698,36.44453328809294,47.79570320880796,1,4,2
1765,72.98546652571352,53.38642284667632,16.900179546859114,107.42739517963194,0.6284179585305629,55.09546862612632,147.06281983344593,2,4,0
1766,35.93647149748225,50.26419877900486,80.34040643929201,84.91334730206822,0.9335445068042889,44.341269815409724,70.54282272578051,3,6,0
1767,49.300230190060766,35.369509590826254,100.0,146.65333028604925,0.510067397370986,39.84134081546487,75.25440633500753,2,5,2
1768,85.4160127127102,69.55261897902139,77.05085548023357,103.17709522804687,0.6331476715399895,31.12198619662346,148.19756255273558,1,2,0
1769,37.46065884424465,59.97054117999665,100.0,135.16269140479736,0.3296154676434163,39.11739769864959,47.50432273152363,1,2,0
1770,86.24897115993858,41.70618743949047,54.26969626176394,11.311243389874065,0.5806679068804128,37.962404865055795,113.4617566443129,1,3,0
1771,64.1550387091095,65.02737280522906,69.19881264590717,1.0,1.4085581354745926,27.417036147490947,102.14536630838457,2,4,0
1772,38.750664482114644,42.536437424221894,70.83811755971469,114.189401391904,0.952258268848298,37.823845772823326,99.8657137068379,1,5,0
1773,62.64815478111042,38.26994761233445,14.560223016030733,28.76171731392553,0.9908789476103583,31.961968199029144,74.0782184061248,2,6,3
1774,69.4510889925346,38.604453237795695,40.79555430374499,89.3774148643472,1.0061492268949048,45.85991768978782,71.00724092683359,2,9,0
1775,62.436199244343925,23.433971703678633,42.57812301540035,84.89514794876972,0.39233385548327515,53.06280475728203,46.08179181025673,2,3,0
1776,18.595505602190872,57.073135706273085,90.55165195081318,179.37003012077685,0.7231789305056713,27.730843237047594,124.13325130206533,1,5,0
1777,35.45725648350263,22.532826824924747,91.80382764210137,119.99982764718033,0.0,57.123077283669225,66.59254042416319,2,3,0
1778,45.0496272889699,31.573342531013562,78.10091106766333,108.29295133993364,1.38816535942187,38.7144896561487,148.43723105836256,2,4,0
1779,48.511331417999074,18.866179863822,90.60257242139264,141.8495577316837,0.0,30.24978615061486,88.77224792046735,1,3,0
1780,62.41344195101356,48.7089546081366,65.89626468195566,118.42487934195194,0.4389961253652024,47.57754780208183,47.077475528948106,3,9,0
1781,53.55402001866508,47.74519309592192,100.0,77.11615035057835,1.298627184005192,35.53545521744952,88.10930589257896,1,6,0
1782,23.293112825797976,45.09955680220454,70.21971106580179,153.573796512728,0.0,39.18263323968506,79.45714004317628,2,1,0
1783,57.60395702011927,34.36133457994136,71.44660118566891,44.512493605586286,0.7798459423317958,35.95721755787921,150.45517058640263,1,5,4
1784,62.21171490567646,32.416493698450395,63.360184168439716,116.16235937667811,0.023463487394681237,31.832620681351,81.54999053742338,2,6,0
1785,61.195808958620795,56.96554795319861,87.1112619409107,22.621510293184443,0.24183771436779194,47.23997032401904,86.18948093998371,2,6,2
1786,71.61561451109243,41.74172102437268,59.47002958467717,110.19719287579976,1.1621586724476063,37.13698597105813,170.57733527462176,1,4,0
1787,66.67844309097808,54.74537482304217,94.4107844299517,109.64948208864648,0.6386398481196052,25.633482078207543,125.41336607316745,2,4,0
1788,59.183601584568734,36.72126970813666,41.69627148209983,183.82274809573312,0.0,45.510601242159325,183.13530080017483,2,3,0
1789,48.59668577082706,52.71594114156623,42.527093631795154,21.751305327911027,0.0,27.944176489762448,162.95225020319526,2,2,0
1790,16.780781329680174,69.54917055974096,87.1856688781626,69.95564120730937,1.1827350144221316,28.46739827324741,55.64187058185727,1,3,0
1791,58.592364382651716,58.79248700589175,67.78639463542468,141.13412132870718,0.8142599027350983,51.926062049773165,149.49754272000538,1,4,0
1792,54.15375374326222,43.813792726752794,58.65271459617179,116.76586281986539,1.723694900766999,28.03660100789788,176.26516460372957,2,5,0
1793,55.43157674390747,53.85798455533891,92.25144331188649,109.01525256687515,1.677853315809308,16.835551430725097,176.640656616171,1,5,0
1794,24.465028483593812,46.3900223820468,54.81846464784789,52.19321485207304,0.2604284088972457,46.22861484961496,149.40479917883437,2,2,1
1795,28.378869191834752,50.11820277042092,64.99496864249076,70.45908259542854,2.252266463548642,36.9613657051887,148.37614974545878,1,2,0
1796,71.06305706665808,45.115834217772445,100.0,162.25205041116283,0.5171357688963375,37.82344878861883,84.8669478162225,1,4,0
1797,49.2088969228669,47.53497191171913,100.0,97.4245403123036,0.0,36.854996066498,58.130895782521264,3,5,3
1798,63.63001394745249,53.18140029611263,100.0,118.76798480722367,0.05645209386259592,42.31669939018727,82.38913405512716,2,6,0
1799,50.56636752260923,35.09961950627074,62.94685557665222,94.24058356117605,0.0,32.47280758096932,16.760549928361854,2,6,1
1800,50.5951227899149,34.761817595150326,100.0,40.84572423751174,1.6249133057744967,54.76114874565764,167.13976577108525,3,6,4
1801,68.76567611951995,29.171861692531834,46.276179305783046,146.69052130374985,1.6163333923307044,25.237695196906017,85.8353520291144,2,4,0
1802,39.679105435652524,25.995933432444353,47.32742813194848,125.16161922662482,0.0,44.44874916677123,164.56653645324798,2,9,0
1803,51.92241553881967,31.74075961669281,11.238603684390974,215.28184186835946,0.34048099813266586,46.421210038765835,38.42502113892002,3,2,4
1804,40.75449422589915,52.39193760206194,100.0,49.22093101747274,0.5669252808788043,32.40348239166622,154.13124605011052,2,5,0
1805,41.31007545135369,36.60818726762174,48.400503773098045,141.12864606002404,0.0,29.76265554722182,75.25596709103402,2,8,0
1806,43.816557530627215,57.70421696346644,66.8366855063235,34.42280169814994,0.0,50.171742141701564,35.78152958454129,2,6,0
1807,54.44267543267426,50.52070623128843,47.2418914517929,107.86732838365388,0.35274967735616175,30.09139245983285,181.3559026079879,3,3,0
1808,40.42502756673045,20.472436798429193,87.37913120825351,148.82532945315822,0.27524439937852724,33.93336059249433,155.36558346703873,1,5,4
1809,75.11512251147042,59.824633763325345,60.6091584820665,1.0,0.2281121313078574,48.87308962459746,110.58962100928922,1,5,0
1810,32.107853955609926,62.16197968387565,37.37957773917627,89.75337628791961,0.6559012438206753,40.347412335390246,101.69689425674815,1,6,0
1811,46.26256711677282,35.0920598774772,81.04156410465151,71.83951329786899,1.5006637609681945,22.028563323708955,121.97550094095591,1,9,0
1812,41.2053788345165,56.302873143424875,34.15674937974429,64.90213508524391,0.28783509621579173,57.47059144553514,109.73142889587055,1,8,0
1813,78.93955768707465,37.15252643886201,49.06485686711272,119.26063261296771,0.6193100991049539,34.69989241220034,60.386202291426436,3,1,0
1814,53.931095530231495,51.46505565122503,17.32777213434798,156.03428532112977,1.0088093666214553,35.972427100935825,79.3973865107539,2,7,4
1815,70.6368907893727,31.032523895675517,34.40104719505983,93.33606423854222,0.8879000485589241,42.55784252326365,198.03589160193513,1,4,3
1816,20.288792539260562,23.103403211981348,74.46322924301195,110.274321378001,0.06990353288651063,46.25076797004073,233.6078371314007,2,3,0
1817,55.341005317385175,44.257742155805474,20.886599047426884,105.7154376529624,0.5674639861798251,59.61104291291467,178.13342526153417,2,5,0
1818,67.79261591246873,48.14406580587746,32.97135688445711,100.09017531782071,0.8832778741183374,23.399318505943036,123.91119700813117,2,5,0
1819,51.645679785508484,44.03480459578094,69.9407770966798,45.53286811439469,0.0,48.259522089259455,83.11254836490325,1,4,0
1820,71.30960750130703,32.239541626661605,56.40982759767368,155.42223008614465,1.3844773075575556,47.43009694050077,60.0907053051517,3,6,0
1821,39.654230997992556,44.00151406803295,100.0,114.7597684079418,1.5021122336498778,38.62835089125883,63.385879478489876,1,9,2
1822,78.1869488037116,54.03942128871101,100.0,119.74407450012887,0.0,47.87273694816222,72.33661706566197,1,8,0
1823,95.977962472385,49.326604548161946,48.30193843122116,59.67451854872089,0.6355690128437181,49.34274017636547,207.55820207128846,1,3,2
1824,42.74322879120682,52.7375154589882,83.92844046008705,77.03898010053797,0.9495947796697222,26.180372150129955,190.31411481912994,2,3,0
1825,41.08994957198456,39.94827199318651,88.73206392198628,91.19329011446108,0.11807009056987317,57.4976650588083,137.3139194967697,2,5,4
1826,79.06768954235402,67.57576872074239,55.06302854938991,23.293765327557423,0.8371296919816661,24.412377468618583,51.96934117935869,1,8,0
1827,81.59144291461425,32.35739995167829,32.6114615875449,15.598283740116088,0.6142789384045158,28.64683718761227,144.6527963355518,1,6,3
1828,39.54279945693463,57.31340445630078,69.69253876729856,69.9626034680716,0.0,37.382123263759034,88.06914857446974,2,6,1
1829,41.596263658082854,67.72836639439942,65.67885812964722,126.1260383221195,0.8214129211849907,59.24940513187056,0.0,2,7,4
1830,44.364307822789854,57.21362139123343,59.10588757573452,67.34313050350295,0.0,36.917433702466134,114.35503187006297,1,4,2
1831,23.11098977931446,46.96213659402755,81.05792170411213,49.059740120464326,1.157441996163433,39.68066109949189,57.90434795829724,3,7,2
1832,31.626961070316035,42.07554430005531,51.231759824860035,59.26571733811649,0.030152247406277866,54.320786039045636,59.597328545498144,3,10,0
1833,29.917184664958643,65.54131476569384,41.20006131052142,77.23287884273437,0.38710019643719845,36.99681857434527,87.47960032159962,1,3,0
1834,34.64404869791743,28.655376121074905,72.7270742587458,82.30705185899481,1.4605952394126023,28.21563287069324,75.08385135287935,2,7,0
1835,49.30630225226437,35.44813609430535,79.6492523142219,208.27607261032784,0.8474671525701916,35.827651647616854,98.2871590447996,1,3,0
1836,54.684294650730415,44.03663351762418,40.583876402498674,152.7310314243659,0.0,53.70791833805777,95.88347249913974,2,5,2
1837,81.01000985628154,68.56480636267997,93.20226527477703,151.2387056140864,0.0,40.70864997055136,6.209545357618424,2,1,0
1838,30.03291918522418,55.69651454061344,25.73797155559805,158.42901821366905,0.0804880479633922,59.3065825905626,176.01389944414166,1,6,0
1839,69.68644796953167,35.47931362234632,55.54716353210892,50.058956533297525,0.7762508583496662,47.37934926262155,50.83116385256601,2,2,0
1840,45.72022311548982,45.34538441922645,63.54978659505977,38.881769250638044,0.7508098704529377,33.551910636065166,52.38008074347635,3,3,0
1841,49.01072580695134,40.78515283855558,54.094407183701755,44.65648542329716,0.0,40.51076304465079,83.57233741048512,1,2,0
1842,63.496389843332075,39.353165116496974,55.87348816122019,166.7253066668919,0.0,31.467818818581204,94.58325763153529,1,5,0
1843,27.54555956875403,64.68334337835168,100.0,72.64041055587545,0.697108383560084,33.3156696935123,172.94899084159195,1,3,0
1844,57.64819492368101,29.423853061047417,48.72789777402753,37.432190888035656,0.37269795394688665,84.79084251025756,113.47117260274506,2,5,0
1845,53.32904416426112,74.1317128360156,100.0,78.45018998900935,2.010051121213416,50.18624510033811,128.3232742054767,2,2,0
1846,59.849025280162984,62.42344535276934,80.9281694932763,88.06972341426862,0.5256225595941553,48.61097989006673,113.72680937916408,2,4,4
1847,55.783372878156364,66.36292505905547,72.3013784327998,113.42066368472811,1.7699769793901923,33.76819684691936,111.57307912493864,2,6,4
1848,99.10600279821789,43.05590731962113,81.90600883469165,112.54755103560215,0.0,55.69584066281079,115.48647515435043,2,6,0
1849,37.24520031497368,47.75088921381336,100.0,58.590971806324596,0.0,50.99415601792937,3.363292871553071,2,5,0
1850,39.380060899963645,28.50272278212932,45.1601749017138,134.28281962568553,0.0,58.81621289357771,87.50407575802356,2,1,0
1851,37.53718947150471,42.130063893997956,41.989552026590275,68.04032331249209,1.3323908470174264,58.331141483984496,158.11305552855788,2,5,4
1852,38.890457616794905,57.40482271464727,51.12834508570198,92.18618316474785,1.7292711127854736,25.20910711902478,297.1165505403343,3,7,0
1853,37.252257453869646,69.44094592672094,70.80357867411402,134.33870352516774,0.0,28.901605107300927,39.7845533730245,1,7,1
1854,73.78033062215104,33.392647747963224,26.855721879685667,67.90892980278292,0.17760377916830972,29.962121845363637,121.15399801621764,1,4,3
1855,78.4100849597971,44.517410945221016,70.5584809829652,71.53242882094312,0.0,30.560593566675628,71.44767110628291,1,2,4
1856,38.58507412501048,47.73051169651217,100.0,129.58340248465655,0.0,43.234523642603904,202.38259519484248,3,4,3
1857,33.352888537915426,29.063161967112723,73.78518476561943,57.11334116974903,1.0028881884436407,34.33196547904183,32.310861960425925,2,4,2
1858,59.42831112772808,58.87023862637601,62.682863525618075,80.76039881979646,0.6561142120735142,60.72598540762519,131.246974515794,1,6,3
1859,38.95553911438057,39.14014502386087,54.54598878290932,127.78710890214462,0.5073415878717128,59.04679882081638,29.639445024790504,3,4,3
1860,62.65863635511022,47.06914473234464,92.4627926137891,202.70462207179875,0.0,39.9353840592096,84.07166659695838,3,3,0
1861,54.058460417026,43.22075942132184,49.35418066904881,130.27022523813733,1.6479696772800623,59.5532621614979,98.28433346250955,3,2,4
1862,19.68511770005536,38.159922414204885,100.0,123.63198814950059,0.14765028336536884,54.88134627240202,153.4845840869804,1,4,2
1863,80.95010402660122,49.89432521779168,100.0,126.54007918363648,0.873538497371533,35.49293440822741,46.141658692073605,3,8,0
1864,85.91755346191044,46.76585632147967,76.41876996654469,46.34048629664753,0.0,19.907846559744385,133.16915244236927,1,7,0
1865,37.744226190312276,44.42213176582002,69.71212279808387,105.7798369339954,0.3666323672659738,37.820316150392706,100.93888616939735,1,5,1
1866,42.24596880128032,39.07307567479486,95.76649520603898,98.51167558317991,0.7039621193670087,33.55377868921527,113.63966931429898,1,10,0
1867,55.7173078144981,54.79287006174433,97.36996255568313,116.07922701863781,0.7289526526373153,42.0650562514583,147.91663573425706,2,8,3
1868,56.6891357997405,74.80425902738428,49.85020672351462,105.82540262379354,0.6082539802656376,40.89228286874749,35.872165349735624,1,6,0
1869,63.170885453456606,52.09830849258691,56.83612167158245,118.98498387085561,0.8461657444341408,40.630176588992285,140.52974865742962,2,4,4
1870,90.20409077532699,64.94177322366693,36.94131413291761,84.42664025503993,0.0,45.236847413791644,71.55475734552877,3,8,0
1871,46.46105545011901,29.14667112269806,80.22662345835143,102.93044586858963,0.6381608238077621,27.874780529163214,154.7936727488413,1,2,0
1872,34.03405510923093,52.36642158940654,86.66569708642227,38.608571697150396,0.5796303784361941,44.113602775697075,116.727881726894,1,6,3
1873,22.413615439709456,33.539475215434,36.25185905346817,84.00463609985431,0.6621708789365426,35.60383846982994,89.52358092414723,1,2,0
1874,35.38139920116162,27.846126087021478,58.620027379596024,169.5416774088322,0.5506416521234272,41.99982199863687,70.49870154545893,3,10,3
1875,49.337460542524056,38.909428888114455,36.31865206046627,115.9404169814128,0.0,49.5740984523219,141.16474971776654,1,6,0
1876,85.89115727035576,67.87849001620359,47.53000474390406,98.95394813084616,0.0,27.756002267789704,163.04758427404636,2,9,4
1877,39.64777401927657,64.25023743004468,83.77542650565749,194.80616381271733,0.0,37.187063473304306,73.35742295699077,1,3,0
1878,54.47575903277797,53.645070830815996,51.66294833304302,31.958251084946042,1.0722741568917082,38.81465765971136,43.349671710930146,3,8,0
1879,49.67154207854496,27.00949160165104,62.479351099192534,44.52722222768901,1.0793602568146392,34.85731028429359,134.71055214726127,1,5,4
1880,73.76786546896167,47.05579022918095,29.317206801317113,185.63557056381364,1.0904852038554842,48.99829496132957,27.573452898314983,2,9,0
1881,100.0,54.52550013352603,74.6747552431166,102.29804680244669,0.7147529737230163,32.796116411995285,34.72437812085141,2,9,4
1882,39.382624541593586,52.63304344367897,68.89316700388378,87.87084818551031,0.0,34.44599600557661,46.864986223605044,3,5,3
1883,40.21121114963556,22.343096247788814,51.776018749170944,40.03978374521784,0.0,32.90080867047936,79.22747584806253,1,5,0
1884,70.88321754138144,36.64523227970192,65.27464255793815,122.38481331975059,0.6192907923151784,50.92055411438802,33.18340553922775,2,4,0
1885,63.637829792526226,49.03883353776925,74.5073720125861,127.22299347637312,0.5948626019542568,35.07555887587783,3.0600045309211055,1,15,0
1886,86.93414651472068,58.04436364275785,49.6282962772664,45.275281958255185,0.34407625079358517,44.60045390883556,43.22779028314384,3,5,0
1887,61.67856370651928,17.058082683500807,33.093436399955515,92.98622072247858,0.7582420420357727,59.75705101230074,132.12372232863095,2,4,0
1888,42.81415818425881,47.56814036780212,100.0,83.22420839834669,0.5081561953796719,39.25181579649415,36.42279639366164,2,5,0
1889,61.813096613846184,52.14573154818429,54.16818238224319,112.79885732093855,0.5845393258859531,51.12060680033157,82.9865161022915,2,6,4
1890,72.17407161165815,62.744179827743196,67.58099742032776,44.03748788896781,0.05265426701758874,56.71354084093128,197.33492311827808,1,6,0
1891,66.40964362394729,60.39286376356155,95.27099337550784,162.59737272565786,1.187407690285113,50.27191560040414,97.54129349864547,1,5,0
1892,60.14548062214595,58.738569782132075,100.0,145.7911890798802,0.19845987392373116,39.8319868402226,117.12654948647966,2,5,0
1893,71.33349379178307,38.000892399470985,38.88783875277836,81.8412220633592,0.0,46.42107758998613,52.697999087422346,3,5,0
1894,73.38591180891345,21.379967943150387,81.24568034316275,89.17906441808144,0.0,27.126214068646547,208.17374268500708,1,6,2
1895,77.64317982075055,44.10420864407899,52.31119286764734,93.1788924861192,0.2560736660466138,32.19956841850048,72.93527554307856,3,3,0
1896,62.97419775179286,65.0244773781284,56.53024238558223,61.08457234967483,1.1958019518581926,33.95324818368081,88.59476577742417,1,6,4
1897,46.657638393662914,70.90181791286648,51.994699474830256,77.82852908824822,0.47041240109564486,62.40612120174282,165.85293389836824,3,3,1
1898,52.934273728666454,60.65823653446678,41.85862580498538,86.48648161626954,0.36969624672404566,31.87415485744733,90.91328775731905,1,5,0
1899,74.13017933016714,56.44011234202601,68.96771595538347,180.6434185353564,0.0,31.725232487381703,102.39443913376074,1,2,2
1900,33.66128658025528,55.694594725789486,33.13743282379411,147.33091541652183,1.0498378128807033,29.560790197510165,85.91558396054351,2,6,3
1901,57.37346617745803,41.658218798588294,93.67018916279676,146.73273536683118,0.04363349218363005,45.59811761930761,86.25838109713864,2,7,3
1902,42.13322375345279,48.0490955966957,71.37507340083437,118.49628065021952,0.42998049874106486,41.42621392668883,118.52510054140458,2,3,0
1903,50.57489645869635,75.03604288739497,80.560874322536,44.13364955343827,1.5361281538173053,50.86758977026565,127.64715945990528,2,4,0
1904,75.56903725214598,35.86162991312186,58.345284701344426,97.92544477113104,0.8561343317345131,46.71259666077354,67.83757843937164,2,7,0
1905,53.82198136039807,74.22168186064778,60.81990164470629,148.524422980669,0.0,26.196101532759325,61.695977192653515,1,5,0
1906,50.92873096312297,45.16957768261912,77.18909762918321,37.086768531635606,0.0,31.927222299896293,69.54319555712183,1,3,0
1907,22.802877180401616,69.88148163642617,40.898734189854366,131.8276603436632,0.45498268491652777,53.653287482758216,29.937299290011595,1,5,2
1908,64.92507132054442,28.897774857536927,61.0502391396666,216.1304612631383,0.0,37.96701755423195,20.47848707403513,2,5,0
1909,62.909683622821504,58.78856301746974,48.50966215303865,153.09083229948658,0.9539827233430984,51.87591818018013,114.85835736124538,2,4,0
1910,93.2650944661092,38.94844796078567,47.73577973522464,170.70145677809938,0.5295841454754854,38.50319052084683,146.9297901587556,2,2,0
1911,43.844435300939985,28.770992121137187,17.254043984358965,110.91693752210803,0.6157693383167041,30.323435717114787,143.55226465726088,2,7,0
1912,54.383006553278776,53.27801063616418,100.0,148.3965974382495,0.005279772850352915,36.967392223332936,0.0,1,6,0
1913,54.9876736742151,65.14207682893954,52.83653117115578,64.10733928229823,1.718968558700694,30.31950204450304,87.74674564783696,2,3,2
1914,81.5490655952695,37.325878421097556,99.08440137908875,139.79319061706133,2.489815609607321,34.34447237597576,44.89540222037205,1,1,4
1915,48.09408935226096,27.51476059312398,96.71980803485731,132.71940670303815,0.3049906933702997,42.00925706565246,107.18687189104284,2,4,0
1916,55.58043051540678,48.62232853497567,37.85000733708766,114.49555870188314,0.7471274738905007,45.11605090369021,79.10882405953095,1,8,0
1917,62.15793019433079,48.68847006834228,42.78971910817886,165.80037098592493,0.5681921401450188,24.09808676745702,129.59559531222942,2,11,3
1918,53.73218246312716,58.22479441331748,100.0,73.06075810763056,0.31821919559125195,39.826319924909015,99.04234547993293,2,3,0
1919,41.071327708989436,64.24391857046733,100.0,90.64712417631686,0.0,34.13384264440248,5.199905254105545,2,3,0
1920,53.88179985796615,49.10877228091259,69.2120371667974,104.77310206791483,0.0,33.515851910411875,51.64570636002297,2,7,0
1921,71.47263499719544,77.83254972191395,76.43432766043374,48.519451445529974,0.0,41.326846191330766,100.28925574133268,1,7,0
1922,29.469694011778795,53.36352116802938,54.22883992632028,111.34659719001239,0.7836680178844018,34.49548127310788,104.50552146155431,1,3,2
1923,52.65939348293752,44.803602409896506,80.8088178550085,14.053479352307647,0.13622786525745528,53.82137994846674,29.716159614799906,2,7,4
1924,35.997583701216534,25.826489613457582,52.07045248193822,152.34772672141045,0.0,51.8806187625106,23.177014822693906,3,2,0
1925,73.90093257849685,46.06010719525749,19.191155892540387,102.33186832829828,0.8114007544188256,51.8182829394204,102.81226687865895,1,6,0
1926,19.536261904324505,44.95419581883296,36.96110533722373,73.95535480481183,0.4732171022750909,35.05089804509698,29.81663469747363,1,6,0
1927,38.82156305456823,64.40457194422206,70.52731869626469,58.281319385243926,1.4426711009808022,30.375011650806776,16.568528674960717,2,11,0
1928,57.54423750129042,56.937254361002815,41.723319112435306,88.27104851904062,0.7611856779637065,40.820299293881156,77.74297436843291,2,2,4
1929,81.31048058468681,32.30946317551074,68.31806337716164,134.41298553862066,0.0,38.49651633713733,75.57769543306745,2,3,0
1930,48.68499477854024,52.58381579616556,43.133474014178425,127.38694893687803,0.0,33.91176837576635,56.07997613303494,3,6,0
1931,38.896009466136036,60.0729675759358,50.44115193745016,64.72310263607696,0.0,28.242655533330385,64.81315216375185,2,5,0
1932,87.6231413888118,72.92047039081748,91.32913266032979,57.698016368618276,0.06242480551444318,39.58482030731928,100.69178616111974,1,2,0
1933,21.03972199167512,63.31255951121089,76.18701369100262,132.84493531598235,1.1602114407001167,35.95930549747527,63.99185481600904,1,4,0
1934,6.023880867598365,61.412699814672166,69.75838946716632,63.88262976924853,0.4937903473972986,46.883470370380195,103.53485108324197,2,5,0
1935,58.800289001066645,50.90128991922745,91.97409932676628,102.99548870397518,1.2935819486689561,46.651060515214795,80.97657319413328,2,7,2
1936,39.958915512947776,55.824680081351744,82.01521483368369,106.18773212621386,0.0,51.00799805422717,108.38250776933279,1,1,0
1937,29.575343657385737,68.74257351059238,100.0,115.60310658633692,1.1756850690663136,27.40704448119962,143.91027827183225,3,3,1
1938,64.16712894598706,30.008339037805253,58.503518442121496,142.91352150909358,1.0046924074016437,44.01058307693633,141.96239226952977,1,6,3
1939,54.87601427542398,44.75841009174566,59.259125536812284,36.851853156633865,0.0,32.72534293766328,164.41052355330416,2,1,3
1940,38.71842738526543,38.41146876865639,37.47226834021637,4.442033736975617,1.4258324888825404,27.795857891889153,141.90734484485802,1,4,0
1941,24.39391202658211,55.68729678089186,59.27548206568951,71.62763593858242,0.565420944236447,35.7139776305129,111.92787657709022,3,6,1
1942,67.44914656560289,68.45333263476181,94.11924735756114,190.0764203916093,0.7744311527079539,50.68704980134618,78.32841811799277,2,7,2
1943,63.00402355917322,41.045385699183896,100.0,201.10870500436891,0.0,36.27681646429516,80.61195385918879,1,2,0
1944,48.01648272441234,14.145434487958433,94.0076292021667,191.55885677829437,1.3926729090453807,55.65454659959112,56.11113467820948,3,5,3
1945,86.93273992095331,43.81668882463295,25.14520333626409,90.35093161196552,0.0,45.48878515520333,100.2264645525779,1,1,0
1946,28.59830467347695,63.702105980261095,97.07863031651836,10.894245900758563,1.082464412861762,36.05909521019423,134.86937393559674,2,5,2
1947,19.48949658150522,58.064448544248194,24.037034418198232,1.0,1.0744252331360697,51.600484289064084,63.71661985584897,3,5,0
1948,36.16183860237511,56.42279371715864,92.45293310305868,69.29809192252944,0.0,44.45396772114286,98.1391070668113,2,4,2
1949,49.088279672890046,45.8001004718828,60.805386835723624,90.09631849253199,1.8883615195958017,30.674406115532946,66.13188856391153,3,3,0
1950,54.866788986453834,30.814538956703206,87.56333284834639,165.03127005279794,0.6620699361522634,58.588026355805155,110.46771650938074,3,2,0
1951,45.175278842873404,57.72941482436701,36.68879130263585,143.3902729771223,0.957724827189717,42.594788230864765,72.53083080250249,3,4,0
1952,57.04110793028593,37.485772849480625,99.27919081765367,111.37025394958103,0.0,40.18796191985492,63.02447143529737,1,3,0
1953,24.96921151619112,82.76145100070684,33.37563134737778,55.507761452942916,1.9824110021059953,31.44467330094384,66.00166525339873,1,6,4
1954,78.87529208146519,58.55760812531774,53.28862722867056,51.96102208775549,0.0,51.79538267607738,125.16643869227833,2,6,0
1955,48.35697643214863,41.29027546169073,45.04763430577412,112.70638435357176,1.2174205029361511,45.172754273613066,95.16252973348226,2,3,0
1956,72.34591663176255,40.829221289170576,26.142878679437523,134.85254894198633,0.0,46.292381802952406,78.57891349999821,2,8,1
1957,56.854506927554084,48.60583690079618,72.3631891897117,119.59406311227923,0.06670783800662217,34.924686564742316,113.07022512736053,1,6,0
1958,59.13506438307568,46.407471169673755,100.0,48.27010201966726,1.052127830719813,48.341005719100686,79.27418912661747,3,6,0
1959,61.39534560464408,66.75250663294932,100.0,132.5333814396043,1.21928689957261,49.11813593570802,156.32589468428517,3,6,0
1960,58.954171200346295,52.7962425461607,72.4288946771562,121.29554835507057,0.0,33.312217612188775,51.30669231533717,2,4,1
1961,62.85445519735088,39.02552391637208,97.91703187668806,46.466679690491084,1.2633305183398957,25.83009860319009,90.65142435913592,1,5,4
1962,76.58305060264863,78.35661027733674,75.80236594821343,60.78395148498721,1.2314863465932357,45.81373059338924,29.76173891664996,1,4,3
1963,53.930423394029404,50.73962497280334,82.47207986920532,134.42479872807831,0.0,24.266530503942604,82.65628040549531,1,9,4
1964,64.18007515177024,61.532595139533456,61.44628372181903,88.27462324270545,1.619053315513777,41.52015777837779,16.01822511466851,2,2,0
1965,48.205286114255465,40.87660238832861,74.87692313556505,179.45736508182284,0.0,35.52754895212693,137.3158261279563,3,6,4
1966,78.80234430898946,55.44673441616785,83.43696761516071,125.05646380322882,0.06265919205566928,52.18665210788921,138.32518835027895,1,10,0
1967,36.4721539588146,54.666649867147925,55.538506778091715,75.66844059053653,0.8353018368643921,36.071561092327926,139.2085086862238,2,6,0
1968,86.01880865821632,21.655260618557705,68.0626425026753,99.48971998045337,0.0,51.07272972003804,101.44362400872339,2,4,0
1969,49.196840987113134,80.2291266569096,68.53924702506279,103.16916963188591,0.6846733599755387,34.85790555636974,56.006479764495396,1,7,0
1970,21.384497957639038,69.35966691383821,90.66008293326311,63.5804843379145,0.6687532551623065,49.999910050596114,59.982968398202516,2,5,3
1971,52.562088298215784,44.04207025781019,43.349195709307985,54.37059009111867,0.36904801105409557,60.603415438368316,176.50860276102605,2,5,0
1972,36.37896685050238,33.465953893162165,68.7114447848087,135.06949469047498,1.0826803770133917,29.319528616337596,171.78385518998982,3,4,2
1973,66.81287097977449,55.21342420705328,100.0,142.2636648521048,0.34014744513965256,42.92035721730908,106.12775784753858,2,4,0
1974,36.947520413952184,51.300465491215945,99.10150381464844,130.18907347764792,0.6620787481696639,67.48782415910065,74.21829829598364,2,6,0
1975,41.07633133570441,55.33503422844844,100.0,175.7659047161901,1.3025303142415319,40.66588826902922,168.43117113492553,1,4,0
1976,12.209185381089384,52.87366094291134,70.61079600445085,72.9113381994199,1.0534803470180882,40.617882702296484,65.2748419307595,1,5,0
1977,40.953873615018466,57.593614839588895,78.02493909215057,183.7135383035565,1.050212103569946,47.884989473510196,111.44246040479537,1,2,4
1978,1.5224134674208685,71.7095854908771,95.05590416757313,54.95394407229236,0.0,40.41080864094754,167.59786526992292,1,10,1
1979,18.321943530285534,58.52154807692969,100.0,49.36572183157536,0.8673548028509253,22.927740054294475,58.18307501676861,1,7,0
1980,65.20829312288595,34.25516751635088,21.20992717792783,12.002055892537484,0.0,51.322873748389384,141.4611792818556,1,4,0
1981,65.71600317301665,70.43844279068678,37.11396732375386,77.71023430865915,0.0,19.970515861348073,126.0280397921935,2,3,0
1982,58.50915123569929,74.60921845232431,100.0,74.81388315852732,0.44980555760052215,35.83208348861658,98.02417288842194,2,3,0
1983,30.66047713741574,97.28085101768127,63.07776610577991,126.29686401273253,0.0,52.074257491566485,50.32832004334421,1,7,2
1984,49.0457728771604,33.14758950140603,53.206980268548065,112.19454708102255,1.053432403187984,36.434575713572144,63.778011994836206,1,6,0
1985,49.92794921818863,53.64323019725413,38.6459753251099,40.35133144904316,1.0701748217867268,33.063035075355955,114.47255364253293,2,3,0
1986,26.832706216149145,18.76851945216519,56.12458246139727,80.36368807870912,0.0,48.7926390516656,28.833160255930665,1,9,1
1987,80.067966035343,58.29723734568814,34.94076791440438,81.42689894561573,0.0,31.488852131656135,106.53719295091248,2,2,0
1988,67.54724581151342,41.776995527498414,100.0,11.200887651905362,0.0,27.77774280408046,127.05254920308316,2,6,1
1989,45.58071652340672,78.8516869223743,69.43909870048566,50.95266364933153,0.17615950638497657,42.74513987493283,149.26100864045503,1,8,2
1990,50.537716779890616,38.38077544972127,68.55123645593206,61.45931846929553,0.818622968908177,38.17076701587409,30.08214627698888,1,4,0
1991,54.16765615895105,24.662254430491075,84.70191687919579,171.6812509910473,0.3303983312751282,27.56326885811158,165.8123648580637,1,6,1
1992,9.165302631514187,42.9310438894622,94.05862923166424,109.57253579786763,0.08716853153300524,46.3695253999487,184.76817470899675,1,4,2
1993,45.056452349588064,20.36768343174294,93.64720391386598,133.108437697375,1.4101235687691975,44.644876055772336,120.5075783856797,3,4,0
1994,36.36031504004403,61.26649181760965,96.84054859768929,25.068225142539404,0.0,36.40244983394368,48.09757092876698,1,4,0
1995,29.967599802101688,19.02375430615519,54.22886123022859,159.7107241506996,1.3658103254627574,37.086679938750535,83.59453558198794,2,1,0
1996,44.377994142280905,50.42686371774738,62.55332987607847,165.05510315120463,0.11899819479116008,44.70392742009157,97.62013774407465,2,3,4
1997,85.95373053699045,18.83282270215705,89.22579138605688,1.0,0.44532369292104734,51.90361419752066,113.52317543652784,1,2,0
1998,62.8168572253402,45.19553293195037,56.815273459009504,64.73416380420758,0.13084566359592403,37.172067898906754,101.09907763218013,1,6,0
1999,38.57642020434406,74.65067233706802,69.87233419931937,124.78827865077551,1.5800216738773827,46.54688493008145,114.05825714473085,3,3,0
2000,61.45165562712317,55.409718371536925,79.96909411062036,132.21942267690912,0.0,45.65200217084599,95.46266213304386,3,8,0
2001,77.98710873172004,37.04759592552599,89.62962705775941,66.0752634756389,0.5082154588053551,48.79307292708977,113.25535472561215,1,3,0
2002,68.49267365825537,49.53194766591374,25.557975940744967,84.72502684731735,0.8692070563019977,40.39309198743465,76.9738289419343,1,7,0
2003,51.19260739840348,50.2702530806667,87.86864124722362,70.13094694774286,0.0,30.87674485933642,83.09066415087658,2,5,0
2004,37.061264445888526,57.08945518765108,64.15689855370687,105.52090234730598,0.0,35.37500846800031,71.19874147616662,1,7,3
2005,63.9644662722718,29.497124550787603,87.68644277160952,159.85892657309563,0.3962750265512396,43.42853465781648,195.86297672520357,1,4,3
2006,57.869707708434994,58.88850910770996,89.42329230887071,61.44789214293977,0.0,58.18464378381593,173.19503930871613,1,1,0
2007,67.90386440055465,9.434125525958372,100.0,150.0410248884207,0.0,35.159803768037214,127.7647095006808,1,7,3
2008,62.70343603363939,40.551731714542846,100.0,60.91639638265562,0.2550961358464938,48.04787443527399,166.26544986338695,1,6,0
2009,70.9910543063867,42.67589236322683,100.0,57.61863937515579,0.9547069321523212,36.719435493232396,139.92306694889413,2,5,1
2010,39.29529576878864,59.499902391068574,100.0,140.92973091716067,0.26009755618529895,41.10468755886136,109.06355797570276,2,3,0
2011,76.34788131268651,50.339462790153036,77.28447462039865,146.09681890038084,1.2548983361310624,55.15396749263593,24.72143294901582,2,5,0
2012,53.95199209384799,28.9165541921557,70.804627175921,142.57049683813273,0.0,47.64292581420433,86.891803993743,1,4,0
2013,91.5052174525053,35.225103112744776,91.82042707945836,34.21012958909294,0.0,27.587007272590434,83.2481053990824,2,6,0
2014,36.21624363820864,52.98020014321111,88.30202378582555,76.70245109639745,1.8484417840047938,34.27524976188409,43.34624134539216,2,4,2
2015,84.71927606330499,48.813989872031655,62.2733440815435,141.14942960016606,0.03942931063414212,52.56221344441359,25.691886269669197,1,3,0
2016,53.95821566925296,41.313138355463806,80.1205852202067,102.07709202819473,0.0,41.418780426284954,124.63596732835126,1,6,0
2017,36.97163992771103,42.78749315732031,69.12258833038514,46.31535769012679,0.0,28.511598803841366,116.22521611854064,1,5,4
2018,40.32228331891357,60.44251995738934,48.651677288498604,122.91589695627209,1.2525724176662574,31.81047555026279,41.6301509966194,1,5,1
2019,43.5930538361136,42.23461140696178,100.0,64.25963705042648,0.26108683973795854,47.03493522711172,62.70607467819053,3,8,0
2020,58.48331892803833,48.6786313395639,71.37998106325223,189.7262424196106,0.3224031854535211,49.944102812176304,158.06111365770818,2,4,0
2021,60.45670976070999,82.54904882120815,100.0,177.24207312091292,0.3885588018893523,40.178553014821745,56.115174324171974,1,5,3
2022,38.52599992122842,28.644760446741156,29.36269324500418,130.20487131777836,1.2090600192688468,64.75313800936102,108.53994519669013,2,4,0
2023,49.51290815478034,22.222359026380122,56.08053067891584,168.05033523848869,0.3743291162168557,48.24152363455639,90.51108502160095,1,3,1
2024,92.84540717223727,61.7538449719791,70.81597091727178,103.23956750616905,2.140837645182838,37.565189303671,125.31817355310314,1,4,1
2025,84.55086340201423,39.82035408058845,98.43452744072285,138.27187471875078,0.5936324018379604,31.842939519006556,57.19461736717849,1,4,0
2026,58.726473393480646,45.226437083860695,79.98673431505463,173.88601476510377,1.2432493368708246,30.251156953609588,104.50417387700536,2,4,4
2027,50.760069563364006,38.28265432803329,77.76181885451878,112.27493408971563,1.0636679005330847,43.35421320480369,108.43612886729386,1,7,0
2028,52.40062653436522,46.10299788848731,41.81840518614632,87.24064142428581,0.4744868758193736,35.11222955086593,111.50904031146098,1,3,3
2029,62.27035945460833,73.97807168144512,41.07646506926322,14.768902091144213,0.08912030978567576,56.73743753983425,103.95369289813065,1,4,0
2030,29.54414869603189,62.03192687927179,78.06261650724761,95.8433237139253,0.7323747499965876,54.66311802917859,117.2304660297055,1,9,1
2031,44.852469251533094,62.93335267830466,35.89735015454104,141.17115922811558,0.857069111845091,46.33066547497227,209.58851660254055,2,4,4
2032,16.62831852244821,28.756594163110318,56.703056242766785,147.28167137838147,0.09918976631143095,28.210038270431042,228.0648888385553,3,2,0
2033,57.98446245210559,32.73269395170696,82.52293322714644,125.2182532859205,0.616437206165459,33.27781127447595,68.03919296066391,2,5,2
2034,62.943918794054824,7.413820107718593,45.4418931930806,72.93504525188801,1.3653434847817172,52.556775257411005,0.0,2,5,0
2035,40.33627075401252,37.859287683758694,100.0,1.1589215526204697,1.948963417348775,34.36933800204898,129.77476503609867,3,3,3
2036,81.47973526580066,64.35054779578488,100.0,75.23924509976325,1.0980585242445948,51.22141733919524,109.31262299506332,1,11,2
2037,25.484686739953176,57.754197736225564,30.714500041542493,84.78275644730243,1.8039317804661974,44.74603923034761,153.05209295917902,1,3,4
2038,20.712502395803597,46.67730105571814,46.69071892045032,84.35355164049929,0.05943805215548098,40.51717884813187,114.24429498576586,2,5,4
2039,54.48903637119944,49.665495744229204,12.855568887626248,130.9278178488962,0.9913175764415056,32.97167187064559,102.93019697628596,1,7,0
2040,70.94196605224309,39.66671686136892,50.43521593629667,199.28382055074198,1.4369636560068906,39.05756156475248,156.44532979386113,2,7,0
2041,83.67855382915738,53.07138323602676,89.15971191430998,106.17646009205465,0.0,41.89647954874898,163.4390294206921,1,5,4
2042,40.8223147426212,61.48817419220922,59.652626443128575,89.16341054217692,0.16008692156849358,50.325388983011216,30.67199706095009,1,5,1
2043,71.57361666862592,25.76169818884291,81.51993109039918,87.03890934979538,1.716533333284675,31.142643993662453,59.16969064302082,2,5,0
2044,49.229830609985854,54.49471531756022,31.941642042956396,106.2192383453857,0.0,37.37183157473885,94.72035203556608,3,1,0
2045,46.54745400118361,63.98652306432001,89.94938136454763,58.58531198258005,0.0,40.44823131932285,104.92188119622918,1,2,0
2046,67.67319874973344,43.773495665549454,56.122269301791256,106.00992793730275,1.569587101547658,46.62678357686165,88.70083983238756,1,7,1
2047,63.046457568268394,60.51050918180876,70.30424205707263,122.54061681658999,1.337734257486307,30.91535662477223,121.7103588930943,2,3,2
2048,18.47215686031501,92.2198166670883,67.67813746517368,110.4843031787244,0.8024841707886385,26.83430207112785,149.805239465855,1,2,0
2049,79.53080699451792,48.43485810519662,38.21128697769291,122.87709670023906,0.46800247174792076,46.7396515171005,186.1354855360364,1,4,0
2050,77.60182708294903,55.89960575007986,41.17289170650544,121.68738046742676,0.19303284607651267,24.820508850532967,128.94565118864497,1,4,1
2051,37.488745969809415,38.92914374507913,94.19486172508564,11.40516588767781,0.6973642116663358,52.849797147621686,57.38331607734451,2,7,4
2052,57.91607066874818,52.718767439030756,79.97480393754239,131.84350791977016,1.605864870181085,38.44073902517092,92.63118874010908,3,5,0
2053,59.88060372565478,56.904074374734556,96.25122603883567,66.44925771687733,0.6669962882994532,24.52468917725554,96.23238793702215,2,3,4
2054,55.21347531647814,52.92263510405207,78.11645588756296,45.20804184980211,2.016871487072876,35.19579780596506,125.73201199905796,1,5,0
2055,38.9938969230916,34.70457020436715,73.57476587023041,44.777408607250194,0.0,43.79123633069237,119.4084016716971,1,5,3
2056,36.56753264123897,53.09542656988176,26.84973453333084,121.67708052362647,0.48622347197021143,34.672989124450226,202.51983255557548,1,3,2
2057,49.488918580171095,71.93293908076456,63.24083258097075,88.87125363875735,0.23885893263525915,40.20029748824348,76.92434323725458,3,6,4
2058,73.45458038518728,56.72953646771791,69.3153919899064,15.90156080072947,0.0,47.40078365705286,119.23752668834015,2,3,2
2059,60.872003091888644,64.42980783607761,100.0,123.90189075961418,0.3928413868932412,37.9780966461238,217.73556988720458,1,5,0
2060,42.58771335827788,46.444820449810585,87.17391580246694,28.01959346005863,0.7921305111623077,30.629423235338663,70.73965515481993,2,11,4
2061,65.43397421296689,61.24850359135566,100.0,106.99106792591054,0.8669611259664209,37.01016002628159,107.25743480851776,2,2,1
2062,0.0,54.18901757324789,84.9384426473682,111.9249462836527,2.019316525261189,54.1484013645926,52.75597494379923,3,4,0
2063,72.97531400744207,35.73633905469152,52.21741932626301,144.27885408475225,0.8251272288064918,56.85064345333184,104.10434498137158,3,8,0
2064,15.20572442443801,54.77781507198311,72.92810540374629,189.08423932334256,1.3050957625757311,19.800738260577248,60.989142593117926,1,7,0
2065,42.751181171937354,35.12455004839534,75.90559115660582,31.766183704972917,0.5462659724092831,50.910279091914774,152.3400451745673,2,3,2
2066,27.606602107477123,40.50679587672812,46.521110755732956,97.37630719684753,1.6746389203168166,42.50147716035356,107.36594295156976,2,8,1
2067,24.106370485581884,52.83992460938561,60.39031558517697,86.18323524778913,2.1789144999116488,49.2398267912015,53.23013700088532,1,6,0
2068,73.21653574757039,54.45866410070186,64.8558251580707,121.6874842980481,0.8717595916831649,34.4951173973237,142.02838488958358,2,4,0
2069,40.64597597376218,32.161513023843064,100.0,110.78343854668093,0.0,22.31736490498514,108.98330194357936,2,3,0
2070,56.930077634614314,65.80978656774315,17.98148686522554,82.372687863169,0.11583648405598218,45.844887886474616,147.64093886117274,1,9,0
2071,49.06158842241632,58.580094174507096,100.0,77.95489056945722,0.6973540122436135,30.59022738717283,42.61686860261257,2,7,0
2072,59.54081654446243,39.429073465836744,46.58011912601543,44.17745724079762,0.8195486246754521,26.117075685151477,118.44122061243307,2,4,4
2073,51.536437821205105,26.93622805326237,35.69802031825965,149.39307912032547,0.9888975940690603,26.815986175265337,138.66708473223542,1,5,3
2074,24.340155516228606,47.82643131377853,99.4985532509616,122.96020907997647,0.8221383768610286,46.00913782415334,78.83112548821317,1,5,0
2075,69.9253363889428,43.3108442920826,88.29745173085954,145.88840988975687,0.504889441379157,41.39452466029197,37.04986365159244,2,0,0
2076,40.12486833677375,51.69710685579534,100.0,84.48019317622432,0.05466109115850998,47.824660218746736,97.91962523148031,1,2,0
2077,18.86836202680498,44.5532500826665,90.01754868863942,67.15822656527848,0.7807967828849607,46.69075254496365,161.40576468904644,3,5,0
2078,41.43769678068175,19.88814708882485,100.0,46.08424666853861,1.7984911502364596,35.790664354162345,156.29651653170282,1,2,4
2079,80.01519581268622,44.17479592548263,83.96809592361214,117.94587918703297,1.2139500237994283,39.29526426122544,78.57857826222116,1,7,0
2080,67.00443484226986,45.415713333975305,66.08806559692104,48.010338773588266,0.8742927647453387,34.885624712174604,35.845728181177876,1,5,0
2081,43.026957311842814,59.50491537161088,78.57315943303357,192.43315344832752,1.2206968466759258,37.89672227134509,78.44101398252137,2,7,1
2082,43.014845913631426,39.527004880834255,100.0,34.61787094532798,0.24025517976940325,30.32745262018934,76.57611746340439,2,7,0
2083,43.56729897565235,75.1801201005885,50.51561686849708,113.6830059606251,0.14421439774167572,43.90484293874335,122.32233916523887,2,5,0
2084,91.53495967121682,21.325391740223644,53.70278543671548,178.3427353606893,0.0,50.75120748981757,94.74992485479393,1,5,0
2085,57.63870904463107,69.66751246703936,62.275999635052315,129.95448796319045,0.41229936406139345,31.833869701790135,62.3367894131429,3,4,0
2086,58.600832943821395,46.63521543682843,17.385430030866694,108.78368562458897,0.2045958723036439,52.81269645401343,155.2131533630334,1,5,0
2087,70.60566908063684,62.89377308515334,73.45196021043867,51.57581765190522,1.3457923184564975,41.135214964779415,107.02129337224171,1,6,4
2088,54.77578318053027,51.197022260881,22.846782401224345,30.911540571614808,0.1672736076224678,42.41078976405813,121.77078263654704,1,7,2
2089,44.819157083585935,67.09333304038203,71.32648282331547,138.5025054458793,0.0,23.005704803924818,13.750728293436637,1,4,3
2090,46.07300301830043,44.18957053170783,91.63224390338124,175.30736203874733,1.859804025181442,21.92737690434266,0.0,1,6,3
2091,48.56797481171872,33.520693622332814,58.07808848390411,78.05750047609143,0.1840373382430595,41.44116362779682,28.122710927779593,1,13,2
2092,49.25555526980317,71.30756430906595,100.0,43.04692461918245,0.6074699200752457,47.897321246320075,75.97282871966121,1,4,0
2093,64.5525908727396,48.29779031176788,33.4874775145378,1.0,0.8159259773203882,33.28619556355048,128.81780088069044,3,3,1
2094,51.03891771614599,53.32337710436316,99.78151704079582,50.96175781687312,0.0,56.70093900583089,0.0,1,7,0
2095,64.65280154431159,68.52127871067192,86.87842641017302,94.317157875048,1.3648386386521483,47.34935974254316,179.64260321859936,2,3,0
2096,48.385668397828354,34.52067136858348,27.099168792232774,179.9561620418367,0.9459833282878592,30.91658748292015,108.52830133850631,2,6,1
2097,51.57270380632181,58.93236346458886,100.0,133.65668461164842,1.5908688083165472,40.308486670535075,168.0147496474955,1,5,1
2098,10.035986309357845,41.15157865305664,68.40636786240084,115.25427023533766,0.024544643947329803,64.76929133723412,55.70149587629356,2,7,0
2099,68.32655349404963,48.01745966533442,48.062899446109206,79.99401693494346,0.569388054733312,27.574359972002945,125.19299670862453,2,4,0
2100,56.929769517959855,51.084184480764335,34.82282013039958,70.84171413720219,0.5275490284959368,45.282699389151055,104.25979649853937,1,8,0
2101,69.96020219719304,27.49667207829596,64.49954930850815,170.2823798753982,0.6847219460450152,36.77255447276658,140.8843156527277,3,9,2
2102,0.0,38.317444357693475,66.814828190251,110.03692703791947,0.0,47.06896290918512,88.31043162001414,2,8,4
2103,91.76749409561455,70.26609338619708,72.56613821349161,1.0,0.5775854650845557,52.67273646318382,123.66076045037943,3,6,2
2104,47.20820743689652,63.29286782877193,62.555096094400994,66.32301760513786,0.0,36.13762911288632,155.10976593856,3,5,3
2105,72.16365633475033,49.060406340091475,85.83063275287734,57.089198411418664,0.750833849837845,51.18912271707174,67.44118530541124,1,3,0
2106,29.20188145748938,53.64685187769339,60.309254183418844,72.68679954112676,0.0,62.21203394271961,112.11221162448248,1,4,0
2107,62.25547810125139,45.58636241545314,21.625897068988223,128.14553301425426,0.0,40.66274737344235,5.6068881388825815,1,4,2
2108,28.931688736526876,70.34875078741973,66.26596260875897,94.62775591028753,1.0729841015079988,47.848886874941854,135.1251509531679,3,6,0
2109,37.5246207860839,46.994711333087544,10.813058665668045,96.1567296498169,0.11721308136365216,34.09559229796725,197.73312717312447,3,5,0
2110,88.28062707733572,53.47763138202272,78.84426577228474,165.67365806626185,0.0,40.19259309031212,37.778197612565236,2,3,2
2111,46.186351984733065,67.19045216213098,45.51749424293412,65.17694551066558,1.3895919347528836,38.23324907291757,95.43093697860284,1,6,4
2112,54.348657463594456,38.3394277273114,74.08400887289501,193.2099762943675,0.7293383521298904,47.96935925658596,144.02406504570567,1,5,0
2113,67.40135461377508,73.3818377674534,100.0,66.4346204314457,1.1104631368736486,52.04675935756926,101.57087367332753,3,8,4
2114,59.913637759452094,27.043078853849348,46.2812826183,104.45990983062858,0.3836305493754187,38.903451508825405,108.2549775746613,3,3,0
2115,53.00837810287153,74.44463196669199,96.53140646280295,85.93982022986165,2.375740085730002,55.336228457329234,80.45002792381807,1,5,0
2116,57.29922004932451,44.40986624072038,59.16526083284617,106.17095667504805,0.07684029760814348,55.30047441561629,78.59238734560427,1,2,0
2117,98.0683117047655,46.359518782620775,100.0,122.22959975365644,1.7211468845519216,48.46853743179901,95.66529232073111,1,4,3
2118,48.84762405932829,21.649847432255857,60.87118467004467,121.69176200444383,0.457043771930061,34.83973468278272,102.0835711069678,1,6,0
2119,54.02198093429935,43.17807923933461,48.987675362332716,62.344133468971,0.0,33.88171183260097,40.92793692113451,3,4,2
2120,71.01308792015224,34.402902034596735,87.18096125988221,43.854266127621464,0.837994122023676,31.876186453099614,96.69890070269857,2,6,0
2121,72.11051865915968,40.88530481939791,59.1052567594091,225.15858954528554,0.7203337930186146,49.49166070238161,178.42669693546634,2,1,0
2122,73.7406061112076,47.94033551316681,48.96376214677478,75.80078301997234,0.0,27.882317925106356,79.04331032055477,2,8,0
2123,62.774604440583694,64.36687421709358,58.05400373240522,134.96062193359933,0.0,46.76837654111007,38.137250856268615,1,4,0
2124,27.13990174539033,53.11405027100939,68.88483669542497,19.617934473840165,0.48271164984050546,29.18890652175887,92.42919660067867,1,4,0
2125,82.66863064602191,54.615149801016706,100.0,86.01936400476616,0.744823470673587,48.235461198419735,64.26935939378517,2,7,0
2126,27.07309213962624,33.56720916731656,21.647806363510576,93.64003080087785,0.0,40.17219582730561,33.082908733903025,2,4,3
2127,56.05270930478066,36.78868865595905,70.57701647376052,123.64075349639162,1.237185016766662,53.33638561859827,106.95842308663104,1,4,3
2128,34.914482999612844,76.98087527526968,85.62258986635108,1.0,0.15385141832951577,51.41454578321271,64.4858981424461,1,5,0
2129,48.717233068140146,38.9719844785513,74.8362143747949,108.30703065391653,0.0,54.35065412002112,68.76429165733626,1,4,0
2130,56.57524820606961,74.84312378085943,100.0,42.51292723160536,1.1587465860163515,54.60818718289113,107.67136901926945,1,6,0
2131,56.42714430900546,46.354082016787004,68.14136675603689,116.21728555974619,0.4834674144070806,41.436308339881975,23.34127023188327,2,6,0
2132,58.438415084705696,50.03431904215256,65.38621394535137,48.18354015809185,1.351316043747578,28.412069335753955,12.92151748744375,2,5,1
2133,82.27422538117294,66.05547740344895,84.80823867533358,57.225865203720936,0.8065665840858288,29.474769450026216,133.5436097250966,2,2,0
2134,59.070686030279596,69.07838632907985,72.48284537378375,86.3186194803366,0.49893984793636775,19.131514706840626,3.4583199637958586,3,6,4
2135,45.116867294187024,48.33781159581369,60.239781542988226,47.38352651984024,0.3930890385138907,29.163341665719066,51.166115234632265,2,6,4
2136,69.28174336576714,44.17635419717692,82.9036009896595,76.22327766323227,0.8378989323892965,40.68823657704649,10.008023230578118,1,5,0
2137,73.78940977849281,49.161193272166805,53.686792669583866,40.331211572834235,0.21052811883346884,34.40345819174838,75.69317665755838,1,2,2
2138,25.44784369726015,55.069362923481776,54.720571199516826,8.341477415063622,0.0,38.19864395590149,121.40293738255828,3,5,0
2139,61.94800139699716,63.36955530304633,56.80014945585966,150.89785262146796,0.9269363858582507,44.92715419461401,105.61689743661883,2,8,0
2140,64.02345484621796,50.06344788491227,100.0,35.19756535880359,0.3988585109888994,36.95934741934242,219.5936694728642,1,5,4
2141,44.048729932800164,59.2832944703473,0.0,91.06595561960083,0.5234973536483043,28.781711995874158,154.34578088945003,2,4,1
2142,77.51413626623238,74.57539598406412,79.88997086907355,137.64455407468924,1.2625658853082253,39.46766332436568,53.44210749216994,2,6,0
2143,46.998888259349464,55.719644183971766,70.85679535500556,69.25279487419785,0.4202863745849813,31.01509513227155,40.14724975867947,3,5,1
2144,52.51152906943084,54.674792840071675,27.97823851904699,58.7417050127231,0.5105237478792534,37.292135030209366,235.33439704877506,3,4,3
2145,46.53856351432261,27.216337623648982,77.74316947840006,111.31190443337107,0.08024534198434768,53.42776964423003,153.12860028666813,2,4,3
2146,50.31158095162935,10.53904794756405,81.8937997957883,155.89669113635762,0.8015179537872955,37.294946959038256,129.4684803634786,2,5,0
2147,28.074498262095965,55.82563593845252,84.740980783935,41.53423674567656,0.7448795388760616,57.70957553347745,103.7425906107809,1,4,3
2148,21.198982348114114,48.57763653078692,3.7042984238762813,92.49260839912806,1.1305425922533905,54.316359869379696,113.67607837375085,2,2,3
2149,81.89010126449944,42.278259876278874,100.0,13.375270251633637,0.09460981409518676,34.20694691420957,25.896336225878684,2,4,0
2150,33.060773033633446,53.65295306279517,51.55658238287898,80.33994981589049,0.17952812128687,28.888762335842245,107.8519585098384,2,5,0
2151,30.172153010873856,49.093944062046376,87.1641936688294,101.71023422690378,1.0544961794018284,39.47445838079807,103.56156987295073,2,3,0
2152,6.932197727925704,66.91670375950848,88.52684451705716,57.268767912246716,0.6765491023540043,51.53327763396889,54.793057844926,3,1,0
2153,37.220765046209955,51.29166302388467,48.082572859517676,77.15040830873843,0.0,35.09809093771312,73.07367732157607,1,7,0
2154,23.538204131850033,38.796150723947484,86.51149880878876,29.588661584627502,1.4145878474141504,49.08090298262139,175.7588196721778,1,5,3
2155,82.84030320272738,64.85249358438934,60.36266897719105,103.85393056907468,0.0,52.08439989136088,93.74125398525688,2,4,3
2156,70.19634178685268,46.743033875806965,18.215570516546066,152.7847124441575,1.0489993272846263,32.25974349637394,203.55856512665554,3,2,0
2157,36.236993096445524,57.898050255084605,99.19354813819447,45.14280651147682,0.0,33.23948911711413,12.966028175630825,3,8,2
2158,95.04871610688618,42.83883940710799,50.623875924594,68.86641167238085,1.820051961539869,47.12662032127007,73.8934906887126,2,5,2
2159,69.63530973983188,40.25259671753845,48.637663431548646,125.12731232270909,0.0,41.518475496415704,22.63607243765405,3,5,0
2160,43.50337232982755,51.262523452785445,59.923353299081946,160.6045359661368,1.3065754563109238,33.13938473456321,39.52887730540829,2,5,0
2161,0.011885702528537934,50.19242965315528,76.8059181331847,25.340509389553432,0.44285594799212924,36.47819551880413,58.58971471703514,1,7,0
2162,95.81885145181484,57.19740553050249,68.56823972944744,91.56076312920254,0.24337820111287922,39.29480447272581,115.76548133852955,2,5,0
2163,22.20855066472808,45.97031370035386,83.70167311767926,114.15654111597625,0.6297776595274329,24.351455750445396,113.34130855401935,1,3,0
2164,17.092025060862163,22.45460324344404,36.51276583678353,94.89718046855761,0.9423302374104691,47.656431064826954,66.03548401861973,1,8,0
2165,70.45140864019281,43.50839174617417,51.44034073923163,1.0,0.0,35.21307811060809,0.0,1,5,2
2166,98.79504812678546,61.907277007157234,67.10007319196166,125.0545004654386,0.0,12.162837762019013,173.88464365160763,1,4,0
2167,77.68545637021036,45.5393588113534,100.0,175.9668175545322,0.9547234055790201,39.76129031690547,85.7117641981822,1,11,0
2168,61.27818240104719,46.30424896228178,67.15468653965605,105.83308755847517,0.0,32.58428741106492,44.18549148494304,1,2,4
2169,61.89508683330572,64.79564758858905,97.1305565915408,48.44469733528683,0.09103963476554028,56.88822192302676,113.74653905350436,1,2,2
2170,67.06831117560615,39.32040159111616,70.96387921960795,74.34363768178585,2.6284808679116085,34.14554979080032,110.2222585261587,1,7,2
2171,65.17857179573531,26.857951726356504,57.90853406406079,188.49565338277966,0.0,29.02356636421389,83.86617675000174,2,2,0
2172,55.62382847938751,47.59053320711759,63.83188939713899,145.49812704302792,1.3034619542318269,45.07932669962016,107.42655078207524,2,5,1
2173,52.084022079037524,42.737390731268945,65.78950719927798,132.00133091921646,0.08983446190033151,33.395526319924166,42.24850797959908,3,4,0
2174,48.74813744200955,35.50630520370119,85.09114347401847,117.8206291767188,0.8563316013580007,32.20543798747768,137.99564215882418,3,4,1
2175,34.92070822266648,47.36932316151964,100.0,66.94314439045138,0.9580489834173522,45.09501382824406,50.15664526215649,2,5,0
2176,44.38649846266452,57.37258470870175,78.99202119215803,89.97144096721158,1.2902697146280633,29.595326921104338,69.72151723482841,2,4,0
2177,16.14086371609229,49.860671576482765,99.67694196854389,96.1038632160742,0.35982232123105706,25.42726341800547,132.44009080757877,1,5,4
2178,48.033207464105004,54.604716090293564,45.88025655925786,127.4787158032222,1.8922192471283972,57.259980020943374,160.1979482505117,1,2,0
2179,30.228177856981652,77.20111547773135,59.634237279649234,175.44594471334517,0.08746440479037376,45.794987376006446,179.28872840231693,2,3,0
2180,27.92821365568458,44.85681707663654,51.89243664480833,155.9169068396564,0.6639542895196919,37.35790715005635,152.7899119233286,2,4,0
2181,53.59788302306957,54.17522951967004,77.86111477187131,29.03078221019797,0.6716938525523253,39.96522790298064,83.79639080991092,3,3,0
2182,77.84004572689199,42.36179956101298,61.02604037051466,111.19974844505244,0.0,45.05864358116156,22.948346544976857,2,5,0
2183,68.36633212004625,37.304604201695405,88.24432342585489,136.83816725839483,0.2998894215146156,49.7333744961342,170.2527792801447,1,7,3
2184,18.58998792753646,41.22638519873345,46.72495720918896,130.94301650723176,0.6130594494668851,32.44024708684988,168.53479944524878,3,3,0
2185,30.20743726859325,42.81862142717467,71.07577433303203,68.53831183062903,0.1975152698094062,43.66146525965682,66.40119233232522,2,7,0
2186,68.81542375976431,55.39213696320688,87.1714477753064,245.7054607884181,2.2086467758195742,34.932958237897616,146.059451891228,3,5,1
2187,30.35025212923381,85.23613680051136,18.367430623984745,36.145771883444056,0.0,38.110187554873754,83.39111030346307,2,3,2
2188,45.50733700005951,39.259348455862394,100.0,45.8405776666975,1.3255971276982994,41.60692867464905,175.06384417558644,1,5,4
2189,61.00104198049104,43.75062041576806,62.92120287800311,111.67975406307882,1.0995218692041506,39.933214269473275,74.2567668798109,1,4,0
2190,30.633110902727296,49.053154803331275,19.374002158095678,205.84015274819268,0.49029650584701007,47.355668983025716,198.93256437742517,1,3,0
2191,52.107510122919194,55.93698273064621,73.95234746441965,58.19025746479146,0.0,44.87086559115594,139.30602737991228,1,4,0
2192,23.31949010163591,53.953262179321776,70.83608669932877,86.70858171765039,0.0,24.918307906278223,189.87724223429933,1,3,3
2193,37.97264712097572,69.26143690922176,67.95264051068767,153.86468365078463,0.1374228905484432,26.421767929345577,76.81013651750604,2,8,0
2194,56.39563868285074,13.604118941971876,94.77977782316665,99.10689225561333,0.0,36.302833152407075,120.25148022220965,3,4,3
2195,18.140125329366615,14.196051947064909,88.6861242856764,83.26980727348521,0.0,58.28625262441825,51.53604008278174,3,2,4
2196,58.80949475920798,42.56182741984776,77.44690477559612,128.281645094336,0.0,31.484081674983976,142.19946260595984,2,4,0
2197,49.60724402146638,66.45950281315564,81.25389084866619,113.62589951147966,1.4421125022244015,37.917772903872475,144.95207664185622,1,6,0
2198,61.04979908834295,26.515279525916057,67.39103876404783,151.52193928183956,0.932923674671753,34.636539730434784,219.85119591005935,1,1,0
2199,54.47828268129323,4.8855149045936415,100.0,164.57344445326817,1.0501818692058222,34.4595561591192,124.10198986098246,2,5,0
2200,77.28280859947688,58.56769109328813,33.020099541055835,115.35015300026808,0.9121823660793633,41.782397439050555,136.20471012530467,1,7,3
2201,52.50449005295815,53.65485835554072,73.49129185539742,114.58663626891546,0.6168773363339142,54.00777276195652,76.45848117481091,3,3,0
2202,41.41188917749494,33.64687389800855,71.62561577971951,110.70554911430668,1.522476232490396,44.559683998805895,127.06896863176192,3,2,0
2203,52.44595006064568,35.21690598918605,90.33201015161482,124.45652783246439,0.07246614098778392,31.964690385729078,81.00543956562082,1,5,0
2204,60.86596058072776,35.45384420547988,48.90365306437752,102.75853189357319,0.5746687587569315,67.53229510803207,105.7930379421,2,5,0
2205,50.977201406514084,51.6580297621091,26.4081849400866,99.96957588388553,1.0229411794768861,40.78573220961126,108.72578307728976,1,9,0
2206,50.811833824077645,40.605270857254894,73.92057540245483,159.8313560413621,0.0,34.227790436178864,82.38475633254149,2,2,0
2207,35.96016624386489,57.4109587846328,77.0307623054651,175.80580901775215,2.6676122272997844,54.12096374677589,103.14725482709967,1,6,0
2208,36.74198164898104,7.1806000564341375,100.0,24.622352768328966,0.5199960339443103,35.30929382056181,81.23524151432898,1,5,1
2209,21.94789456400613,37.14722202308301,38.24094884187285,100.50105758702846,0.5993926154029149,56.62913654987443,81.01344374830803,2,3,1
2210,84.99153486373879,33.10919058633425,98.867344167918,65.56527832773827,1.3798146221724452,31.293572090333335,153.83323257511358,2,4,4
2211,25.122735292174298,46.15488982441262,100.0,84.45142667569638,1.1404687331071566,54.300303889213694,108.77068209132057,2,5,3
2212,36.141896044081854,41.92928362264792,60.555877811938075,120.12581048676607,0.5266546135775214,42.01047664281695,117.35331361001386,2,5,0
2213,35.63185468861605,61.9676566984365,37.726444512669396,133.47191857712343,0.5910906066686294,52.91052232702434,27.134761550723212,2,7,2
2214,67.89848753888883,22.109948425099137,59.82564084066572,94.39367781943275,0.0,59.01765708701544,121.1729165915195,2,2,0
2215,44.101006434159444,50.68237214496128,70.35012418428452,4.332983263859859,0.11047395550501671,28.673927094787462,126.52117319876189,3,6,0
2216,74.95484145347467,58.37504634817558,84.09469687517287,51.74772097119102,0.8620471513112722,52.757718207583224,80.08306886556237,3,7,0
2217,36.530187515122634,77.84971154842933,55.21513175404881,144.82498351000828,0.8107249873300206,25.910960955745953,204.25148381303455,2,8,0
2218,55.57988324447604,42.77351043359787,100.0,1.0,1.3548160250028607,29.528156447517716,0.0,2,2,2
2219,33.293058934804854,54.866879065287755,42.13669212479846,159.3713575841,0.4156492592436728,31.965905402075627,139.21835678852733,2,9,0
2220,92.90298255546776,22.942058111564528,26.519871195679997,126.06149953222706,0.0,45.03636636177861,135.64024024774312,1,1,0
2221,26.248031619409744,14.120656935304645,97.66776060718294,165.8088040765011,1.2397113015429744,40.3301587693486,127.07914659997058,1,9,0
2222,56.19641420454055,62.6716156367255,13.13447421984501,90.07154065595198,1.505262542327411,38.328639158371644,108.81063528193116,3,3,3
2223,62.67553761864197,49.91659559527894,64.8967557781821,1.0,1.1287712009993607,41.46235279022361,127.53396613125187,3,3,0
2224,58.27598194902997,67.67769034697633,100.0,121.5181320753249,0.385456430399756,45.91289589293473,143.40877397779468,2,5,0
2225,46.294246822445835,29.398956665453763,69.69891117600172,163.73265620191705,1.2310702363136055,46.68248123941353,63.7056208084003,2,6,3
2226,47.403586005331476,57.79853209293129,41.98080873259376,146.23609027567105,2.9002373346057495,50.94166835615131,114.95978110900448,1,8,0
2227,50.87622943958219,78.0322676081578,68.56506340533015,66.86542582559824,0.580606620108333,58.200348127674395,90.8341578988348,1,6,4
2228,47.05995996743023,56.295584125358985,68.72998028451165,104.33805377313233,0.0,39.78637627558523,45.311579988724574,2,5,3
2229,69.27758233589819,54.148722583865734,74.01624850882791,73.3581865610038,0.08960046531349364,34.789110378690836,135.85849873066448,2,6,0
2230,94.21046003182703,50.12834121236525,86.55657455399049,59.036676790531395,0.9378332002128356,46.13536129185188,71.78197876579833,3,4,1
2231,38.85016429984333,26.43677814311132,44.02222079080652,147.76942855899256,0.0,28.557451837353796,25.107066261026645,1,3,4
2232,22.603940408418445,70.33359403565522,100.0,40.123384436741894,0.6185821524384486,33.212958678883886,73.04446696491755,2,5,0
2233,48.2343590329749,40.83713540292401,76.12785710931544,55.30917847091937,0.766235655221118,49.9938094639279,60.05505509534348,1,6,0
2234,100.0,57.567248845745254,88.1698511600451,44.79871832638073,1.5745852178688564,38.75871625182296,151.42395045950553,3,6,3
2235,33.926508640605384,26.554485401431197,54.29626500610894,25.48762383504767,1.4171363992380104,27.91807541641961,107.65965702790388,3,7,0
2236,82.78233610888135,32.308105032383295,100.0,107.32071459213017,1.1052093542262398,25.10196934634826,169.11913728449701,2,4,0
2237,83.55401628152882,71.52631098833353,63.57368977967338,158.0751524240988,0.0,40.48716679393807,66.67218843834772,3,5,3
2238,38.92823516584011,44.790465665632354,76.93881283733829,90.75616218773672,1.1447371896335476,51.418965369680095,143.70849359482497,2,8,0
2239,61.379661583705506,71.79913214063816,46.67234807032227,24.71260997179168,0.9938593702421724,51.28545777531187,241.98114574039565,1,2,2
2240,82.56793246257075,48.82654011412223,45.07670933994683,141.99722698710139,0.6791610639548425,41.10880502892837,117.80162335635701,2,10,0
2241,42.417445180250255,22.37153340563214,87.20513266132207,184.28508770174858,0.0,60.089094190961276,143.08244311615763,1,6,2
2242,45.92839279795277,63.381013995975806,58.90982924481535,67.68788379267028,0.0,38.95179634059537,134.6758832112703,2,5,0
2243,38.366381721027125,41.15161523366588,48.65442281239058,76.07228666411409,0.0,38.61432376602589,28.89623362870867,3,5,0
2244,29.704865386142664,60.480332202755655,53.920416449324236,125.78303150416971,0.0,14.325640902610001,129.29086487337253,2,5,0
2245,37.01444909867986,50.37816301310123,87.47382679293553,181.09368738925258,0.49795939400964384,35.52637050838784,115.32281603247844,1,1,0
2246,25.52119466475487,26.853226580856944,54.27405346990973,74.0082927137387,0.0,48.52015034908494,87.01263083008453,1,3,0
2247,50.68166936518452,52.464421480558535,67.0586267099459,33.37751095008976,2.337713906188238,55.63961336859704,55.79818128975597,1,8,0
2248,34.60053537882716,82.94334713229199,70.37569375717743,131.57093031362032,0.3818596423934633,31.697653663327152,134.69916201635186,1,3,4
2249,54.675718235814955,57.394796877716885,22.066277849742526,139.95340365711496,1.4056272091061721,44.62252329293048,51.37981301946893,1,5,0
2250,18.882087075927455,49.13723370491805,33.22183986566205,100.30657252176134,0.0,50.46879032323288,206.68228023409483,2,4,0
2251,56.617604644289145,66.13015102935347,78.40694723118906,72.09333701712747,0.1289372897965912,40.11208153195899,105.70845417440641,2,2,0
2252,66.6705792321785,53.16002697804666,51.57426597118257,149.71893654960232,0.5678285132240202,17.167195424727698,38.83464761067482,2,10,4
2253,10.12528714857089,53.14301345394192,96.41812278201046,126.40180022739821,0.0,42.47289999574252,74.30018608358306,1,3,1
2254,57.48113139695144,33.62562241761346,94.17017760626361,61.57822415482536,0.204459520636679,47.61430624060893,86.09328308550914,1,7,2
2255,74.55337984946584,53.50772038684398,87.97921665888593,102.45473656528358,0.3474343656295229,30.52577104981541,220.61883269619227,1,10,0
2256,25.80717962617589,65.53165124625417,100.0,32.414623398767674,0.3362644101885739,37.45845469125613,55.77055265952518,1,3,0
2257,83.45144773675406,37.45906771849963,67.92276680642043,134.294522821896,1.7985830011247423,28.44503957871236,94.18913683743064,1,2,0
2258,58.3803801873209,71.36743731870422,86.22204814759598,86.88832153085721,0.7647583998020571,14.298524514196473,73.10858150674888,1,3,1
2259,35.89976288483182,48.62440963782311,55.38997558509922,78.21445838076315,0.8356573940589123,50.270044117876566,124.96292427908321,2,5,0
2260,48.88461844684588,36.68345732692189,100.0,98.35627574237829,0.8777583420415493,39.96251466198149,73.90582931474778,3,9,2
2261,61.16653825043445,64.96448115380366,100.0,102.01538496651239,0.9288384641359788,55.97674996704983,43.04716669301448,2,3,0
2262,51.52010782824823,45.69808646392596,70.2970108629448,144.746503078278,0.44197911128759426,48.57322191906177,90.23527101019006,2,5,0
2263,60.77511984892738,61.39272331229162,79.66465574762981,129.55452656626107,0.27547753996480767,36.45790238334551,85.03030783338784,1,4,0
2264,31.586528138412675,45.623620516121946,100.0,92.17953606035987,0.6167712416627942,39.168193398955914,70.38778111879932,3,5,0
2265,53.38721648072156,49.102607847051445,66.32151237964733,138.18340748594977,1.309762764239431,45.66177390770172,73.05948205514413,1,7,0
2266,21.725710061900397,57.40340306501437,53.58439823000738,120.03686268458065,1.2883667319054686,49.668834167557435,159.23478989405015,1,7,0
2267,47.775478773025995,54.36345586385009,91.84974377517206,78.67001818569815,0.3317210670181122,43.226706307420116,84.01298928662479,1,4,0
2268,31.921847170704204,20.067023293223922,71.96098115209175,93.7640920881757,1.037490586267678,51.05593145289484,43.29361687607837,1,8,1
2269,35.28940114820467,33.181343898584124,74.57486124113152,92.58885555784396,0.36379073587223254,37.033312633255285,76.89420181000719,2,7,0
2270,74.72186350420876,63.94114977186223,49.14321642330086,125.26306715871009,0.523709384604671,30.028564532143136,102.71678297326963,3,6,0
2271,71.82620241188538,48.01795116647679,27.05819629091509,81.64886926391792,0.16853363291206186,39.351907464388695,33.1865181724323,2,9,0
2272,62.18276241814354,42.144030458428674,75.90356024697752,80.47954067891834,0.3728484027656366,42.05184890736184,181.29889800031992,1,7,0
2273,28.15374470654842,29.621389771137885,92.624051037355,198.43786547169793,1.438931048684776,27.984646052607133,143.37897387531362,2,3,0
2274,43.671831006103965,33.803955180862275,64.35483127309895,146.9867740873552,0.5646948031374655,26.63277915853378,171.508637180939,2,2,0
2275,74.26195399958367,19.67302040057079,100.0,61.96996677874304,0.5946977559866226,44.47386296473427,119.60640627438413,3,5,0
2276,52.83433827279809,48.480789219477,52.40209186461139,128.5470496971099,0.0,35.93643148629577,0.0,2,11,0
2277,96.3865907996339,41.0234362912843,43.632388625852,105.91750328275886,0.2835292646570893,38.34159094337998,176.76668583192566,2,1,2
2278,57.86635678788744,35.50118163522027,68.31924232009672,119.57755876300469,0.33107956737868993,36.40307334299177,56.82158201450537,2,5,0
2279,53.84098232980063,48.9781486224807,67.93518561621774,106.86706622825523,0.0,55.20600901763212,60.890662799895054,2,7,0
2280,43.81767071594997,55.45955946279107,89.24921828338057,159.4821322742618,0.5151657881924945,52.61761160395,107.81625719777219,1,8,0
2281,52.67081809564564,81.39796898314917,50.62592939840038,117.2810172325723,0.19957239684064199,27.62646309960832,168.91149233350745,1,3,0
2282,46.950603272389124,27.321748706551794,100.0,96.89556508928563,0.5559970986705075,34.67206786919553,152.66435669761998,2,9,0
2283,64.1621735337718,67.39071564950783,100.0,152.10952884915088,0.585052106873254,48.50004267969593,145.31405600880103,3,7,0
2284,69.13404633589168,64.59652341522607,69.02139932579145,111.6642520543936,0.0,46.01936237103242,84.40864735627234,2,3,0
2285,34.28021078984101,38.31360890934949,100.0,106.0739289664529,0.22090875226176743,39.585420376702146,83.61962369539441,3,10,2
2286,23.375340928844437,53.04853931879047,43.5875732343685,115.70113012430572,0.5541619979325835,28.623997950357648,117.29718339900333,1,6,0
2287,13.27589253793407,43.13550125993577,96.88053852954789,95.31954883168167,1.3290096018097077,33.17459953846454,93.49645793582337,2,4,1
2288,60.159826538250876,52.785328706281085,96.18191021398657,100.46134964977344,0.6797034209570183,34.832324324537105,144.46589536646766,1,1,1
2289,27.93266787652253,72.63696520106825,91.58593200474697,70.66527056190637,0.03664537405780066,42.76994331119101,141.50588322476133,3,8,1
2290,6.942188140950343,59.084093489469694,69.61092277824265,62.44163901880606,0.7793033314706965,57.03727154697238,129.56706605863528,1,5,4
2291,57.77157209061928,57.62912559850163,0.0,50.07148067587802,1.6952842225252323,33.13119765211872,0.0,2,7,0
2292,99.85999034865581,43.54536020068036,53.95682140869677,30.4008356601462,1.141694530812313,29.739647524447598,106.3994181838632,1,3,0
2293,49.878581769202135,27.739150026134972,54.35209955788495,56.01413193077217,0.8832685713049341,38.914135231720564,94.55730596336494,2,5,2
2294,66.76981548903284,46.87297684189388,45.543626548488064,91.28664827665372,1.007913122837625,50.31738980514059,108.40128008797657,3,3,0
2295,51.6365871709513,68.09912232295872,73.05607511367666,105.15587912228185,1.5079678290000413,25.531170332392968,62.283768072679656,1,5,4
2296,48.02220693617715,27.092482151155288,59.52591386196913,86.43517184261798,1.252938755812362,54.53634150874947,33.76070448003874,3,6,0
2297,68.38152965975537,34.173659477349574,49.38469975587445,1.0,0.8967322667823605,38.27968637884331,123.156923998752,3,8,0
2298,44.194509116226975,51.89401604351102,43.5299962938045,178.72931788811712,1.2480495537130594,32.65679997686626,82.1849341133969,1,3,0
2299,55.34784628143806,35.23017822729106,52.11217536286928,154.3240061445191,0.0,23.998107132378404,128.73464968537996,2,4,0
2300,56.433956123920275,38.112148293271815,98.0374802962482,122.28799256085644,0.0,47.065207734206275,66.45428111576145,1,6,0
2301,36.63819092713902,43.64602127407734,53.47437363431264,195.37453362766342,0.6099690554506811,38.28828804758465,170.79553202463381,1,4,4
2302,69.84084699073045,29.51573893714776,57.12653233916819,51.131794125814466,0.5480764967553768,41.707054827545065,150.05324212853816,2,5,0
2303,46.500804866091826,35.38817230675448,58.58255962441884,194.3812560313002,0.11926296254071972,30.991882589886362,114.84135542729402,2,11,0
2304,34.885096810143104,60.551418751809635,78.4748378452355,51.739296162472606,1.0780968688793966,36.80903965748976,89.33557933070264,1,2,0
2305,60.73019687140807,30.38945326653554,81.40623721321332,111.93689626456782,0.0,35.13418753645262,142.62044388990984,1,11,0
2306,32.030640364179256,26.031917982577436,0.0,36.30813374328979,0.1256594207595374,38.99406894621792,119.6273907618703,3,7,0
2307,50.563623147382565,40.54962530699159,95.5408803456902,100.73470477721834,0.16053111858566954,33.304476736241895,111.92920939653024,2,7,0
2308,49.81762006711593,60.979332537647686,100.0,119.30832489991943,0.0,24.658190393127786,152.14327047798042,1,6,0
2309,71.71791131663156,47.046172880046655,43.74533656595827,92.26548344327226,1.546311705088513,67.28499745296607,171.326807720332,2,5,4
2310,59.49396465759906,43.03128382826573,45.692543881629135,135.69387220450687,0.0,26.36595752662486,37.37944077572277,1,5,1
2311,49.499460825097124,50.6653819627341,58.74366530554322,104.95072247436286,0.08816195988461989,41.81459006942539,47.480794632509685,1,4,2
2312,66.35532598400574,23.81438850710522,51.09989951358488,73.87926358112453,1.1355858304635937,22.279721715759578,60.986963726060104,2,5,0
2313,77.80415098034626,57.420584806625484,75.59817184866516,71.65933410988303,0.952231740400112,20.02952563382025,24.878770117822413,2,3,0
2314,61.156206127037244,55.75152547105466,21.336867841028393,140.5456886307848,0.0,40.978264918522676,96.86257372154245,1,3,1
2315,50.20705239686761,43.86037288856418,42.05180979908151,67.31289850965163,0.9777424464824456,41.74367587768303,130.0058227622253,2,4,2
2316,23.763275352996807,65.08886767694625,100.0,145.77014852424685,0.7028491350607553,52.61498990802384,98.92908525238317,1,5,0
2317,28.69772673849255,33.087558515704416,46.79450081629955,161.13558964159654,2.133124893478027,43.99546841015706,73.29391791935521,2,3,0
2318,43.89550591290665,66.91863489880353,100.0,16.5643068826935,0.782758291247813,38.50189281254209,156.3228878564579,1,7,0
2319,37.809755956814335,52.31740498392877,78.88345488975342,156.64631936505174,0.40113072525202775,30.50399755934996,107.02782016033748,2,3,0
2320,46.26057394029108,44.951711151827396,24.768307135293547,203.02113492223495,0.0,54.99012068233549,117.14914836831592,1,8,2
2321,51.13299849794214,49.701895469475325,85.88322988040515,112.60018806009643,0.0,49.28851246050224,157.711740244988,2,8,0
2322,60.593855087134614,48.391028512835874,67.05831744517866,129.9542092647411,0.0,27.536705222515753,93.83790305744331,2,6,0
2323,48.590024438818176,68.30424344626576,58.61332359375649,151.85026621845793,1.4597691697383453,40.37963728210635,203.01070363123404,1,7,1
2324,59.730032876524035,33.8498130879348,76.1239273293001,86.22588424104889,0.5125789405115294,41.44052231526497,77.6092498064117,1,7,0
2325,51.28948829620241,38.56221141280103,81.8658371391698,109.11401117689348,0.895672986782311,36.54346343394331,199.897410225645,2,6,2
2326,10.490668672922574,65.5445433810872,87.68979554936548,34.290023518844535,1.5599733199866208,47.718504858067945,51.26324090437897,1,5,3
2327,31.213292123624914,41.06697597224211,99.45632118870006,106.93175142652255,0.0,48.31733138348177,125.87424514402207,2,8,0
2328,47.11824888556769,63.50799615997387,80.20339781945891,124.90559978222707,1.3952116352902624,38.09514302194894,67.87339155968814,2,4,0
2329,25.80610514317785,75.49153974513064,35.609147780340955,125.80815114632347,0.5387778382483339,37.19130754202342,155.9783058490546,2,5,0
2330,61.99857459992409,43.973074595875495,58.15886355872023,153.27123617987903,0.804533860148311,54.98958462667532,76.08836960707858,3,4,0
2331,80.61501664687395,60.22043489862958,100.0,61.259891093223544,0.0,49.32838892362237,114.5435595322043,2,6,1
2332,74.37523703394633,32.69461577990212,88.1122765095432,73.36966216632518,0.0,40.72360389908385,67.47290019792152,2,4,1
2333,45.731142581395844,61.32099947101714,100.0,194.77536729956776,0.8421921228690915,23.707909609199465,146.86125868333073,2,1,1
2334,79.81452273699904,52.99135978980151,100.0,92.4835813118145,2.1692184602320284,43.44000106305036,67.21243696804302,3,6,3
2335,52.97334914404223,57.09557423240323,76.04505178889372,110.0016893656164,1.202319318970431,46.980834649176686,184.17074223713342,1,7,0
2336,43.25828057763921,40.31641891946907,77.53517674452793,96.64949791373894,1.3858660449929783,12.454783716016273,50.200144651930486,3,7,1
2337,37.7319467291812,25.083748766492413,69.08549900307885,58.91595868474888,0.36559911081700613,42.518694483180255,32.718604083592666,3,8,2
2338,43.95060627023743,57.54878097124257,26.554884603837515,181.17646054459033,0.07985704279006028,35.833080132042646,147.5776039039543,1,6,0
2339,42.236463629175425,19.048952712808184,70.45118131170561,73.61492940396971,0.0,37.791457198704485,70.41781798682392,1,8,4
2340,53.408324447509756,45.23974261636198,100.0,43.6357238146535,0.1582083927123184,30.92619047236679,99.63813432752322,3,10,0
2341,53.211479620997295,64.11772799629955,55.00900012946991,77.46298613486242,0.0,38.51810709596358,83.88794230821395,2,1,2
2342,50.06092040306829,52.87846603809554,80.29882497654523,1.0,0.0,53.919915761813314,34.36958664236549,1,4,2
2343,58.738763394927,79.22513967184719,91.28977614732993,67.43562675084091,0.10775279075810984,35.536015011844846,96.1503167930831,2,5,0
2344,73.81292549572683,65.3766372887266,47.25798901718811,51.59357010738367,0.3772492779236113,49.65573558793184,163.2457947486151,1,6,0
2345,68.99108270882647,40.191524175116356,58.71742839140838,130.8714315463662,0.5922250768231042,31.936687811203896,150.15685016527829,1,5,0
2346,20.30204063100193,50.409700697771584,44.55221273807102,66.32928802200638,0.7537156080379275,47.58756192656039,111.58963813129624,2,8,0
2347,0.0,49.28943946183346,49.445859832764825,144.39019677894242,0.4895522392899279,40.016558556219515,155.61341465175536,2,4,0
2348,68.68639822478548,26.26734854980809,37.80986790867347,169.92419965346608,0.09298983956007012,43.520248287892805,47.02407076529117,3,3,0
2349,22.662426031691577,35.8940162527347,47.488788465549334,139.05876681437996,0.0,40.07153256097487,83.72728355474969,2,4,0
2350,45.50469196214633,41.588586395302094,100.0,89.23058555699618,0.09728397411874468,46.416252324412085,119.79024703651041,3,6,0
2351,26.59773947881281,19.45669245716095,47.113074272742686,107.05572483527965,0.0,14.324148820662419,93.47925865914442,1,2,0
2352,13.960391248399603,50.712402023774644,73.16148047651726,23.75075299279702,0.8262467237950226,25.801746865424306,87.65883347617213,2,5,0
2353,60.82925456409576,46.26392233020439,57.428281158226106,93.31103137393802,1.1365011776855858,44.170804980086444,39.96781338394524,1,6,1
2354,65.18310320605293,24.906591480326387,99.47164842592348,56.97807659665835,1.1569997469419575,19.564616461037645,0.0,1,2,2
2355,38.46979198546561,56.06319297915998,100.0,134.71631905746494,1.0298669152894742,34.69419644352791,140.89332124748182,3,9,0
2356,0.0,60.73809117036439,91.60174955347367,228.63761946222368,0.4065319851832583,39.456591589633504,112.16107866261129,1,3,0
2357,39.075111034950346,53.405517182973334,77.65336382756888,124.99108179869046,0.1346311041668723,31.71859862387103,145.09991891050464,3,4,4
2358,57.83608010805093,45.13897737186545,64.22351157897754,1.0,0.0,33.08438597306226,78.13820289208128,1,7,0
2359,20.421768624517426,58.87163227627782,40.20313239521875,81.93849035428136,0.0,42.715822001535926,64.36110575862031,1,3,2
2360,53.667198395583114,60.20330540715037,100.0,106.12454626872274,1.1942975903555002,50.09294955779809,100.32739833183172,1,2,0
2361,49.69380301654009,54.61105354579533,51.00817455618616,104.36787126301319,0.3777022734490179,30.415506187451925,142.70998243064082,2,4,0
2362,61.58582999202177,37.630816243478584,86.59115867582103,63.45934371956234,0.0,34.2494180381263,88.42738925061728,1,3,1
2363,52.39160736828306,54.14901148266771,96.48913931558494,112.26458713184677,0.0,32.68739026672955,140.0892592164243,2,4,4
2364,30.53862118236889,67.93220976238219,56.11798757736676,37.87495815403064,0.0,15.786202481227214,49.68459972034566,2,5,3
2365,73.93143003328983,41.05056412082405,95.95031318289905,52.754563865746654,0.5301171395105887,41.41711790317509,91.92764334150664,1,4,1
2366,46.8294085394606,81.46909008698647,89.10533008347139,132.28988208018558,1.2472274957494802,49.34717745828492,96.49429279609845,2,7,0
2367,49.45390920980136,42.115535990219236,100.0,49.2168384560087,0.2564073152830918,50.16643207315882,161.319497196096,2,6,0
2368,31.33464081853608,50.486105200102045,58.26633833933222,126.91058027461287,0.0,31.29233623559261,110.38136990079542,3,3,0
2369,41.134354976169796,39.91271605990496,37.85339956800713,31.526811267197104,0.36757376538875597,27.483019514798574,187.30387591470975,1,10,0
2370,32.30394571946198,53.34906253880391,57.36275611388722,188.24129418958682,0.390664269931963,40.216055475916846,32.615760002625876,1,2,4
2371,46.54107880153154,23.866674610470874,75.22133856335829,61.286503879797266,0.3425558383451348,48.29273686566467,106.49594522056398,1,5,0
2372,84.23416960284686,41.80937301774918,71.45531817712641,88.81667140982779,0.06077718346700883,41.54850448310384,108.9699019590223,2,2,0
2373,22.56197714137287,33.61818199477149,60.16405259313624,116.53066305452029,0.6522073565080897,42.893046358737614,131.00465987934336,2,3,0
2374,17.72877204246518,52.03007521838436,22.27006352556893,71.73250237494528,0.5462987806043013,51.41830927736233,59.33200317755544,3,3,0
2375,79.42340654987217,64.91671063263361,81.76207490322766,107.17029805356522,0.482618780111347,32.60863440769297,184.22231697054178,3,3,0
2376,45.81352645696268,59.69009280671827,100.0,128.7678362260063,0.788848953010076,37.800299133269704,100.64819707358797,1,5,0
2377,36.61854522680167,14.425109587116616,81.60628095307509,148.03066162517428,0.19911702379650253,56.34605511761201,45.6466243532541,2,4,0
2378,70.79809374792153,80.6310447939182,85.22838797633784,139.57487179864785,0.15939003120954276,38.03188876902373,99.19875047931907,2,4,2
2379,37.88768920526272,54.429199109313025,84.31113265387755,91.4094768098663,1.4660863027097797,27.32663034033429,84.34192385599432,3,3,0
2380,86.52019427093873,38.35251289260499,79.92616674706,92.66841129781989,0.8915487868008052,33.30643903749705,239.16175711236644,1,3,0
2381,63.558517426785386,52.35691878486411,93.29164917170237,217.45542790125162,1.0788622426599597,30.618201487787577,152.49717997625066,2,3,1
2382,40.24177183708595,52.64284733754039,79.88434202964164,147.4944534124646,1.3582732097338477,43.571625857012705,102.48306778541087,3,9,1
2383,93.14616426531006,39.99726924572654,62.1830707586681,53.90881718398931,0.86816092643736,31.04052996411221,94.40416574003977,1,2,0
2384,37.88570153993323,52.96875001013113,50.10027724978115,104.99940818827758,1.1498720753953195,42.71034252861244,147.55284312407326,2,5,0
2385,64.84190744018613,40.88791568569539,63.77565861798312,83.24284306109037,0.0,32.639347814593506,149.94310801641072,3,4,3
2386,55.985851608129835,43.934570109649655,77.85323741126665,93.23328830384452,0.642907710397219,18.76621461601772,0.0,3,2,0
2387,76.03482578797596,39.705812963673736,62.09792597192567,38.525242114595606,0.3720970767299707,43.06619786981922,132.14965773666668,1,2,0
2388,81.23022393453705,28.509930653905208,77.85846707828576,79.40383828070235,1.6743788636298664,41.48463681546889,101.39832719893133,1,7,0
2389,50.64008298131533,52.18754705323076,80.97875334251044,190.57778865969567,1.14935187226231,45.177578157088405,34.442808910651195,1,9,2
2390,34.93164259307633,58.77949154774507,90.82948578175454,128.95381504377514,0.058688366444774154,33.27012780834743,144.01070698120884,3,7,1
2391,59.19944285878233,57.723253941145586,100.0,1.0,0.7609559109704441,32.20455524640624,212.30940067791326,3,2,4
2392,36.44569260495788,62.298878789528516,71.95018546197144,160.83617462489735,0.6173769334144679,44.01466858481545,127.83979734138904,2,3,0
2393,90.26774495053246,54.86510315022302,37.30558587130848,154.48147614545806,0.81803200320656,55.190195725309806,155.0214221128432,2,4,0
2394,52.73070662165475,42.00911752674645,61.372397579520246,82.03573478467918,0.0,40.11168009506328,190.2059545982202,1,7,2
2395,42.69356897375783,62.59495796646783,71.10156418516499,135.86317718916075,0.7520115256667577,44.24585096047145,58.486892463997414,2,7,0
2396,53.69360611729817,29.637236902370976,24.105781095572745,57.030039459139964,0.340294055498236,36.784123155742925,7.121427741654145,1,5,0
2397,23.05747420940607,36.4899292623128,100.0,76.48721418668214,0.6977148348389203,24.563694781263152,132.8433031654751,2,2,0
2398,30.56771922978697,35.53699892865133,73.55944781276166,174.92731803349267,0.0,49.67429419154058,87.61942317792744,2,5,0
2399,74.00827815888852,66.20084088708965,79.53382086450712,86.41349800651457,0.09045578002238042,49.084142390861615,31.291327381422846,2,5,3
2400,36.862114420572084,64.14182771210113,100.0,6.513416902250441,1.3216894142566917,47.10774025175194,96.09150319321034,3,5,0
2401,29.061780346361207,57.309578555674925,54.24642924644133,96.83483886093316,0.0,38.18054561657581,136.377368689531,1,5,0
2402,60.73305505054572,66.07894797817696,84.35104827210075,96.07058035428216,0.0,45.970560997385405,92.55141676178201,2,8,0
2403,73.71408309325994,36.810758263820176,67.25339692245161,159.91842846867297,0.4638931199490954,48.937617973878304,60.65861846324813,2,3,1
2404,64.37906621330134,55.22892679791471,65.39782832460202,100.716821108788,0.0,56.20158684956707,88.82464698517448,2,5,3
2405,69.92095371611633,48.12238357425254,50.69519030489052,78.92088442798536,0.0,49.88526104647442,99.02617673493272,2,2,3
2406,34.864098228610786,62.70323155827371,100.0,152.2528072615603,0.5735531798458064,40.63821225033639,3.525886868695892,1,6,0
2407,21.563786665163125,48.271636511717034,60.61249899811072,106.03951162505551,0.0,26.917467445756284,92.86125234146533,1,4,3
2408,80.02667303910974,44.22585667384878,87.48660617239256,62.49886592171415,0.0,41.55658297671741,32.782976392755415,1,11,0
2409,43.546403223157284,58.11362777841485,23.124815313201587,157.74987802708088,1.9378669080465503,42.565773958493075,132.95129760105482,1,8,0
2410,44.983339670899056,63.1425375078685,99.49971324224467,109.68308822583997,0.8216325412783063,47.09029775318304,21.9478712206611,2,4,0
2411,76.56388283698115,39.97482207729797,96.30527889892647,100.14629833397188,0.0,53.53891859323426,150.6346102275468,1,4,0
2412,61.1246001880132,49.08386492971436,72.43585275743257,108.89541957058272,0.7927505547863379,39.048494879432205,79.54174653930292,2,5,3
2413,59.117755441632156,34.123390495375205,64.3264383465519,46.46658142917015,0.8971313338906406,61.00987189813111,72.8512146613994,1,5,1
2414,93.30004689802168,12.529084737605906,80.00000014033915,73.61731119108313,1.196090094063167,22.407129799594227,114.7227298650986,2,4,1
2415,37.12963539239714,53.00689447120593,100.0,100.17913009163917,0.4109907793802887,44.19341872461625,56.6982777388304,2,8,4
2416,68.55680256162475,59.13358034381948,25.919082527412876,90.26681524876601,1.1835483919410223,32.01479607815972,113.9372877065032,1,7,0
2417,51.14026249794169,53.93100213630088,89.55068468935319,163.62141914082977,0.0,20.92778000311197,63.394561265581466,2,7,0
2418,55.37184557726514,20.756574233684493,47.209567446152434,110.87029263635017,0.0,37.982256237008414,72.16327438376153,3,2,1
2419,80.56936852825064,44.73725854885288,69.50204009250672,142.74519613182014,0.614709981215519,25.428273015790435,120.26770846645677,1,6,3
2420,60.15671512579247,16.72478359923378,63.80299702303343,100.46976772879248,0.730743472965454,38.385721019671834,43.07096331328086,2,7,4
2421,60.76592158099266,70.54551661481277,59.29204355505611,152.81442418730614,0.0,40.347692480944566,36.78313491188215,1,3,0
2422,71.45014674619604,33.70918126822871,69.73837177368176,119.8763878286577,0.6815939938842114,51.1854140933595,112.41127537051709,1,5,3
2423,42.70094540914229,68.83105414189845,41.645721368055234,100.671024269423,0.06331182591891776,24.924148652360625,98.65500737553077,2,3,3
2424,33.21580665321987,64.18804465526219,95.72951090319918,99.33584555204902,0.30612863404098406,49.08445165645772,108.4346372404696,1,5,0
2425,29.103816119579328,36.49114471195907,25.14641222003499,52.278068685451835,1.2173416604655076,40.98080450279794,116.38196183607104,3,5,1
2426,10.672868212479962,33.008225730983824,83.49411282070855,125.34578600681553,1.1362562478220197,50.28849153609595,102.86877769034906,1,6,0
2427,91.12414259880644,55.25555324579507,61.836603686635726,97.98976327318105,0.0,35.682488249688724,130.40463119835346,1,2,0
2428,27.93583268556634,37.33513944225393,40.72687765481366,74.90040199093977,0.0,26.677554132365547,104.87181434893293,2,9,3
2429,45.57492752828456,51.53726963237311,75.05958426496738,155.32308854060358,0.2121786231126786,27.82500673784134,0.0,2,9,2
2430,44.463734002221585,42.757586137896226,31.076222832338054,37.48919870525994,0.4812775891789524,27.08192546332884,12.605770266907228,2,4,0
2431,56.148133956182015,23.2826237830155,70.99284554299086,78.8752052283783,0.039471057997681414,44.77814152920655,196.39745901210415,1,4,3
2432,66.31474425078594,16.542979713133114,34.42807730471114,151.38593743897667,1.2284497099597673,54.769220222147,100.00359335294316,3,2,0
2433,67.2094697671949,53.40026372741896,81.53180210794578,115.77614704601267,0.7431728891959887,34.35048473344779,147.51208258585484,3,3,0
2434,38.33845122862123,41.576633805040615,46.89106665924061,97.60705361736214,0.7842595769121004,46.291352982577834,82.7148047186462,2,10,0
2435,46.65756572427177,41.703652746288014,58.72514957426726,112.55017715750733,0.0,24.765579418643803,97.09924528030348,2,9,2
2436,55.651599009765995,60.43795758640678,77.34873469857905,108.97070855244206,1.317103502168646,41.80321249177299,77.33176728645782,2,8,3
2437,45.02617747632906,67.60163414948667,50.6864472039441,24.166872685703936,0.0,46.68562616337127,223.29636657306824,1,6,0
2438,82.14691152039985,45.91182917957286,68.55090000829243,82.53690573260192,1.0838388162945582,25.518752247231316,112.66212111820712,1,3,4
2439,59.81949903276502,44.89101939635208,32.15423746887866,180.82608272568746,1.1540182163695398,37.96116531020145,73.25710472469012,1,6,2
2440,64.69755572099635,57.50214549670826,85.77189008990389,67.03379326114162,0.19731916890542694,47.159171404855655,17.423014328490467,3,8,0
2441,63.257625373348255,29.64596645450637,100.0,84.0849492947833,1.3910371520731966,10.66229352770523,198.6866721367926,1,5,1
2442,73.4694771497065,53.347295821215454,100.0,72.91896183454062,0.4558317129319575,53.354530617017424,91.83608073858483,2,5,3
2443,53.62043117407414,58.27828957733231,72.27920366666098,95.64923883409313,0.54370219232921,43.536793758910484,137.21145597807987,1,2,0
2444,24.06336104088307,60.203453126264435,89.70510351992966,70.8438584337851,0.7376701511829513,47.16727647717343,142.7998645153273,2,3,0
2445,57.99375903505283,20.948709462463025,25.48435817731277,124.337075107903,2.7306024382677383,35.87280720805236,76.85847382848146,1,8,0
2446,36.97286212416342,38.57967095286589,100.0,109.86567061451333,1.441103735658103,22.772775184346447,133.6226387693078,2,11,3
2447,39.42766636500487,36.826051207648,89.40571261810265,138.6773807553509,0.9907918404990426,45.340629563169514,69.79308566241912,1,4,4
2448,61.72728037510186,51.498304316138196,57.901663876219175,47.452941690551974,0.0,39.17409674583488,50.47868189802921,3,5,0
2449,74.76566142867271,57.211168696519756,100.0,82.98297585585485,0.6005128778356446,40.32115455432321,158.22323462561062,3,4,4
2450,50.425431534721234,72.45065611168972,63.63809808386646,88.71386841939325,0.0,50.876069851989534,92.09053100889003,2,3,0
2451,56.17666025197928,42.575517794478905,58.54937042463609,122.78234550442974,1.075477593097969,47.62063873862598,125.92564168013277,1,3,0
2452,84.04429889270476,42.53641252536179,81.88337313568728,60.33894013964828,0.5983268830143997,59.212374170896126,120.54604969408855,1,5,3
2453,54.81506358977136,67.24508028318121,43.41613750424203,145.7826902129172,0.0,41.53854228873499,131.89659800276445,3,4,0
2454,100.0,54.44865407795458,95.5406191099987,159.32077952588043,0.556787208392952,33.08787562208883,22.17315328991876,1,5,0
2455,61.31019291263088,69.01477266781961,43.600254701828916,50.55638261822081,0.0,38.115831530912736,70.7354734341815,1,5,0
2456,14.784744816883645,54.33092004514754,43.74863025442035,75.45635525532171,0.605851354936283,44.156633725386065,83.77624212517875,2,2,0
2457,65.06683242209066,32.64325071930094,47.25775528979164,73.40342458539538,0.0,50.158565189929774,58.426066354925474,1,1,1
2458,57.62316769765555,30.0030746783329,88.98750093790305,231.61931023387493,0.519241343352569,25.329660485612813,121.45034240081938,1,1,0
2459,75.79505508165491,26.727316264116066,54.58061596200731,78.50499473960566,1.0253289033545663,40.08537615179169,159.34465387979486,2,1,2
2460,63.46362702539917,59.930777521377095,36.30010539082078,183.88127210780672,0.46286360565242574,56.09541657038369,167.2592327673149,1,4,1
2461,47.23088032032452,67.82895234630513,54.85800000160505,36.66840024466952,0.22637821297932792,37.597911289974796,83.03976173950582,1,7,0
2462,25.514035274212684,77.74043212079572,69.19894073298782,50.51745169178183,0.6422933547402238,49.310118548691044,114.59829312289536,2,2,2
2463,45.819534854279496,62.6465799848486,40.47568790839036,65.66977340758996,0.9880278345549971,44.93117527216005,122.28217522450497,1,2,4
2464,32.989590915814,67.44257866302479,41.20797227414141,57.71553442767388,0.0,49.5586060652498,131.06280471017647,2,7,0
2465,38.389531003905546,41.29975501019473,100.0,86.60506329207506,0.6824593082936418,31.902394584000675,56.093246346367806,1,1,0
2466,61.771568088412195,32.65376274884215,48.48586490465283,64.56108986392509,1.4222785733121799,31.945983299344192,191.02901341324832,2,6,3
2467,83.39809008702812,62.7511899862633,61.923940780674826,59.03292036327132,0.9015598742937007,40.20271892122288,146.32600921732222,2,7,0
2468,57.89343059645962,56.26521128359101,60.81907498001785,157.9235998236664,0.5404279026670595,24.677782127596885,147.63246718462204,2,3,0
2469,26.082338759296313,51.61166561511339,59.46607980573896,161.18968112565824,0.9478162546892263,37.30259393388342,160.17300284501982,1,5,0
2470,58.89205336440281,55.81057220949485,85.53366849922756,147.46482491876577,0.8167475192718776,42.52876657515667,126.70679711329922,1,7,0
2471,73.93262973291303,54.84778223687309,93.70357376180124,126.1999477792164,1.02752077641187,57.84635606949772,48.63432884745138,3,6,0
2472,37.804341913612355,69.25725289780343,62.3511392117102,104.63715328897761,0.0,44.027181892698216,93.05136342224466,1,11,0
2473,47.31965666654165,69.42478377225433,39.088042835191274,75.14846546670456,0.0,46.252284708731025,17.44733024690423,2,4,0
2474,50.29376389458394,58.16330528510521,100.0,52.342124762245405,1.203380404638266,51.64475847050006,120.75362548495421,3,9,0
2475,34.3020337383552,62.68704308844392,67.61647272008294,118.14978517163436,0.0,30.353424111049435,91.53931709172267,2,9,2
2476,62.96560867687718,57.710938286371636,100.0,41.318480372660105,0.7810770450034435,38.34917337629014,97.97388082365342,1,7,2
2477,47.58103702784437,43.082454019480714,13.860352560870929,50.303953541230335,0.25356524077739584,64.25412591803892,160.20005650428257,1,5,0
2478,58.39064887814055,61.3484701236971,74.88508053208301,157.64566281024048,0.0,39.20877777615491,77.15029807217704,3,3,0
2479,32.250156443958,29.082573967111074,100.0,195.03245208610434,0.7447548300032315,51.16430748782207,87.39384206139619,2,4,2
2480,41.25083399353179,65.80837328443825,61.168396614046046,119.66475690832404,0.6407234526015995,49.63737877173107,101.09866479816081,2,6,0
2481,64.44762715655543,32.082155903509474,64.3626644166341,155.32285761473221,1.9772398564674643,25.21886285612311,8.000387529318374,2,4,3
2482,42.54333695816466,54.287049301920995,77.38779228975847,87.70758412780083,0.06263215682487755,43.10479277005933,86.69681721189984,3,4,0
2483,84.53927702466811,37.32269062360761,56.03010452787606,33.11629069561579,1.5080770840484214,41.46747472205226,0.0,2,7,0
2484,42.00727628770795,58.3008347461164,62.19820169868168,130.6085809309292,0.7466960400690201,43.299587878404346,70.72392190521305,1,2,0
2485,54.49369451503772,49.49112161108137,61.55462264521492,128.4644661635032,0.0372846829201014,32.4588752020894,142.75945266964138,2,2,3
2486,68.65181663746179,26.078660627550015,54.31448163934067,103.5834276940122,1.0594725202620716,28.83080488087841,122.36332791255344,2,5,0
2487,21.632685341339368,56.31049446527718,100.0,87.88122709474443,0.8960169531177659,35.23989999979149,70.2589844772962,1,5,2
2488,14.783823760384479,41.33118834750934,81.52695080741088,148.1105289290549,0.5250903064006345,39.022050029157974,102.03991091119062,3,3,0
2489,19.486873708598104,63.21720081220054,76.26570580258254,50.71334832862628,0.6864067495084364,51.849844476003156,46.25052164347972,1,4,0
2490,75.25168206854364,50.019885331016106,90.21427517225291,61.310971055467114,0.08210907826812786,58.17310819725607,99.88282984252399,2,6,0
2491,38.96283708215107,55.93131478082057,63.391104169913326,49.5946746619786,0.0,53.965978462231774,246.51601427462552,1,4,0
2492,100.0,35.63646567477182,50.64490454117748,104.24864813179136,1.0316095216758079,48.601852107818445,192.29006601859658,1,1,0
2493,38.71504802685223,41.16001652858957,54.93439238463606,45.605349394537086,0.3432424029807082,29.9565973770041,102.63110650086305,2,2,0
2494,53.69102606394074,43.120420458483736,70.04457602761522,65.78789097423783,0.44394190122563526,35.911038250105044,108.00720824576872,3,3,0
2495,80.84219905135751,62.85053720363834,43.519707290677445,64.7122218886401,0.695875117160994,42.09926052412998,51.02173426827245,2,9,0
2496,90.12185776318246,75.16065631708234,57.49347458533311,86.9695833833021,0.6857018413486657,33.67560961923825,59.91054460244748,1,3,2
2497,91.23007153272795,37.92242372385685,57.09708395321413,25.63127767980116,0.0,45.77205652527951,118.10921610523471,2,5,2
2498,74.16732461186285,66.1527221698652,100.0,104.36024960186334,1.400376460518401,47.20486108254288,73.75537171817575,1,3,0
2499,70.48125051622925,17.454838734114468,0.6546265016520891,162.36518253323388,0.5848275063304748,45.36290062565469,145.2074797425791,1,2,0
2500,61.85053898402366,32.08715898361566,65.50950696485917,106.77456861583809,0.35814271602449543,50.251346045575815,178.48428404888784,1,5,0
2501,65.56722152333276,35.618323157198375,100.0,177.06605724006602,0.8015922036188227,30.954087862869258,116.63103923905194,1,6,0
2502,38.97628567342933,29.712369658389164,73.04611160331135,166.69990929384625,0.6655795355304042,49.32828704092198,105.08686029199633,2,4,0
2503,33.63602233155386,26.2461741531863,88.83543683552732,138.8867523623927,1.0369438826427915,33.04354549879804,15.961018754467418,2,9,0
2504,49.93251085178096,56.19498368206696,72.4956578774942,103.73429213184428,0.8765885705056587,30.590640473571145,137.3805122636025,1,10,3
2505,46.59630754950143,46.788984534082076,53.31666546958799,101.12501941227198,1.0024923602973868,45.321161341863814,42.81643492304708,2,5,3
2506,40.9354390134545,55.69108096407665,13.952101637277174,138.189988618163,1.445695734009261,52.158735621989806,79.09954356832901,1,5,0
2507,63.927748949134305,60.35709029182269,75.13639217590757,80.41646952479837,1.1185371842796803,44.8801348637601,147.97879461925675,3,3,2
2508,69.10610417141021,53.984254897588,50.60983488494022,5.873962426626804,0.38765964577000617,40.20804023772544,151.4879082154516,2,6,0
2509,51.768137725836944,59.86644764225561,49.9916148458674,124.60020270514799,0.0,43.10153826101507,76.67462363249413,1,6,0
2510,79.55060162110524,48.95701570636596,57.525318600522205,43.446568503251434,1.6674585531031605,41.3642691806728,79.55422325400069,3,3,3
2511,27.1662177173299,32.19509917541383,100.0,51.89293859048077,0.33359363865702113,28.74049103864606,65.0340563371664,1,5,0
2512,46.12681081440564,65.86721271231194,100.0,100.0111973997894,0.16882481064763438,27.573798550550848,40.10731273370446,2,7,2
2513,35.6635535879439,41.1633180082831,75.43019843821003,95.24375612232652,0.0,39.211741205265454,68.26022589478791,1,6,0
2514,12.6692676585388,35.966055518563614,58.38081940220681,29.39621968421848,0.736931173718478,40.798568357693036,19.343499054265564,2,7,1
2515,48.34638628314602,47.331231862934025,40.56933956371974,108.27457820665701,0.6042206227676391,40.11332378367734,134.15312907541323,2,3,0
2516,47.56504983233433,36.3078362105523,81.71350403865173,148.3069830430524,0.0,46.76101613649913,119.72618025809379,1,7,2
2517,80.26899486484263,43.73854427015851,100.0,43.58292148671086,0.817291829493223,37.8452328383566,128.02646424352562,1,5,0
2518,62.61623369109555,55.160808823452,63.81649032437108,163.62416654243796,0.15126565550899268,45.62979181904856,52.27979747124286,2,8,0
2519,29.5162635134159,55.2251260886919,10.525098981169393,21.991458743502804,2.383220505102085,38.55413232673552,40.24647182424719,1,8,3
2520,87.08185132668376,36.53254900361556,86.7512417953881,205.8662072185477,0.10144716553639227,58.23358962036466,102.67571371567801,1,7,2
2521,74.42067391050706,42.68441940576883,94.63499278625123,79.43697847582584,0.1953646674615448,40.807137267264466,103.20512824751127,2,6,3
2522,61.64195406937232,66.11499507155366,30.353858990353814,107.28084984134456,0.0,63.407226115256776,92.63650862435273,3,6,0
2523,45.47031802300336,57.44600176600912,74.41210459157382,5.398321375716492,1.3945135647293805,43.52011591090864,85.52583654060753,1,6,0
2524,30.811215265530404,81.12597559022812,81.28065040340248,96.89319667653457,0.23905694387467286,37.863228294117846,185.53878888471934,1,12,0
2525,42.55586447857894,67.7019226061229,68.17231744977654,111.42410888590959,0.0,31.005520237403253,121.30125058964892,3,5,0
2526,71.77497239408372,67.16439602839908,50.23072702286616,95.69189479502528,0.9948685069443797,25.571114259423062,198.53391957332457,1,7,2
2527,87.69172611869217,29.181971743162972,95.3984305890889,71.84594614738131,0.0,30.085577156038433,163.44825127158165,2,4,3
2528,80.86487056544378,61.45790527450134,59.915506350782934,52.67177407360926,0.9375773823742631,31.203936908360102,185.16354630086724,3,6,4
2529,40.223011564274515,49.20339797454634,32.8703459325017,156.52633097686555,1.7469798016206004,43.94820020412177,46.2768616821999,3,6,0
2530,27.607651334219774,41.73527294692626,18.763137858257977,101.54035674989751,0.8966254829845622,34.73834628939812,129.6585495499015,1,6,0
2531,52.81772493822408,52.52023010798793,100.0,177.03761882583862,0.9465288213819474,41.86927052554498,78.41172555033134,1,2,3
2532,14.63121268874297,64.17817301917225,85.41659941177795,73.67588226025384,1.1090421518352387,52.81978362376686,16.830664432023354,1,4,2
2533,56.46335428369563,57.51247386506317,72.19933867822922,78.26026533138915,1.6967956200728629,39.12191648365146,174.80015847777628,3,4,3
2534,47.04794827402662,36.8228929798691,58.99313407872991,140.77971222980815,1.346925772013373,60.79156698466804,85.31537371471855,3,2,1
2535,40.67926996263515,61.1368837038893,56.775039644921826,18.85125189982179,0.8077688055911165,28.241890196608022,47.244918486665775,1,6,3
2536,18.10593865466409,40.436186868860545,43.10658378895972,39.32683199235385,1.132723980445201,38.49416451625072,79.27180683756532,2,6,0
2537,60.27200213139433,53.250246784464295,59.21360888600288,154.87424856765819,0.0,34.606870763890214,60.18879386130904,3,2,1
2538,39.34598320676177,45.44974898784299,16.99781962199564,41.40330353884026,1.0434055135231253,49.36506606057008,65.31510161916664,1,5,0
2539,26.60166328579424,46.71700622396561,51.598408663287145,9.047449234872616,0.0,17.60208369633879,88.91983049086753,1,4,2
2540,0.0,61.493644625607644,62.226562091222654,193.42635940365454,0.24308430695786137,25.568847108221888,186.54075965223714,1,4,1
2541,49.44970189898727,34.39709420276153,85.24700117976047,30.309117606289732,0.0,38.926531775490375,66.68413917276871,2,5,0
2542,85.44503193339489,79.17792611415399,69.0018384156659,109.20596991640848,0.7810007615572234,55.51377721009493,182.96353321095953,3,8,0
2543,83.2251842909574,22.683708960582553,89.87307784688898,103.45425963621356,0.049289592224153134,42.25841834037307,142.44183979897608,3,5,0
2544,40.858074868274564,41.03498475117714,100.0,1.0,1.2778016506431236,26.484525457357663,119.8135781793043,1,5,0
2545,37.955758792764385,55.553178349126114,96.45425234560254,86.63414884160956,0.7731348274237819,28.028334073097696,137.40600161259374,1,6,0
2546,59.375485121500475,58.76471249652965,81.76274618446392,122.42066247395547,1.2868671262911375,56.72989702844953,100.68278319187287,2,4,0
2547,30.03229121623417,48.492864191424424,70.29656697951961,117.71546907594303,0.0,33.788652012037595,164.3025051931713,2,8,0
2548,56.03583799638932,49.13913945497686,45.48029978966102,145.17603419017507,1.226870226011743,30.57036627550236,128.34901316335504,2,4,0
2549,65.32160556769381,56.158251279914246,88.4986012844829,80.6254342547283,1.9740994410543287,54.7737256063086,16.766700748724347,2,3,0
2550,74.53866447768615,46.533957838134796,100.0,135.62522210460804,1.034910809952326,50.110970055869906,114.81259659449826,2,9,0
2551,47.99691847040094,70.89771886902359,78.55265099126045,65.5335465959964,1.0532443060846022,52.74059643266796,139.19865714963075,1,6,0
2552,45.926524996460685,62.590236713474035,100.0,29.476629179361254,0.6187183734764545,30.499581197341833,85.54993906993914,2,1,1
2553,32.440348264868774,63.09236526508452,31.860707298472903,35.11358121593837,0.13273185360424505,24.748943589856395,106.31279363569664,3,6,1
2554,33.4623929192028,35.50764914944374,41.14591538051147,26.894477240229264,1.032834660891056,41.33166489362706,69.35710026627964,1,6,4
2555,45.470422161969466,48.809173633914455,91.38003769370656,150.4792983945597,0.0,43.35126133073664,31.118717196821976,2,2,0
2556,57.347310136323564,45.493010769189446,76.60725525383128,24.27132454707217,0.20757141255542855,43.64601803704832,22.481156453438004,1,6,3
2557,68.27169252466499,34.915979364658014,100.0,113.70194203246515,0.0,54.78183935639002,23.14660064655682,2,6,0
2558,33.9364209863931,55.402462759186506,69.6132089818315,86.70379029637834,0.00744053587944199,22.662329099917518,133.4522371235266,2,3,0
2559,79.85377137919043,41.935313633302755,48.300614436791705,94.86757132746843,0.9494315643254928,48.596950512977656,0.0,2,5,0
2560,44.57752797914863,59.83105744775356,64.66016894487393,168.180364759985,0.8537753633543242,29.03374955852682,66.67600365182594,3,3,0
2561,49.57265411303128,33.947126556585026,31.682900726906645,78.07863163923633,0.5356395868748309,48.55735320860841,61.71733573773111,1,9,0
2562,35.05576641704353,75.78560919262732,41.78523317257414,130.58007807748416,0.6192806958434075,35.25043295478623,85.89202320062677,2,6,2
2563,1.5151947945411663,36.555010121119075,94.31109994795025,101.87816756905559,0.0,31.860282041094884,7.178422503189864,1,5,3
2564,67.680907927221,53.28953505800654,91.81968536174026,92.39905471836511,0.2392064036003596,33.900972930507976,120.19440473703094,2,9,4
2565,64.73687794184866,61.877889655821015,79.07510712015193,214.99845621932366,0.023053875495353038,25.543897992234374,36.34193029200505,1,6,2
2566,44.37344885763573,41.44039354699831,26.973061975988266,27.93291271423152,0.03865821663982144,40.40428939833467,156.62027703546346,3,5,1
2567,51.33981434449744,62.78702965149426,61.039910612177785,164.45659177187224,0.9197050394696273,32.27326609339543,68.91171562055838,1,5,0
2568,60.31878435408199,31.562246032993755,39.375002783498736,132.8203282744986,0.0,47.86298230900278,95.21934882940398,1,4,3
2569,18.749082862269148,71.7817654877384,99.41333134469413,76.0237502684108,0.07672340491081237,46.400560810329175,100.18869282776032,1,3,2
2570,39.418946453074106,50.212238974486375,55.40694666093497,181.46592587208062,0.0,56.88157052902791,112.2120526430286,3,5,0
2571,65.88529359243654,41.05382888046681,42.85630723046127,7.594494380573167,0.2941137737366813,43.663274835410775,101.85071887480711,1,3,1
2572,24.914211536615014,45.51227341358848,70.74490412803561,73.91166713504641,0.0,45.20677767080074,78.64447256336841,1,7,0
2573,55.871158643332585,62.13378904089079,53.99613857913471,39.57588978654619,0.5554420500827505,54.00099811827814,117.15242653470216,1,5,0
2574,22.8683639075319,41.23317062224343,100.0,120.604173243573,0.0,33.72337303973303,123.30735652474772,1,4,3
2575,59.328599648670526,38.759634658658335,51.629727561645225,44.34679494064112,0.5731795718844513,25.117417871769675,61.74326664451898,1,8,1
2576,49.28717035405033,46.67695103624393,35.01929351938422,121.65319733706596,0.39871996748035976,42.000940591283936,121.31839094867786,2,3,4
2577,17.69736368188981,32.34556830845048,16.177162106062106,90.6781792089223,1.6704292411296244,25.77366530785596,159.5860151200848,1,4,3
2578,73.29478708914343,77.30815861912723,69.23033743966462,76.03230286719578,0.8480525863172356,64.53938672925389,135.29470980522763,2,3,0
2579,35.308168464039014,41.50408113177915,55.95174715355184,119.43236230166553,0.0,54.55498292078943,146.61876208235935,1,7,0
2580,33.79495125971238,62.474251792706056,34.27738483720683,86.56891880309679,0.0,61.63976333301581,108.59604244537228,2,3,0
2581,54.011383944618856,53.14205125471659,99.73066153139463,45.568257847048066,0.5386456062946332,40.62446976663129,53.19247769625604,2,9,3
2582,72.9727469885743,35.23198924277048,86.68112868573104,240.06864948174893,0.0,45.50573593701598,59.517777014817746,1,3,0
2583,29.68356362043206,49.91067936180906,69.29455302656926,75.64164084854278,0.0,35.405245680473556,115.99439839272058,1,3,1
2584,51.233596996959434,61.76004168966122,100.0,1.0,1.4446824196836203,48.829248055867524,147.13818625761553,1,3,0
2585,58.57633000661146,47.1760799737054,86.56340083496532,57.89506551393057,1.0041568118337854,27.844567879489432,239.29559569970277,1,3,2
2586,63.862112145262884,67.89669418776542,49.428602462039194,36.636165581363485,0.8646838114442401,14.569068105252214,149.09109722193017,2,6,0
2587,53.528831105544505,65.32273089172796,44.01949590023085,141.3072808020258,0.07487386817035946,32.09289380511433,41.478212125124905,2,8,0
2588,42.65944321833355,63.78372281987494,90.44953861134654,116.0826329795793,0.7993737397069507,25.445265243826842,61.63637138200088,2,0,0
2589,33.44819558702561,43.10514841590505,79.90917391168378,119.93564008951721,0.00694777304538291,54.77926736159536,213.92586579779993,1,3,0
2590,51.722877660927495,33.8023632832777,74.24369419926654,81.49887670813779,0.6434001101523835,58.15677455080316,89.28055340116109,1,7,0
2591,28.55721976028786,40.796185919558084,48.837554928277314,86.03248764715393,0.0,25.97070927586889,102.37573173806443,1,3,3
2592,0.0,52.94361411000081,85.19868917514384,81.45344481961659,1.5614019153892098,52.9171560752124,51.97915397953856,2,7,0
2593,58.73119608315336,58.18680070298534,51.11252792165127,95.94034079322651,0.0,49.513849835007704,178.2551702787122,2,2,1
2594,68.07869682172391,17.42642892859329,67.45033363515805,141.76667176824176,1.3625986806575816,24.302233152811237,125.01666036603126,1,6,4
2595,2.7413512891632337,49.878301975823746,100.0,116.80377062526732,0.5272410796121312,36.09732469068382,61.26993260573442,2,4,1
2596,29.80538590580125,52.371338379847764,53.479144104746354,125.00564148104334,0.1573731032606065,34.1983627787548,50.308735557136444,1,5,0
2597,62.38308522010396,45.836836155266724,30.675268573178478,124.97794541246014,0.6169020451870169,47.479953986272,115.36019729489361,3,3,3
2598,91.14990939423397,69.36910758523818,43.68632020324724,144.2221218690869,1.0133436050247266,27.71220649094986,102.21030874402263,1,6,0
2599,50.415874153508156,56.326701113763065,94.85747066719058,114.40750207701274,1.456722715686078,39.01127374340518,141.60551086105636,2,6,0
2600,35.43994117541731,69.65287862121346,76.36827843450524,117.94240363394594,0.7192001161934725,33.140654960503824,127.34842365635998,1,7,0
2601,46.34207117790319,46.760592194746515,66.77806553278116,159.44031205965783,0.0,44.733411833851434,86.77598256156887,3,3,0
2602,77.4975283829637,64.06216238760388,57.27265486721076,66.7477040998444,0.538941086636052,37.83207968312071,72.80992022693168,1,2,1
2603,37.080716417509294,74.5259959179128,82.13399768882975,57.21287100242464,1.7717552656636608,34.64754296059605,92.0028925850583,1,8,0
2604,34.016159866994926,69.67540173908992,48.77237872524441,40.7039200406572,1.4433746598588368,37.86703424367922,72.46595766716187,1,2,0
2605,40.34512955635935,33.617876098569,77.6416392160649,109.1457281810128,1.136134434687051,60.36042832840112,93.49022335976191,3,8,0
2606,30.933427834825753,46.194858836864285,51.71863577967608,7.313387939043835,1.0569809140856705,35.83100363880611,100.82204643096908,3,4,0
2607,52.45340631989591,44.822529418253055,47.55851536812365,123.10770480298387,0.9896150634245793,29.58994781716213,55.10345533099715,1,7,0
2608,82.49356916939121,57.338818026144914,54.06281412937471,94.54034527497237,1.311128384156909,45.83433569155965,131.53399310489402,2,4,0
2609,56.461585462320585,60.295303325218,60.614813837900954,156.73198499105285,0.18035984999466637,38.56475330577043,81.47861427651648,2,7,0
2610,44.95292995747425,37.41660988961395,68.77925410165741,66.40413447675047,0.0,25.847660691335275,57.90578248573283,1,3,1
2611,44.163774621689114,51.01757770875407,75.88639487777786,89.83408572912467,0.548302450515943,62.31496335202466,82.4196285859066,1,5,1
2612,18.73618382606686,19.701090017657954,0.0,156.11016666466844,0.0,36.47521054413352,112.11290783101431,3,6,0
2613,67.66219554294318,71.62917508702834,49.80873605633088,169.15678233890762,0.0,36.22130546038649,104.15190999066517,2,8,4
2614,48.44325605974396,42.314386389849595,60.21075056609902,65.992381712409,0.0,41.59835351908097,121.10590574522311,1,7,0
2615,46.390401728187484,50.83795909766746,100.0,109.089061629358,2.23971974717358,57.30116769208839,144.91730625377645,1,5,2
2616,100.0,45.35525429017908,42.9999347904467,114.7209488842024,0.595287243853091,23.202546734810042,165.24701020040166,1,9,0
2617,55.975058167313726,67.19041362520122,74.06991545249781,118.68267028105741,0.7533354854526917,42.759858494205396,114.27430813440266,2,6,1
2618,34.964178998096315,7.437403379039317,100.0,86.87121703421889,0.0,60.87272161793628,46.529880638225166,1,9,0
2619,41.47284807588913,49.75084486511137,37.17578675131818,164.06916990618174,0.0,41.287286807396484,86.54445987348497,2,6,0
2620,72.9689141839351,48.41271863753453,79.84938064661006,5.514825818922731,0.0,27.6466602069652,49.78408078084959,1,9,0
2621,52.26540821075529,43.195454186124756,49.94320415163699,78.9434882599458,1.5067369096461236,33.816031470393476,184.84270368561408,1,5,0
2622,21.234440433652665,75.89339818453449,57.38415644276914,122.39653663864735,0.7339928262535648,42.068825297567905,199.37004412635815,1,8,2
2623,68.38457869150407,36.69005811716343,49.92222915116714,122.86124059746717,0.9190165640110746,53.30803915639862,132.51555987481714,3,4,2
2624,36.63711828922012,61.57694265853492,51.70356728960285,167.63795153073815,1.016996227441443,36.606641555839396,142.92294213195152,1,5,0
2625,87.4659555243509,55.34379183059126,100.0,159.91126966006436,0.08605543414120559,48.266517974324316,112.54715966183295,2,0,0
2626,71.60096131429297,68.92278878803273,91.11139680179164,85.72291873463881,1.4715759087813574,25.646311729531106,118.30279577303956,1,2,0
2627,41.053562086824975,39.99216372833742,97.54344654465523,164.99356217653025,0.05703468054447247,25.562816304049456,20.12728908354387,2,2,0
2628,75.62032723470226,39.00546651314362,82.2998371709124,64.29791281112725,1.4843626514837869,35.171993113150506,96.30338173715448,1,2,0
2629,51.357110210548065,66.44104861216098,29.84358028995105,146.54436913959188,0.8096115092947385,54.38028721873262,55.94234688268701,2,2,0
2630,67.05547350244439,56.37981962495166,79.87394925808267,190.52612392104965,0.0,40.68874639513769,114.0678268769185,3,2,2
2631,59.6946563458895,26.82593979984862,96.82324036268366,160.74720534274846,0.0,42.898111955666195,97.0195077305733,1,2,0
2632,33.07286690018253,41.91042478305094,48.665013149022215,105.28851917620617,0.0,42.78079595573527,197.3410981173057,1,11,2
2633,37.12900335365076,55.79573980772091,94.13316667902816,83.41106141139389,1.3142974929559461,51.09207982586731,145.83138443614206,2,6,2
2634,70.59921635162323,62.56646332319884,87.60840524635196,23.570435187035685,0.4826852054383193,33.89779307462146,114.22559912608224,1,3,0
2635,43.304493357869184,39.811540202105675,100.0,115.52698189571021,0.0,46.882851084882326,86.6530156430187,2,3,0
2636,41.927030735160066,6.286160152745886,59.55542468715953,44.239138601454044,0.7630228172037609,31.691173361448698,183.80107293799648,1,5,4
2637,30.89754841301294,57.8483477860555,42.55972544310683,60.34326681930316,0.12398501632817599,59.8327265592076,98.5022676936735,2,5,0
2638,58.47198131186922,31.695189650840362,60.95929726568636,40.46270996316642,0.0,31.996088957033102,116.58369808176388,2,2,0
2639,91.25049838486291,19.739918028163828,100.0,76.98038336716724,1.674576085878088,31.17610696921379,102.11248022134176,1,5,3
2640,28.64934171491454,7.515111125237887,24.289852978950925,98.60152927565089,0.5751001062676051,45.496698134880496,79.79230471463387,2,7,0
2641,50.48438913345516,62.20971290296612,18.290607114224194,113.68072905828525,0.2945980183806812,40.79788431432324,101.82531111927601,2,6,1
2642,78.24441110830858,51.929261756074496,72.23488197329033,69.97466822930184,0.2204026533097881,43.268524062609345,1.9016574660842025,1,3,0
2643,48.4071721750857,46.61515428931622,58.93526768064609,153.46418531975917,0.0,42.27313795492318,22.614679937940636,1,6,3
2644,59.04743592499468,70.83536544444142,70.19319732939212,89.58973710050171,0.0,29.096078011925613,117.48152708348138,2,1,2
2645,28.752129437062408,59.55987024534609,93.63279428089663,60.61387833672404,1.3994417494125582,56.133589290794845,178.40998452637433,1,11,0
2646,58.566141944152974,74.24450064082875,56.18576634702869,111.31461336217183,0.16828199114999665,48.93542205889109,117.41105520720845,3,4,1
2647,46.257114699909025,29.108967917495054,23.17485422673449,198.1776416771908,0.5154473906558045,53.58949951267116,63.9815572551673,2,5,2
2648,69.71459991359725,49.481740640690546,100.0,116.75802832675589,0.0,34.71669110889576,27.857312296633225,1,4,0
2649,73.74772103129501,25.749299375779785,45.0692928140306,81.85721863131964,0.0,44.165235447151716,139.22636302378191,3,1,4
2650,100.0,46.55926502216799,43.52407194969756,23.626932194064793,0.926868763912327,41.97368462234691,71.64024244924495,1,5,0
2651,61.59266346427151,46.27076219349984,97.59300034306492,89.02938395139648,0.7643982320796835,51.28002626201508,132.161770927628,2,6,3
2652,56.51592633164333,59.39920455894606,60.38777197396205,111.74640625440578,1.727362639107021,51.602481318296185,119.49325790328587,1,7,0
2653,53.88768603154672,50.683458217128475,68.41525369912974,80.6209554372215,1.4400694321418583,41.93050802958115,123.91501961273447,2,6,0
2654,42.936674143786234,59.35110707419874,82.06975310150796,16.730768087950025,0.33850231926062385,24.820488681567483,101.68008536767779,2,8,0
2655,56.76967686923382,60.55160199708341,97.08957757774989,57.47173052482831,0.8310674952992897,57.79661887087689,119.18221924848206,2,4,0
2656,44.091971797219415,82.32393016074712,61.6634826704557,172.7269230443879,0.2783775899678482,45.55987433690139,94.02727993718325,1,11,3
2657,53.36921952539229,45.270550170708134,100.0,171.70005018652304,1.9383668730470538,33.91562958608858,68.23467328158982,1,7,0
2658,76.3519507121592,35.88465949000431,16.60500378162986,55.668041539770094,1.3043102872366799,44.06542138266695,51.82504697419743,1,8,0
2659,29.869148694407176,53.691254229746136,88.99468092382693,133.6378393599711,0.6187795636004259,24.889064515474765,0.0,1,6,0
2660,72.7975712225809,37.96579959290685,49.01181104955857,41.07136076149131,0.640276349413446,50.553530674710444,90.94452187977453,1,7,0
2661,76.34230134679731,72.22941152654803,100.0,170.2158140997476,1.5113952010818654,25.28788255720847,175.96890914759766,2,2,0
2662,47.63862946017842,45.751729415821515,73.55111197076363,112.26179239471182,0.905704492979693,37.79165507962917,136.50400462687986,3,6,0
2663,7.562902019828108,41.51635448189015,53.17736669976496,147.48207493082668,1.59103961194906,42.4445444960555,111.38545592379792,1,3,4
2664,37.84356025811135,42.93026418273323,86.57102732554081,14.245332640873059,0.0,50.38839711982094,63.29975028554245,1,6,0
2665,75.93989093122218,60.77626135207461,92.32970868018128,133.8818550962444,0.8228597830491587,41.06544676434374,149.86696128795387,3,6,3
2666,49.542638754022356,47.63379525152772,86.04735307146595,99.61629681577483,0.1391955947230305,46.3496287361255,94.03453440984876,3,3,1
2667,30.013955354101785,40.37499769804427,44.25759400917349,142.59645353954213,1.7294645913395945,39.718330915504474,178.7467156894529,2,9,0
2668,39.90450157543565,74.98027876435296,57.89957190944788,145.74338990489247,1.5824790810328804,39.678140490557176,50.94563683526594,1,3,3
2669,66.81240053009105,37.15745239007375,69.89817907196412,103.28923447373747,0.5229850663709147,40.85477250348298,62.50152360136718,2,6,0
2670,60.93467136402759,50.5334911104949,68.9685086837485,69.95851804520427,1.574941685167722,38.10942079147625,57.636502789018586,2,5,0
2671,45.22135801660611,59.784592274153454,88.7436368859587,138.98480910897473,1.748180163994754,23.134297569185645,25.89408147829934,1,2,0
2672,42.663511763706246,25.5299733437439,19.627469187334796,96.99227502974361,0.5520846703483031,32.31676506303372,53.14776574041187,2,6,0
2673,42.16483701912356,57.20390752108887,78.35817636383759,56.360752323617874,2.2303536407023,42.44774841111698,105.16081298829587,2,6,0
2674,31.55179631002995,34.17338486779326,62.750466139084004,53.99238842711571,0.4780611931311943,37.50878996511281,64.38994875746863,1,4,2
2675,82.30751378938884,62.341741712510036,49.03748459040119,26.141779184380923,0.3498353347648638,38.441909178180936,0.0,2,8,4
2676,43.5535906157732,35.56023482121536,51.43783055576001,74.48544202184684,1.1061108120090402,36.766463305612845,153.71366487100607,2,2,2
2677,74.34317041650993,60.39153547773291,64.63655838705091,155.1346023037189,0.2523464882003803,31.36401607268182,15.795313532629734,2,6,0
2678,80.42632103844903,66.58749599442069,0.0,108.89148998527172,0.5597378430564257,35.06900539023706,129.46141424433185,2,7,1
2679,69.9662179629592,62.92154788449207,52.46776073021125,73.51161470384797,1.4866040968356367,36.931682556114055,101.56072948347824,1,4,3
2680,41.367593745639034,53.769749723571536,48.10462938384266,140.24279690900397,0.5134531965520892,40.05143140541849,205.86864082101712,2,4,0
2681,58.07460180673219,46.53048585605451,83.31958023306561,58.37616891383056,0.0,43.93378344469712,149.84787407613098,2,7,0
2682,49.51608787218168,41.35370635497734,49.86183293723698,104.76751371663893,0.7571235714944377,38.19449709114261,74.76977022575129,3,5,0
2683,31.925962785397438,72.06552036225656,64.62215499573776,91.01848136372423,0.012594494663323685,29.703447443075806,64.8968218822344,1,1,0
2684,56.48718563443206,39.50757169748535,100.0,138.95653127941762,1.105689810106182,26.019179600812166,175.13638403996427,1,3,2
2685,26.41920417680395,34.44400889645006,94.85878799538558,21.13858145402496,0.987332801078372,65.97437207375225,26.20644514492942,3,5,1
2686,73.75358776923127,59.980534025492446,92.55678499858632,57.49011270926721,1.5299802437165655,28.70184969735437,109.5439967959354,2,3,0
2687,40.70765405403214,38.05794795220257,57.503189239728705,18.087717045273322,1.1352726105548878,34.81374998735617,93.4439768375164,3,4,2
2688,54.023193117456785,35.74904753800809,83.5758069822413,87.0201639095365,1.2631709985606454,45.17000302513935,82.83869656476621,1,5,1
2689,55.665757430922845,28.345936067453525,64.15255498866016,160.57137518162153,0.031632267903600686,43.60860609565681,117.67569922242127,1,4,1
2690,44.82190052591845,42.75635240809223,65.09766973307656,74.72763951732364,1.0627905471233516,45.20865692561573,109.47799302543379,1,1,0
2691,61.733876029505495,48.7592746415526,80.24213359366374,74.46580309021746,1.8779159025522032,35.572829304678244,122.87003713958721,3,9,0
2692,40.501926867549514,53.64637591491048,55.07516028947669,143.58622120920683,0.017945063954262985,42.38558070639547,106.94878261816419,3,3,0
2693,67.42594594914488,64.26959366449225,100.0,153.42747792276498,1.7598168042089686,40.61343664240864,120.88407025086238,2,10,3
2694,23.08040639506503,57.903468854986905,65.99674651005157,95.57144663656051,0.11545493615906866,36.87868632458713,104.66825964657974,1,2,2
2695,52.52759159092824,47.1369167067023,85.45901415649162,134.2357427024946,0.0,42.4540974177134,67.02865563918428,1,2,0
2696,88.77857998116569,47.0270648543042,100.0,46.15227295610268,0.7073403103483866,50.55365546750707,100.20006301182977,2,4,0
2697,29.993373507888506,57.652362033727755,95.79134436437937,168.8987166962707,1.0011372912901666,39.77799776564675,64.280672014799,2,7,2
2698,36.44510058950297,69.08855244392853,34.777022432736885,207.43531469685257,1.1382250867805854,39.84452846356425,60.98116976345748,2,5,0
2699,60.2781569931783,51.894712992248,81.1223973752471,126.06078955943624,0.0,50.68161034875985,83.1924998641124,1,2,0
2700,53.591635638791956,42.96303718684386,91.26798486151617,1.0,0.8041780680780032,49.613603598188135,94.02884196320788,2,6,0
2701,57.012601985471186,35.10700998371682,92.29657555401872,72.08848688011079,0.020111799961546384,55.83936440963483,101.76126531739054,1,6,0
2702,59.78374260295327,28.32192103381662,42.16762914713422,130.64126608346606,0.0,22.437697655204232,145.81894136816652,2,4,0
2703,62.6944293712354,59.994045080652846,53.5741190745669,78.92585014168186,0.0,49.0511918316939,75.07679587295783,2,4,0
2704,72.19399683912447,58.66967785459336,94.86395589354055,163.60992771250488,0.0,46.01580045402179,109.84259632374102,3,3,1
2705,58.19637313857025,58.66045287659992,50.955990732933856,129.40786322179326,0.8651166122467551,31.143476022467347,105.90138569719095,2,1,4
2706,45.17484690762915,48.07010830471916,62.507598583392145,64.67622496171018,1.306549564148068,42.515879179988445,69.56858562669674,1,5,0
2707,63.451474024054626,71.10402118837627,100.0,101.61324053856264,0.0,50.51121747757998,103.68703931032725,1,4,0
2708,87.9976386979043,42.73822258122773,68.80501874038025,55.3083389680455,0.7463727519456389,31.708410775146,150.13607075886569,3,2,0
2709,47.34732507234853,64.32903855810808,51.83064655415392,90.87075607937791,0.0,44.42562429022807,109.32531084417,1,2,0
2710,30.50941390658717,49.41885657515685,48.05956607842737,72.27033797837241,0.9403597863098002,48.71353675731017,111.3291964513654,1,8,1
2711,72.14161338573945,40.87473852980994,78.3179832396297,158.7380900116519,0.06408859329737648,29.28980437468512,64.73358345286664,3,6,0
2712,47.59237672092804,58.887954609766425,36.671299788069774,205.80060284154973,0.0,38.57714307554852,198.4429425602438,2,4,0
2713,6.546609079719275,56.14454178025991,63.81660090258955,28.440583338212406,1.0597651607433023,43.00968376642411,67.58218148387495,2,4,2
2714,66.94843354300843,55.35459138900389,78.33076337475055,3.839185689512391,0.08915417618843358,32.03868494457045,16.610826972626114,1,3,2
2715,39.29343628092155,51.219176330842984,100.0,87.74137890743071,0.2788252340531112,31.20846800906454,143.00920601090382,3,3,0
2716,48.189334353916784,49.431603774247534,86.6887020092499,24.07921505856588,0.0,38.64955398137226,94.2591480175787,1,5,0
2717,56.63960661138029,85.82557989305658,52.14837205044553,102.31058018354585,1.1625859529964315,48.01639716903692,84.84790895264625,1,4,0
2718,53.809993595581325,67.7638496779426,99.460482939093,137.44680569029634,1.074635964818375,46.437340011921094,72.72231097942364,1,7,0
2719,64.1890363427808,60.84240342478268,62.51212406131306,174.70709486334124,0.5038204909969197,31.385872708136578,193.5857312157919,1,7,0
2720,41.29027258860313,51.67698737305082,39.107424448764775,110.06972793576405,0.0,46.521678851156864,117.72951393023413,3,5,2
2721,60.26211596352165,65.10735800895003,65.6989660183632,90.34223875752105,1.346558424834334,31.640602238334914,127.48756108225425,2,5,0
2722,44.80906644832166,57.769921645871776,100.0,1.080754171345788,0.03361562954744618,23.898302020065657,108.13078117911337,2,4,3
2723,64.77620961775006,50.39307129161053,74.13100125162313,101.30925745928992,0.1826525849295883,36.328564289527684,113.50248067225981,3,3,1
2724,62.30734968026107,45.44653512101127,70.31304660824466,103.56436302747308,2.1184308394516718,51.22969371585736,169.9312305279707,1,4,0
2725,31.291225959108093,48.786239935059676,100.0,131.94784071063725,0.0074544891235392985,46.55960552141374,87.45726693861525,1,2,0
2726,71.71964232350064,2.443613961829165,34.21612882363932,64.57559492354545,1.0195469736985503,39.98428192626806,27.153122723963506,2,2,1
2727,39.28073109771904,53.15901258946462,37.86002214868069,78.24736998820701,0.8934645834578323,35.83294516408942,143.40273271138884,2,6,0
2728,66.1611559656229,42.672858798344606,29.6038382258292,26.099887234790785,0.7731205350160596,36.10237863883569,124.8350806121196,2,7,0
2729,57.345746268026815,73.89004997424325,79.31620466200138,1.0,0.6974003797881576,41.087849058607965,105.39899064425214,1,2,0
2730,86.76367353590246,50.29016106217632,74.16232817787811,44.57514546016084,0.7634719933224395,29.315625141541712,123.53766207738931,2,4,1
2731,45.53068035256295,32.16554870697557,100.0,21.48370928734917,0.6903584136583782,36.51892654798703,81.4627889852913,1,7,0
2732,43.01366407763605,49.251797688078234,76.08687692841926,116.83561477103056,0.46365714885675735,37.84430538640231,101.03462914271299,1,2,0
2733,49.611607882245345,34.30818372406244,59.89607101301743,74.09329716665714,1.5578981868775195,26.489255415485026,93.41498730700451,1,6,4
2734,43.93640434331449,57.101111235687,70.04487182195268,73.08814349626054,0.0,31.61551749102425,70.42558714645415,1,5,1
2735,65.998838038841,54.36421046509228,72.94268546152395,50.779347691239394,1.2150206728107635,44.10506791486382,159.45863915525013,1,9,1
2736,17.673787831268243,64.36759446662401,28.205968166795827,1.0,1.075639609081286,40.09511839940994,29.387068629109976,1,5,1
2737,28.926351617072918,38.13677312458152,100.0,175.4155374373775,0.9888793849305808,36.91238208806617,218.04410859064834,3,3,0
2738,28.64394156841614,50.5101214434222,82.99677545254778,49.98647386116058,1.28188559934809,30.885725624620363,143.86811046032378,3,5,4
2739,69.00615183947151,29.52467306860047,75.25020770056473,79.37899650750465,0.4351804233121249,55.76849825589217,11.10122326488245,2,2,0
2740,84.2122674516385,60.52242172887072,85.3790996069645,27.255391735534474,0.0,31.620207853206814,88.79168352545352,3,15,2
2741,47.91101562925057,57.78306770660183,87.73527451466512,148.5965171720317,0.44939513819985993,42.51592807261738,91.57270420482212,3,8,0
2742,46.623565536199784,57.437075315413566,66.4861628624392,107.17144685186622,0.0,35.121309119262044,119.59433144710562,1,6,3
2743,51.40104326226363,50.024285470354116,54.21897159398249,58.68173573670657,0.0,40.36279292638335,50.53108646301399,2,4,2
2744,73.23756605216381,56.221593361831864,84.9862671580426,80.3885194327988,0.0,44.57609741940372,101.60126716841087,3,10,0
2745,31.452937316188518,74.06508662462895,79.6427710132863,183.9089961062435,0.16585859908931594,26.29743410792114,93.94403009386765,2,3,4
2746,54.7673796546957,45.72358614436979,49.75274752276479,96.35152840593608,0.0823634142115856,39.93383755846512,63.119081871328056,1,3,4
2747,69.5039525956486,52.07967775565127,100.0,90.9133231192047,0.0,51.90728648979845,56.162388426438405,2,6,0
2748,60.0218833987969,33.70810551227885,77.33380090807458,52.93092569303674,0.9901553378976025,57.61501893492003,145.94023233511786,1,5,0
2749,53.79163233197487,36.976085576025014,88.24548405669077,5.27094247638486,2.0542253006034175,38.69986026744869,15.170872997870319,1,6,1
2750,70.02092185134282,51.46719939639961,100.0,91.99806632103278,0.924366035447402,40.41681207216909,123.89394680480257,1,5,4
2751,0.0,66.55900320052861,70.54722052912086,116.27425561623087,0.35795323042604055,62.11333028601533,139.87551534390622,1,6,0
2752,63.55750639061815,46.155787636226414,77.92380017460289,154.97922321638347,0.4616775230266491,51.349242815991985,89.07208308307918,1,6,0
2753,36.918486337451526,46.46125206031814,90.25068096265291,1.0,0.2053098923907768,33.82715430744781,102.6186419862498,3,8,1
2754,13.387342062870864,43.89672133243438,51.878472904998695,43.74518364884855,0.5630291087068708,33.81016549113877,158.17474998486907,1,2,0
2755,60.22405199049962,41.978649937335156,71.35129157115003,70.96294547217748,0.4740943341487365,49.56549461787269,64.75742446379715,1,5,0
2756,77.47317090325916,54.42457183563232,73.1387146662787,99.82595757133991,0.0,29.889628699542694,69.9173785555438,1,4,0
2757,47.251029707446165,27.541135322320333,46.09853620791514,92.74831542357887,1.6780218722634819,50.87726751338853,75.22581594503458,2,2,0
2758,69.05749094405877,69.2140936500009,100.0,93.91556571563652,0.0,43.34299963751008,158.26627996116406,3,6,4
2759,82.24556515977291,40.018665528058094,34.81766391268994,120.40480292849722,1.0028320802359723,45.17720764027072,164.6146873442354,1,7,0
2760,76.29828907168095,60.82855228157212,37.54740240782105,54.835344461044535,0.42916166087772767,37.432661965199465,30.205488276819054,1,6,0
2761,82.79929058742786,30.95002103909186,100.0,146.70707211168474,1.8305822705460213,33.701751957535905,150.31203736558183,2,9,0
2762,64.84254982143784,60.03260195819327,87.83165626991357,121.67262208497404,0.7386052194737549,54.6199283086832,140.9454153173642,2,4,0
2763,51.50867277803186,60.07916911721746,44.35087956298055,84.00838679359603,0.24806612397172623,37.53262719446525,177.6797405224914,1,5,2
2764,17.960683762056632,55.763031080088446,85.18222537754232,180.04539959444577,0.3266049610958519,35.89064923426138,119.25540160631897,1,3,0
2765,45.078750237401024,35.08357217300312,100.0,177.82080177858836,0.5279346861638328,39.198629321201906,97.78699398607117,2,0,2
2766,33.13506809367617,53.743222843971154,69.24342356007536,146.64476775969044,0.0,41.93022132717943,157.26083432858294,1,8,4
2767,93.41885434995628,32.25415722898417,100.0,1.0,0.0,29.691748732805515,134.94518957508828,3,5,0
2768,46.482283751353265,46.20855117355722,26.898454728299114,178.9472546358988,0.0,34.35128505793088,212.24492070743634,1,7,4
2769,52.464096135689715,65.44119651432989,87.34558634647755,139.7379261235967,0.0,33.819679260939424,147.9353922480914,1,7,0
2770,61.02970752080935,61.95052890606113,99.16320840552508,200.32043188564683,0.5657345371623148,48.45280304606848,107.67739882119577,3,5,1
2771,50.87204892744907,50.227744138106495,92.28359754013117,161.87322958667693,0.7101225344991646,31.140374320001108,41.29478098119144,3,2,0
2772,83.90102080861506,35.37790136115737,64.89110683385879,178.91713387486428,0.0,22.44232142241946,70.95414114029408,1,6,0
2773,37.54701276531096,59.6838156826129,62.73896294972126,143.93274250901896,0.4039518078690597,20.329054370938458,28.20225109859919,3,3,1
2774,53.89214910474485,50.29071856547038,81.10362927718144,167.43465993227562,0.8943869655754926,25.296198653242826,89.24689819695683,2,9,0
2775,35.15058828603904,15.19526602654365,90.39386216630173,199.70618703672199,0.38596146463663533,53.615382028481115,146.30337966164228,1,2,0
2776,23.599549775585885,61.73944739474777,85.06183590705908,110.82773691891029,0.05634794795553977,40.16206599484052,99.81644557597423,2,3,0
2777,37.76461818189429,49.63650749195462,96.00144726983473,21.38847279609351,0.2114871984662503,45.01249086807203,151.08626343800364,1,11,0
2778,49.25926405903176,68.03676871974608,44.52825107333162,84.6269549992429,0.12146565151594457,45.36487727121329,116.87868667195067,1,6,0
2779,41.4139555096548,33.57094221735793,64.30572552190914,119.49727996917184,0.05428860862435997,40.561839183923205,79.84538551229952,1,1,0
2780,36.15158040252288,2.34944280205999,46.49960169690615,103.74437921857789,0.6216764676713938,39.25218703348692,104.3812577584982,2,8,1
2781,21.873650726563323,54.18625787517778,60.34718059784646,37.671901692028676,2.1153817594148157,50.44526429818141,123.60483455275481,3,8,0
2782,48.337888547426104,54.37345515022959,95.38052229535764,18.446618740251054,0.0,41.4599591431264,106.96116992318079,1,8,0
2783,19.905592519379955,24.63992558590322,72.69959801813071,62.94186656825854,0.2773001571370012,53.99097479263414,107.5342114425957,1,3,1
2784,65.20111927379205,35.3225068120009,100.0,140.38697779920756,0.46381144243733785,46.208299452898665,61.54749462066468,2,8,1
2785,51.64879505869006,91.32826615579853,74.83515917974293,179.01698854114846,0.018851895949194508,33.82203726518972,78.35118673788921,2,7,0
2786,20.84897001070139,45.41584078769295,71.4922970144934,145.82838068888506,1.2687650624663984,35.02865976130064,212.9230398077322,2,4,1
2787,43.81581845900273,60.96438464564324,72.6545729860054,152.87136435570682,0.0,32.725351935457205,161.4233245211771,1,6,0
2788,34.95687188818834,40.24010258947425,54.0547826785016,95.95922134182211,0.12825858073492707,52.17548021950716,26.307955159514208,2,7,1
2789,56.383490208383606,18.64545651720265,68.55408469056016,12.895877114701804,1.0728196154239733,35.949490470544475,0.0,1,2,0
2790,76.80900892046289,47.446126298061415,98.19470067779115,77.23897095586473,0.2941339841279564,32.01527203200368,103.80962107243612,2,8,0
2791,12.496550607085112,46.01593159570842,72.8492667031943,87.06177940638106,0.0,43.1977804112682,144.67364472129952,1,14,0
2792,52.30052158294834,44.00182641997443,50.163506752913214,75.14737565821588,0.8085297281071349,39.02832893627497,74.00290812888964,1,6,3
2793,46.797344088667195,48.28038746740411,46.87288448803412,102.73474326873131,1.1344402647780063,42.94568512575164,151.0829364098969,2,2,0
2794,63.42680152900931,53.964024074684545,58.744952708353914,122.07098799464752,0.6474448116505409,58.89813903893843,102.9827282503542,3,3,4
2795,54.26393256475378,47.7482457311929,71.84658586027201,142.65075941217486,0.0,49.130708059288594,91.84693601365126,2,5,4
2796,34.96061336522362,31.039907480789545,99.83966338690655,86.09400678168329,0.8193423234062203,40.27010554301906,137.8057588087591,3,8,4
2797,43.618921286667636,57.29277187342908,36.48778396583908,4.812029717770329,0.21856548980764706,25.915766157939913,73.40621035488655,1,5,0
2798,34.079482863930224,20.759423670163653,62.004343052781095,75.85611403544326,1.0216308173256794,35.00037502791364,85.66468390981734,2,1,1
2799,71.52014277197196,19.244638140736996,73.60775048587698,102.18551984959919,1.5382812193996136,47.110461025453034,133.50836310652315,2,4,0
2800,50.42623297343884,61.087707420523515,24.157355809264132,161.1403961066704,0.0,28.289589603381838,98.43020314669879,2,7,0
2801,88.02381371506016,57.60530408203035,49.16004292583984,71.60960789079473,0.5777472312369428,61.40970296330354,195.43881366888678,3,12,0
2802,48.786783723707586,49.13906952388946,53.00278650659534,125.6271814199701,0.0,40.14416562635549,134.69127064280093,3,1,0
2803,35.831864661790746,29.06827242867392,50.100740653737546,114.50439498177161,2.2092520097308395,40.48848393209485,131.4406914166381,2,6,2
2804,19.725712147743458,39.381335889888874,74.79723862554118,102.19502665616942,0.1723128263426667,33.33354807042022,97.5247676967466,2,2,4
2805,13.937206474881101,46.05879878470244,65.98600976245507,146.5266659662296,1.0224612692777606,44.96737756775718,143.7377338354803,3,1,0
2806,18.317281139890206,26.0615904713883,56.117847434974095,66.95794016237096,0.475278198283573,28.41998193477768,83.86961135991768,1,12,0
2807,55.342533020229666,38.91457012965151,80.69906566381587,71.24067751782418,0.0,61.64892589101457,114.11888755997576,3,5,4
2808,60.17450046459868,59.7849550726502,100.0,99.40495884528859,0.0,53.173513046520114,54.185347649771984,3,9,0
2809,18.376185959357333,71.40958046433825,100.0,67.99267474531501,1.609975421170531,49.84296445197046,151.97206961152958,2,3,4
2810,67.90076628152231,43.70847871012174,21.930705698441592,125.40061455272999,1.1691566421248174,26.095709942101905,114.53023486308959,2,4,3
2811,40.33877896633121,61.347325314741475,84.4268045958785,64.34038478169336,1.8605088611642941,42.05413270457751,199.12565318489382,1,3,0
2812,52.93586023971099,21.28909894118799,65.54941774840404,111.31521038725671,0.5388173346103894,52.09086398014004,219.6149191834879,1,1,1
2813,82.24441256510849,59.89176861670417,73.8788835716339,94.99136156066217,0.7015437348722002,45.93105399357739,138.1659725716574,2,4,2
2814,67.93678631731063,37.940773779087785,60.04292416143629,110.74629823883528,0.3129659040412983,29.978908953662252,103.42126556039517,1,6,1
2815,44.629387041883355,54.610184250619554,72.93971574718006,77.01293024684804,0.29904245781949357,33.49906244691345,52.69677439372156,2,5,0
2816,32.17615549169425,46.28371372640436,73.78518490180046,83.04558527365865,0.0,35.480638619940095,145.2374901629412,3,4,1
2817,6.963691973413901,69.80621014675751,55.52620606627692,104.8004633998525,0.5588071336470459,33.96562165511392,110.51422819476142,1,6,0
2818,35.616933615151595,36.883465274901226,47.590811304370476,110.10372530806563,0.0,55.287788357103075,126.90174195772309,1,4,2
2819,45.77739522344611,59.41409446342747,58.782607934512896,99.78990423044219,0.8093362455149419,20.78986861176744,186.48936937281218,2,2,0
2820,30.25640945697632,45.807388050552,75.85648161141914,185.2681178256542,0.6190071532861467,46.55919139658837,58.77883556683266,1,7,0
2821,47.37486065815391,47.625417829855046,84.9749085421066,50.463154062935786,0.7013774305730055,27.076966250715486,53.78479157593317,2,3,3
2822,51.53703765917536,47.242191602611854,91.33372443350366,96.78981025236432,1.6725909577831581,30.38748512548932,88.178703081466,2,3,0
2823,45.50288036383843,37.31490343258831,57.64524942332718,21.318548894150766,0.4735974351640862,19.902666331312826,141.06005748759117,1,4,0
2824,36.99994838353081,49.78851551139993,77.09611418256841,118.6040739333693,1.0297089019973997,34.50945568841134,127.74336201072441,1,4,0
2825,53.37309343933455,49.060276668172676,94.06256479883245,44.237673181159295,1.936056624859907,55.107316515392135,55.21557441521138,3,5,0
2826,58.83881299138818,53.61860372610094,99.1398723786032,86.08448720617119,1.4146319485065333,42.648242424647776,137.82764503512414,1,1,0
2827,28.192018451143078,51.26757718539294,68.52917864671194,81.39678373343371,1.3072187889183913,28.01638453000903,39.93935905533685,2,1,0
2828,78.2186475949254,61.969918244183546,64.47670687650968,114.04455633005857,0.28531824913564996,50.17147674379312,58.11291628255712,3,5,0
2829,48.02823735431477,63.85262924071053,74.7781058459098,72.360454122741,0.6607501388974577,52.313042635686855,94.22713414054053,3,2,0
2830,50.37699245889695,34.24065017258298,41.25731317756485,70.23471511530089,0.0,41.04046481039086,72.328437701239,1,2,0
2831,64.16428846513114,63.03158750886156,65.1597622241123,171.7928232042949,0.8492400806750902,60.3474915815259,144.49297443254673,2,7,0
2832,54.66432262527003,32.20495359335219,88.61465996182825,114.22833952372632,0.6921221243296891,48.21564124624614,114.31892415005473,2,2,0
2833,69.0627326782649,58.817838322066024,86.04867823609253,71.9474573988866,0.5163695876093267,46.82652507292588,188.27805888136302,2,5,0
2834,55.74248330403648,59.29608177054303,63.24330989090277,87.45831640943845,1.219036351770002,31.9662129283371,87.64073173227928,2,5,3
2835,37.75125250719124,21.33024662506244,75.44295502717917,182.26774761353724,0.0,46.27398485621341,93.88989244796284,2,6,0
2836,57.23007050412203,51.39468869794114,49.38374149273281,88.24175608744515,1.644403995812243,42.167912776044936,160.51913045308817,1,6,1
2837,27.125475853586764,42.97255829959526,87.58730370562562,65.53616884238062,1.1312352815581987,45.19829002671027,95.45395984381022,2,3,3
2838,52.17119411553046,38.61852113096938,68.05446409658818,65.75019249368037,0.45055621424361814,33.154143808586696,174.7002623853773,2,6,0
2839,49.335400187110785,70.26278496048508,63.10121370759654,72.54367595052113,0.39588928852782446,41.28098884358987,127.04141051922458,2,9,0
2840,45.83766285454921,40.19481289043871,60.95690409766534,70.27511387866389,0.836427850674016,31.83138499785042,0.0,1,3,0
2841,47.429249771221386,37.904346063229255,68.42765332750355,36.01760758253785,1.5645958624446457,18.52867900033968,158.8785207074732,1,4,0
2842,12.363019090047217,51.1354241000764,58.803058876701044,43.789995152651095,0.5711254030830075,49.983045685783836,145.63634065599044,3,3,0
2843,39.02550184518077,60.28384619447625,86.45357590006408,58.5339812819315,0.6008216313854583,24.97611018310483,147.56663030552724,1,4,2
2844,51.85689802282229,47.875271209848094,60.117911299595484,129.57855092265487,0.51268293433811,41.071864647824164,4.451081072737097,1,9,0
2845,53.19712783994801,67.49555818503879,100.0,80.93813563635632,1.7474168788910307,43.3300212944904,66.85050193644761,2,3,0
2846,29.446497181480837,57.964634929461354,100.0,89.64191554529799,0.24178182794408332,43.26563015863055,70.56475832216151,2,3,2
2847,75.31415681729402,17.326830204028546,47.71141275363738,163.50440126274486,0.4793446809666501,37.169209264017496,57.94393162198038,1,4,2
2848,32.676503035709985,42.057995547394874,71.74260673573201,164.7503574969209,1.5244049579826962,42.712114752799735,187.0961265946969,2,6,0
2849,69.38914401053474,41.57236850972451,53.733584466595126,85.89375284311325,0.6029075835290045,44.70967069785162,99.4116081088183,2,3,0
2850,58.543887237433694,57.190414301441336,61.83381092028471,68.45682446582956,1.2959412020318655,47.34964815751985,98.17195286854147,2,5,1
2851,37.075453803123935,10.627744154388324,100.0,56.77848431632311,0.0,57.33441339384263,127.60041551578894,3,2,0
2852,85.50621785219025,88.23514563076583,62.31071457210502,134.63878848541188,0.3562952348600401,42.341941514982054,128.4650833944691,1,5,1
2853,26.127263364870398,57.96539142341315,79.00565092693572,89.7646383238856,1.53910382690816,40.64048845017702,0.0,2,4,0
2854,68.38308347220003,52.23315205876537,83.53303235020695,80.6752554838605,0.026562198965518202,30.932710346499057,67.68212314253182,1,11,0
2855,70.01164636085957,67.72351574628719,44.984265687918985,59.31677124312236,0.3940906721612048,44.35946323899337,29.36057111043617,1,5,0
2856,36.5875958184671,85.15481079218938,48.62261313976988,61.51667954943058,0.679679661624035,46.67383103140568,120.01530465774098,2,7,4
2857,77.84930600128658,63.06119966882605,39.849440714797026,116.00290957466223,0.0,38.07696815718373,85.55537928329763,1,5,3
2858,44.99906970802095,64.2321964470743,47.85073165255558,34.2280867056369,0.21033291696467205,45.44612504184037,100.76937822506343,2,2,0
2859,55.77387258559714,51.960350366965734,0.0,149.7434346893969,0.5788456772779482,37.07483806450658,0.0,1,6,0
2860,55.206436775424415,47.87711369949577,83.6145600198407,73.30776780925407,0.5326772139133729,46.70992652088924,84.5073887654751,1,5,0
2861,47.31382517058904,42.863068339926485,100.0,92.51820278741037,1.396246414585995,49.126023140297434,155.75651259164076,2,2,1
2862,66.21616546319564,37.60832012428187,73.69551847591318,33.15110209297228,1.5790200363825775,48.98627866730486,170.4724741551084,2,5,0
2863,65.86977441104426,39.69478850450754,34.593278516484816,99.38170308788177,0.0,41.17844326141301,135.94317097703498,1,4,1
2864,15.029360535236385,29.741660534855253,53.9305904275013,83.58395286547201,0.5778879634172426,29.600318483829486,33.22673532759406,3,4,3
2865,76.08680485756305,48.86192823972465,58.528078874375076,97.49597005717666,0.9719738158973359,33.8808694735818,162.9700901496062,1,5,0
2866,16.750160239286515,24.729986341604196,44.56038056966561,173.58544491809454,1.561443226059438,45.95157323884728,136.20011275000078,1,4,1
2867,70.65092408683314,52.86374786215566,91.50456595987892,108.88490228951198,1.0029432081219904,64.48812305740228,94.14054829677308,1,6,0
2868,72.53410273655166,49.45504087936487,90.25650110938335,60.2670407927098,0.7036393811146322,36.592792284679184,0.0,1,4,0
2869,28.180671395696034,52.20402947580032,41.11370515455851,64.43400447267159,0.9665797723878414,44.5583767838814,147.67974753312586,1,6,1
2870,41.7837142409083,42.168026449700115,88.1270261111877,129.75655929568842,0.9716381840353818,34.439474425205965,70.39168350083105,2,5,0
2871,27.885906630281283,96.15290555270755,100.0,164.9346645496712,0.0,30.260329557508992,117.30829105273905,2,3,2
2872,45.70157939422529,70.40173850270469,100.0,114.09590103755251,0.6349591547543881,33.23684136422638,103.41969303183312,1,3,0
2873,43.839314316285176,31.33186249872916,100.0,134.43563722773848,1.521412695932084,19.175280232973286,176.91974922191392,3,6,0
2874,65.59321064538679,53.493021311403474,47.450183763920066,130.48688616683526,0.3548502619141968,53.53435062907751,93.73165070012458,1,4,4
2875,76.20617492239217,40.87990785594015,100.0,170.95322066787605,0.5906126497832109,17.698697470853865,99.24432049570261,1,5,1
2876,77.91367621579911,34.78280409938879,61.14484028728029,2.520491363698369,0.3302384853317847,37.361717695993676,178.9307695239315,1,3,1
2877,38.75663946843396,29.898918933140976,55.18836361548714,133.36094696522642,0.0,28.218721046499454,67.08888781249057,1,6,0
2878,45.81556252510944,56.48325036138881,78.17680937194613,149.1868021951782,0.5144131240642754,31.156197846377957,140.71614257038885,2,8,0
2879,16.331236155580996,39.77929647395639,55.44846664767469,33.06381469322133,0.7112543514570109,53.76522659738668,90.0692138560768,1,1,4
2880,33.88259867007622,64.51739036037806,79.97610351616315,55.7165907996792,0.14125462638336866,42.01066990031392,49.87290189975354,2,6,0
2881,69.29703266194915,64.90673321795659,36.998070306567456,57.46086256859233,0.0,30.346038408182995,100.05804933604362,2,5,4
2882,82.31165647096464,70.60871577817174,64.03118494841414,63.56049018113083,0.0,34.104828675034895,134.58525568039937,2,5,0
2883,25.31302256240156,37.214198508888444,100.0,75.9141474532237,1.034931331294895,32.34518779557914,167.68549199882557,2,6,0
2884,38.15071481694211,57.130484160380156,68.5734677142211,112.13014065274707,1.8807673411328334,39.56454327921119,173.7346992672841,1,9,0
2885,49.47188486082146,59.48681324963451,73.53989466849707,143.28373255836848,1.467703338633803,41.728916847876924,85.26179628872336,1,6,0
2886,55.603223176392135,42.88732737344053,81.88146511793279,154.06584788842682,0.0,58.9557477322856,50.63753839838932,2,7,2
2887,33.80792960156708,38.42342063910687,99.26654073294151,58.108846941610906,1.098239117385492,20.83699234002293,84.06305502112603,1,3,4
2888,58.48122088928179,74.14280998663959,28.619382195264173,57.76485006485086,0.035786336933496976,39.65187685242048,40.923462333492225,1,5,0
2889,40.523213058581675,53.41243813598081,84.61310129593586,165.79109200081115,0.09241305624385604,36.84432307465478,89.13069002917474,2,4,0
2890,49.71095458243442,59.539516260676066,63.29652151895592,132.33719677093222,0.17661708142010119,49.46548527716782,82.91673581901208,1,7,1
2891,60.925684960073994,37.66885982258109,74.16594738279596,104.1432420934498,0.9942468648988012,43.54818118178393,136.37451020783828,2,2,2
2892,50.12844539621876,31.710733002167093,96.49875424405941,123.66683377774835,1.1714773635143267,45.90362208114946,0.0,1,4,0
2893,41.272282189468626,41.458253382618345,40.145333714703895,98.50981090742796,0.43137825010414843,43.45086186015082,63.31960269566802,3,8,0
2894,47.807803921483384,48.139679189150044,44.68388896392276,126.22923415238073,0.44325048129438266,30.680088747164604,63.724084777904224,2,1,0
2895,48.232740815893294,34.036699897739766,21.61425100715484,83.19666517471298,0.8249846202650551,52.11265496493013,159.35636262040128,1,4,1
2896,42.59977940235745,49.85232787024425,56.27102645590559,113.44024672196154,0.8975961776669692,47.98504904615669,44.307781129949156,2,12,0
2897,44.82407874665795,24.6724221789725,100.0,24.472697481525188,1.3233579947309704,49.15529791724743,111.3328679824497,2,4,2
2898,81.97294341009433,33.199288662951915,66.98532028816327,65.61078525872844,0.0,52.64050170507165,93.59357927901094,2,8,0
2899,61.218388958824775,60.063668724153125,36.496877608630356,66.14944116048282,0.514019137862821,44.176751006519595,152.1521263418191,2,6,3
2900,44.090393639416796,59.056857804168416,57.858031385623825,81.28049833965429,0.0,54.80992404117493,129.79159322552738,2,9,0
2901,63.93908809021471,44.121848519197,32.803457412734424,53.674337261012596,0.4643404046556179,43.77639571786641,106.06218659101897,1,7,0
2902,43.3236102048798,34.733535363845704,41.87034745672096,73.32281870884592,0.34167729862346735,37.80941411975391,72.26665627059658,1,5,0
2903,73.46249275173282,34.588946727109835,79.72047275659283,24.279296880093966,0.4672753822681084,39.93396089516635,7.3828748445061905,3,4,2
2904,57.39284384396188,44.40097631088029,40.65316684234928,127.43502381974501,0.0,39.76156231863884,112.35428278437027,1,8,0
2905,47.85395711991542,59.667777374679375,97.81585763008255,95.87432405443028,0.0,34.80608677909457,126.52448992649364,1,2,4
2906,58.95433851620555,63.92368537016487,68.2219927292416,14.73961961119916,0.0,56.31888848370221,21.256619376267352,1,3,2
2907,18.582476958630014,42.55202396777047,72.13986759861314,58.258504472666345,0.4081738920146117,42.96295365503668,38.31529178357253,3,2,0
2908,27.464650621803894,32.697613610228245,63.04067580980265,116.83007137810834,0.19829922591694266,40.947384758329065,112.6164986685838,2,4,2
2909,26.12149987201889,54.017654567995,89.32119596359308,72.84890268071052,0.026843634637321034,43.882742549264336,116.9570843103935,2,9,1
2910,52.85886189527413,37.64697544061226,89.57899719442527,65.15292699309516,1.4257839239821624,69.79854516737147,50.467634495397036,3,5,2
2911,84.65029998970184,42.226210417081965,78.37635879780429,96.27036614959619,0.0,28.682758114003406,71.29676432159809,3,4,4
2912,94.62600292385264,69.87914135655556,84.1197276476912,117.17987675891081,1.491783857497162,31.549614882837243,8.175558071478676,2,5,2
2913,62.76102202881514,62.40673142848652,64.69775825198936,28.182377148041965,1.63669062098848,26.194289825530035,168.86319519066168,1,6,0
2914,60.01688949888914,52.36961468377177,83.55507517272622,127.50642406089398,0.0,37.67400761564514,35.006279631577385,1,4,2
2915,13.978845316945218,30.921214983309156,61.55305561315483,59.98533591963117,0.5646670212992788,42.4551844332736,127.11296956242754,2,6,1
2916,39.14652400531956,53.17094851205988,70.05579055406005,99.10360158751007,0.22021245641480647,35.346774816589225,98.25196519233099,1,6,0
2917,34.24432496183522,65.93985936181289,63.13390626584256,98.22899296542452,0.0,34.6027320184823,164.47968098123795,2,7,0
2918,37.58304803497768,44.36549501351696,58.569536517020104,73.64669408801129,0.0,41.42404866628132,60.387295361262176,2,7,4
2919,46.63712362830421,70.26671134980073,52.772205056955244,48.81701269346428,1.042455274975932,34.97892175170303,103.06263551701936,2,3,0
2920,40.55818844605746,69.3911793427731,81.69225259647214,85.71567259538682,1.9134394768978849,43.10175827182838,15.078654538132497,1,5,1
2921,10.414003792484245,74.9559924821521,100.0,181.26651545375975,1.1318746998894738,51.142343467426045,3.0736581530123175,1,3,0
2922,64.95820512235068,54.578646897970295,99.27754929173898,31.916248476818453,0.7265427307590844,46.77030469800806,129.8166791932737,2,5,2
2923,28.54513948520387,58.81087549709018,38.58586660136412,184.61565095524378,0.4850673328582387,48.81013347165202,10.748708046514892,1,5,0
2924,54.78493728222299,71.21280932496634,100.0,87.01394144617338,1.6778640402536795,50.859184115067194,88.58912327827346,2,4,3
2925,91.48165339499947,56.71090905603464,62.046037459551776,101.76857085443196,2.003767441370348,42.82828160118703,150.56477239864597,2,4,0
2926,31.612308168271532,42.48148838314681,85.01832537863979,45.664459430763635,0.08921012433306974,38.41358973956899,137.33424280473398,3,4,2
2927,0.0,43.27185745208208,47.34461669881972,61.43652916612596,0.0,32.277469291168046,66.77072560257031,3,5,0
2928,44.27991556239778,53.578324306606085,73.54949784685013,74.85451749809904,0.0,36.08821836364279,20.57484317959137,2,7,1
2929,72.01919269997143,30.64157867080672,77.84307957242268,47.71525145610439,1.4253166945118614,34.763144673231054,125.47474308277643,2,2,0
2930,89.16694908441187,47.85111626953711,32.88488020200868,89.55410213145642,0.46705902145792944,47.31672326620912,167.11283914300904,1,4,0
2931,25.409008110951664,66.4482067734538,85.20667915860473,79.64920540966145,0.628269337321103,43.46782554594196,66.88809606671883,1,7,0
2932,59.933984464730436,17.13119223252078,100.0,192.53905712178667,0.0,46.96757862714301,59.83435707964417,2,2,4
2933,40.693790864398935,73.01723152691773,65.6338013579593,41.701290715976945,0.0,28.396631438998483,73.75490185655008,2,5,2
2934,47.88103291391729,66.83561328054739,100.0,105.13452583742936,0.2931634302694524,54.31749484241079,128.58043554035578,2,10,0
2935,100.0,43.10353076254285,65.25766266368981,112.39231409509124,0.6454868683548494,35.730196284932376,161.42588032074565,1,9,4
2936,19.940593432096936,58.150862418077146,91.23961327616543,46.48397256740813,0.22098557276036873,28.999833579253373,38.01965943097388,3,6,2
2937,55.07479322989147,50.047215903594896,14.53575085122251,134.34137477264193,0.0,35.60782235178187,25.08590953376735,1,3,0
2938,59.35386343530867,68.44985552658025,100.0,80.0836493559186,0.0,64.83765992587507,216.9998160966224,3,10,1
2939,71.71572649878695,64.74024714154912,100.0,1.0,1.345826300163063,36.12283133508433,91.13386060549807,2,1,0
2940,51.95966306941791,28.998939152254863,62.88436239365803,132.99248060522825,0.6713492337224498,36.749035285290745,112.64463978451548,1,11,0
2941,56.161010790082045,58.80893620196265,20.697774333904547,44.15295579488181,0.9285097648688861,38.07895319370324,65.40345796911805,1,2,3
2942,42.16702865156418,46.915582195351284,77.20070920763723,47.611252693045046,0.0,38.51379616568545,124.4981154726358,1,6,0
2943,55.38253882490215,51.2424885577715,33.901861323156076,134.3951041446199,0.0,32.185239341987455,148.00304373507612,3,5,0
2944,43.136154490051794,39.07742148545277,81.1213384389372,82.64192587907752,0.13382698518085256,41.432130832061304,114.98980857864649,3,9,2
2945,62.43143779712102,76.22205603681253,80.28914297910705,145.888607527575,0.0,50.7559490819833,187.04290385072176,2,9,4
2946,42.60779327912732,65.60092729853864,46.46492077494938,160.50830476826593,0.7443085880396555,43.142893154787075,83.6627705029454,2,7,0
2947,57.54200787804373,38.90343254040549,98.02417559035945,67.7535769838851,2.8000065995772894,28.888347011000143,86.85587634823119,2,9,0
2948,49.414743726300436,29.98084089634651,90.13936757015433,139.66312479775152,0.9866162123327791,36.556540950662914,111.57031756387079,2,7,1
2949,72.52100501544336,44.21491053533228,94.39558343221408,62.22695993035591,2.4151721115684417,34.484725998983706,123.24808227530485,2,4,2
2950,48.97212552823027,56.517539691369585,70.22144259172238,211.65579585660885,0.898138786737614,40.52939468234801,111.39736310313046,1,2,4
2951,14.53935063586237,53.60308765919334,34.611898327157334,65.35214977343924,0.059079633699099465,53.304516715623166,35.77924865224546,3,3,0
2952,75.23843001427983,68.79699237152366,94.44680680527844,151.3043720480002,0.7435412546846183,38.51117203979117,115.62575830977806,2,5,1
2953,31.88535398274762,61.84879583271278,63.24071502160522,142.18950129407878,1.7464470196343955,39.11845131129609,81.29132075982814,1,4,0
2954,36.924673227023604,64.5435353862936,35.25549642018327,115.80439110544668,1.7806938174248674,57.776448188194294,70.95114929626772,3,2,2
2955,38.086774119130155,54.90283100915656,100.0,66.47284192916584,0.09726384236984464,48.7620599167166,101.62410273766218,2,2,0
2956,77.48876186341634,29.160519046835145,100.0,92.43012540292953,0.6772285869895093,45.74081282106535,51.923865633539286,1,3,3
2957,7.286515720426088,47.064522032796475,68.96879677551992,1.0,0.0,59.58131615301775,43.23043380633843,1,1,0
2958,100.0,65.90134609862999,100.0,111.22100191911252,1.077268037284001,44.89811254794013,0.0,2,4,2
2959,71.12113618132103,49.227156072130306,72.28286821528374,117.48076655141926,1.587348289339126,20.134728580224778,187.36186642549455,3,4,0
2960,54.4647782825832,57.546355529356205,60.48860239584122,106.67497095306857,0.5278596178812113,48.326657578803605,127.78656595515011,3,7,0
2961,48.902119987674276,45.218775271308004,54.238538645363064,1.0,0.0328311619479103,24.0799154288135,94.16179393468474,2,6,1
2962,55.71108149715314,34.55282227187232,100.0,36.71817774550945,0.7520916658942939,44.52005368582448,66.6388381556676,1,1,0
2963,60.42244856758677,48.14983903930835,50.496402965305705,62.59545085756687,0.7922213219542162,22.8625642587076,0.0,1,4,0
2964,62.90431171900114,54.635711645489806,88.38173274937469,114.5829466594523,0.5568006822947341,35.33144589600081,63.573556188925785,1,5,0
2965,61.11208932006897,40.16468420807834,56.02090412351979,114.46694528214923,0.625100587035167,36.36215470390129,135.7933168582038,3,5,0
2966,51.79161362510498,46.46433132714997,58.49233093564092,91.48881040144104,0.3783296046714404,32.298808927682465,147.10871517969343,3,4,0
2967,46.053231593853475,35.90805137021026,95.75624234923917,131.76227683019783,1.1971684497584842,36.511480028088,132.11459968016507,1,4,0
2968,46.97453432692976,66.78867376346145,60.49907884276616,48.687881234855,1.0153592116155887,50.325617203605525,107.91959778762342,2,9,2
2969,46.10183439294638,45.58316363617949,59.88011551449267,130.51175028469981,0.0,32.86047087840447,165.19370729656896,2,9,2
2970,72.67540193734129,71.79133317689275,98.32011742937019,123.73710524199456,0.0,45.45140879510541,83.57313889557298,1,4,0
2971,61.87113444561724,72.93121775811363,100.0,118.87773664189552,0.32193790808140665,30.343503603926997,154.25944580671808,2,7,0
2972,0.0,48.784310529173844,86.11724508210582,90.89797844571721,1.0157859868736254,38.105004236078706,80.77087781398936,3,2,2
2973,63.118015530595216,34.87326901178976,53.63075560940127,191.5371912415631,0.6036401897235703,43.2383926632745,55.94293455611189,1,5,0
2974,53.894723894375495,18.711531833999942,57.23478751756051,124.65978442449394,0.04979471291414134,30.034715833814403,49.714350978873945,3,6,0
2975,49.62582487108205,27.919443904598126,71.99788159350094,51.58320683732205,0.6830630177080811,26.882795670893103,46.77517894135236,1,4,0
2976,42.229630938222286,29.392477626520098,78.02325154814145,112.4152737867992,0.2684326363344096,44.918781505788886,132.95340144012425,1,1,0
2977,72.48225439972026,70.67704441192257,45.3033522465057,137.62416885371093,1.116340522156892,51.23080399340639,62.86272144514607,1,5,0
2978,68.95052924245715,51.73736880840419,88.0759484894966,70.59457005378452,0.7331409045469331,39.20934980512628,48.34855774825281,3,2,2
2979,34.54244664352782,55.84406786137982,72.13783324098998,154.46361234655495,0.27930526878349937,35.426870934432955,135.68676098306798,2,5,0
2980,58.141045742490704,16.69368486597311,27.107292034046765,119.10168528580053,0.662063140432523,41.55675387688387,116.39851952361164,2,7,4
2981,30.56686530917428,32.03050356174107,46.77683793848174,1.0,1.4205336416669412,40.554799187653806,148.1295991422901,2,3,3
2982,22.40763670422139,63.3061966466943,57.39678315870841,114.98359886689632,0.10125894641753574,42.42902540711251,125.62997556363993,2,4,2
2983,37.4656555082007,54.30161168573879,68.17855777897363,79.69854227936423,0.7818598871530127,14.717548996862856,62.34442099013442,3,5,0
2984,67.24786944765518,47.79192081971604,100.0,126.8589907270868,0.4506777616738029,29.308957088340367,103.80512082342938,2,6,0
2985,69.06250090752174,58.47263537900184,75.95428265349071,147.2107420125907,0.7988885787034697,31.54769894563146,106.25664953848386,3,6,0
2986,60.26170840194586,74.53696709203723,48.98070275253437,109.7581023570909,0.04180454088298874,41.50867628511563,54.04206707629988,1,5,0
2987,64.50191573695994,46.68436304694424,75.51577010767907,183.26261169723477,0.5772348032115631,41.85877883622266,44.76875129530037,2,11,4
2988,60.32356574229917,51.04054703987104,61.197806313652976,91.06465577182522,1.2754762976917604,46.36180488684036,65.96391954411477,2,4,0
2989,37.17036809554095,52.88895378096958,78.11895598833854,131.24089115269376,0.0,42.57581749210437,201.82911783360402,3,2,2
2990,58.63845089347881,85.88164452910989,84.51419217589037,140.24712868186737,0.0,26.992649296126643,79.36279528892256,1,6,1
2991,66.00819050455365,18.509656033714617,100.0,95.13270155536337,0.0,54.4700461758506,161.64333956933572,2,2,3
2992,65.08582659627149,60.24834522183212,69.39283760824935,138.93871539888912,0.0,52.71918303422366,76.5669745260101,2,10,0
2993,73.77826742949286,48.277966268614044,100.0,70.26635064189156,0.9167263015248649,27.418027099730743,144.4419409769996,1,2,1
2994,64.16607694402127,58.501575892762695,92.70056656340478,78.87157904893908,0.0,43.327052943741826,145.12458277789236,1,6,4
2995,57.028964150831655,40.139411690079136,52.3140113796953,34.375565483184374,0.2914732586795285,34.04575614756984,147.62952539760224,1,3,0
2996,71.40300476632855,49.26552453712325,100.0,112.07045581850235,0.9328025123174956,41.388639892005486,119.39136710044792,3,5,0
2997,49.469574815018795,60.67115869198243,78.17486283175245,116.26258379271721,0.7916613423840155,50.5331027964187,168.86832893905756,2,4,0
2998,32.36250697544564,96.69365301565762,49.12188740069412,158.96315792896146,0.23010871402626043,61.301042663209586,118.9176984676364,1,5,0
2999,46.738660721124724,62.12054284103107,100.0,139.55700021779418,0.6336466122285742,47.5127770514261,185.67648646701397,3,5,0
3000,35.10194710387102,37.27901602954237,100.0,85.76022216762834,0.5750017308162978,42.94934735110136,19.004009840578334,1,6,0
3001,36.496434500512365,43.643604769659454,69.17436840701099,41.091015633286155,0.3430313311162696,36.60178831691703,117.41431238334093,2,2,0
3002,47.10962658568965,43.19878837424219,57.40874349061009,121.6425201259987,0.35241569694179387,41.821348710111764,114.16617962678332,3,5,2
3003,34.15160158000077,23.065352410549774,65.69062606365846,155.5376586207321,2.0647992043298724,53.59771893328313,53.17400770972544,3,9,0
3004,43.84076940721919,45.04864712447844,87.8682931879425,137.75924869019718,1.0665176327519106,39.55291243240415,128.9792110881869,1,6,3
3005,12.12770666092429,60.99243622732617,100.0,154.22387624286438,2.2364556422585,31.138873486523497,25.495866221169095,2,5,0
3006,54.265874147458774,30.886518213848074,84.26218327158934,89.40552344008788,0.1521258069556491,23.803101344833735,67.29078371198358,2,4,2
3007,50.02410950724448,65.72723976575888,72.54308021179425,76.66905159121772,0.44052338217829684,45.130478674102505,0.04560935510960462,3,5,0
3008,33.658227378636184,57.316622316265075,100.0,63.15493238841005,0.0,42.47288125627739,177.93132584814072,2,4,1
3009,63.1849133686481,38.98650017043443,62.179088173711946,97.20517666932022,0.0,33.54091826737704,88.42252530273522,2,5,0
3010,68.75140275253116,47.87705543993229,95.77298345917268,96.07046020155903,1.8313392040637506,50.26014125707297,208.34420174081558,1,4,0
3011,17.848802712620518,73.9748271146155,62.79843004121803,110.33388142695581,0.13457599711077056,35.782231356123695,140.14749632597474,2,7,4
3012,34.745504428675716,61.00321720258799,80.77557395027233,93.5351271482246,1.8434969101011214,38.65355908175205,122.40491066755122,2,4,3
3013,34.617153004254035,50.131754823472214,67.16093588023871,93.31861351366143,0.0,39.83335866702056,70.68861528595004,2,5,0
3014,31.201937977822706,46.434750245585235,68.60369543367973,61.16529735139281,0.0,36.49047257861912,47.682498215628996,2,3,4
3015,66.58949683863497,51.14913605677489,60.56533706344475,147.08095067757455,0.26113814528360524,42.35865065749571,126.14857869484726,3,3,0
3016,46.12347722454393,42.32354663086545,100.0,103.82590311218557,0.4553750548245755,51.51515145933001,96.42429953635089,2,3,0
3017,44.70970317378779,18.42875741421478,51.67684904728662,91.2778032857359,1.1461611047150906,28.575181018815773,33.03648422573495,1,5,2
3018,9.92275271186493,80.63266865802096,51.49419368628229,62.62853733753976,0.8155392920303861,44.885201384740085,24.15707917458407,3,5,0
3019,62.70836060418453,52.32987498799102,100.0,33.4043444804457,0.2085793198591806,41.72158669606441,52.06481354282081,1,1,0
3020,25.21483210293055,55.972208976838054,94.44618911635828,165.39820962746717,0.40667893543732564,41.53763829544706,191.04836126331153,2,1,0
3021,51.198652605326565,49.13138375184637,10.372157532674095,127.73193540659037,0.2766559561507099,48.71844569874091,210.6638959005652,3,2,0
3022,55.547538759163835,38.97324798913118,55.86853151973991,18.804107871501643,0.0,40.492974252171585,110.2494573654455,1,5,0
3023,77.21317191677302,47.21113278576844,24.70026656094865,138.15711503548283,0.0,44.80229261905703,107.44713981206442,3,5,0
3024,23.82359201761776,26.009078567085332,46.232732664618624,146.12405851165545,1.2195187240033867,47.15864629571147,83.18398140852395,2,0,4
3025,0.0,84.15629747079956,0.0,106.21880611504648,0.0,34.956347996193934,53.27573258452489,2,3,0
3026,53.6769908950739,31.48232002366406,66.57526055765145,179.90554478758793,1.6321510882115382,42.991834608137985,168.7589528803622,1,5,0
3027,86.01022363021707,34.52050574229231,41.45145452096721,110.83598210614414,0.25990404207843765,37.49212392789368,193.6788196948568,2,4,2
3028,74.77892705878875,43.396111934203994,71.49763141991096,29.158823602540508,0.0,38.673182202801044,55.32904570803572,3,4,0
3029,54.19318830549251,69.32113587278566,29.37196852793688,118.25845005241605,1.0178315034880883,36.77938603521668,95.85808107876993,1,1,0
3030,40.16727628735905,50.217634988939814,72.072796329301,112.24486508563646,1.539651608902982,44.71080404096887,77.5066849644916,2,2,4
3031,66.14245193274621,31.457963059543065,59.62709304699182,69.83515756109225,1.2823427091227702,40.816447090182535,78.98804625675115,1,6,4
3032,30.52907600591063,68.81507541136008,100.0,128.67794184387125,0.8512964345519236,43.945440343166744,159.2954127714931,1,7,0
3033,59.52715538712438,60.96500940178222,100.0,16.616736690456904,1.2608044428052851,39.82482637104251,34.401922731693915,2,6,3
3034,60.10940318333254,58.076524358246786,89.63364007525708,149.52834137213947,0.0,23.958789875296752,123.32348454681531,1,6,3
3035,71.2041981499776,60.736013617562605,61.83465548346969,56.09391481972737,0.1347186209582963,40.313684160997084,136.41190536529328,3,6,1
3036,100.0,85.91542850873677,100.0,50.75269374414838,0.0,40.63537955156817,92.89244131990904,2,10,0
3037,57.84831934357534,82.77642342554168,31.17411805400448,94.30876138462615,1.3572471118506226,42.4259593715346,144.65339134933865,2,11,0
3038,39.82072748585003,39.69926985495057,34.91103426090844,121.64864640218177,0.2315653867532793,34.06270806314258,107.38259202687252,1,4,0
3039,49.48851375616011,74.35827489216729,67.90542250277338,108.19620317967149,1.0917845897474387,28.04530283334488,160.8564960578056,3,3,1
3040,14.618481902217638,55.747522846383504,100.0,62.86704171138109,0.8750998597420465,46.24606644894278,23.889734753707287,1,5,3
3041,36.105737378218834,57.486437242066245,64.94152732824782,74.69553544040558,0.0,37.26393443465831,82.56123694965653,2,4,1
3042,41.814351237737924,24.61593752535007,65.41886891976796,43.3478826311269,0.0891292530166009,41.712440476849956,96.40934285744827,1,2,0
3043,39.51823204130815,47.44421351917706,33.95224109720477,88.7660049185065,1.405672383570308,37.18539920111704,0.0,2,4,0
3044,53.04709744067444,37.807646144951526,93.64823963175945,153.75106072554547,0.0,39.939381742264054,45.70236332107326,2,3,0
3045,33.55160135235599,62.42088222339964,93.82940635823385,99.78685311780619,0.5874073271368353,35.50714652064192,59.32003728206068,2,7,1
3046,72.42061334648943,66.06620750604208,89.72688003499775,142.97071273797266,0.0,30.31916410846172,147.41029974116748,1,6,0
3047,50.00414129836394,18.88270473475533,54.26948317881594,172.77006688630956,0.2802334691588976,44.73731660768657,64.65783268426998,2,7,1
3048,49.81399357722771,49.66947703993594,52.33233079067486,70.59907404815165,0.46768663922101966,33.9687991177388,59.09605063470115,2,4,2
3049,43.44210566974164,66.82792257191377,37.671943739875736,90.67133734723177,0.0,41.63951480894811,140.8742890328096,2,5,0
3050,53.10381367717958,47.19981556529832,72.09681254402334,208.55964305312477,0.0,44.10460221902078,19.104467710497275,1,2,0
3051,66.5019652933527,60.93595467503547,42.98981676803746,172.21717059899726,0.7003913357442096,34.131872843969184,0.0,1,3,0
3052,32.65739568578199,55.26748201440626,40.56458736876778,16.379773709382377,0.0,27.961143656270153,81.92038499653268,1,4,4
3053,36.837670218494864,55.124903479289394,59.4077320772331,119.35741580304533,0.0,64.26085613853053,27.61466159608223,1,4,0
3054,43.92547942446671,45.93027532897554,57.7710956203946,100.02799961698477,0.0,34.72228124054574,29.516035267017543,1,4,0
3055,23.082581530535702,31.751287937964356,56.55053677945112,141.32265554293812,0.4454643675680771,46.234171586011584,128.6716895843991,2,9,2
3056,33.61484280557005,33.17704778862459,81.66111492100653,62.751061625747234,1.1605911440798888,59.39463549570124,143.79869189562896,1,8,0
3057,40.475582529106816,60.64028771682976,71.97619505375698,58.01958139796639,1.5545700454185867,47.899077468538934,139.44321079260624,2,7,0
3058,67.48778361425455,50.291873832783246,62.79609923722206,66.19646423531952,0.0,36.99557191172448,155.43883301536164,3,4,1
3059,55.2512265800385,47.922316330891626,74.57532320778705,71.40357269007836,2.0052175553318476,39.32883612464889,162.0567160007401,3,4,1
3060,53.87179822735089,43.64164936516471,45.211823972384195,140.7662083404507,0.0,31.673927802611516,0.0,3,7,0
3061,67.01795924335944,45.42216731778872,72.63196559774195,40.939941342556,1.2584839663295089,48.816964269577426,122.52059799647333,1,3,0
3062,47.25256423201207,65.7036769173221,73.76506232111585,68.86930500203405,0.0,45.662707080586884,73.51959002152206,1,8,1
3063,57.80929699857779,44.971338771979596,32.42382851606298,10.549380474927943,0.0,34.855741817382565,62.62878770047819,3,7,2
3064,47.93556494135007,29.88402930047647,94.89234385925906,150.35589117061863,0.0,29.578251929015558,128.02073161043526,1,4,0
3065,55.30724698799257,61.1547766331026,47.96415736932511,163.55150497155702,0.4632866102456166,26.787662623363083,13.48522600521241,1,4,1
3066,38.34482684776836,46.926850042029244,72.25774498016088,83.64632845681068,0.9059805197235272,49.86514003804201,12.444569706384002,2,3,4
3067,1.22365683447142,50.47093798299165,99.11029351338176,85.10253175933885,0.9689076265333754,41.203731289555606,131.67863720408587,1,5,0
3068,47.314416756273914,74.11367459599265,93.14191894284673,122.66109511414487,0.0,42.149845363327515,124.38930087554489,3,3,0
3069,78.45496272199881,49.69159163974239,70.85833471422089,173.7241003689128,0.0,31.770513741376426,106.83663279357552,2,7,1
3070,68.52430804483186,54.33775509678088,60.93752492794829,120.43053737819587,0.0,25.36496896695594,56.00432976384316,2,5,0
3071,69.30794969182341,32.31614763052512,93.68779771438918,65.12290287624427,0.4220519183301421,49.62613574711632,137.19148172910621,3,9,2
3072,74.72261443612436,46.7049582147356,86.86737444521549,19.058871400677972,0.3528910770663878,40.42039036997231,134.0151446030238,1,3,3
3073,51.77315181922875,59.14289067812902,54.54087449889675,44.24368686682561,0.0,49.0723466005762,104.26522575237271,2,5,3
3074,53.94631414811191,26.669393992381366,50.12765882495774,103.66097251562326,0.6887225858442709,36.14066873484436,41.133947936511426,1,6,0
3075,37.646962091313,53.01267639673564,18.191120457600043,67.23362383996027,2.0837981658347227,37.63182156963141,78.73758271352466,2,4,3
3076,43.678542879459,51.5118660896721,73.85079604208968,109.74838529953793,0.14669917671539406,47.13298176620632,141.89168387622215,1,3,0
3077,62.315422995422836,50.619311833811594,67.93255637454003,72.3537991881883,0.1965417251575266,47.323480796505244,166.35956114008934,2,8,0
3078,74.07768874337633,65.55738347987365,98.40478436606355,47.092678435279424,0.891763099227058,47.97565622685954,83.67316983118357,3,13,0
3079,47.21107448638001,55.016577722727824,78.97637733700917,41.14841842734644,0.10882859578424359,37.04798746897304,87.51635160958688,1,1,4
3080,40.99621470297177,72.17107847534666,100.0,178.1177254686615,0.9682751372027276,46.14547237650868,91.91554459874695,1,4,0
3081,50.010559177131945,35.096157266089456,52.56589430209573,144.44938745918216,0.0,51.09099465476719,113.7446504455486,1,5,3
3082,62.024134978582296,52.03886850827522,98.45375827419046,186.52589759139792,1.7824837253041108,38.95227988318466,70.94663499699881,2,3,0
3083,21.122903677329163,51.26700179584921,56.77709052238362,126.99754503775515,0.7413424808146061,34.865116362259464,0.0,1,3,2
3084,4.076380937255237,33.9611825936738,89.4399015448068,78.50042956925805,0.06598393564630195,53.42747603316766,159.63845008235484,3,4,0
3085,38.98926301016833,64.34442503137019,33.53104018673266,166.1670461244969,0.0879158103715082,33.45554266448693,189.73444735812745,2,3,0
3086,25.585751481716827,84.87009958779227,75.87838248415471,98.34659993191161,0.14034017310437558,46.29476497114477,69.38000701971437,2,4,4
3087,39.83719604705378,49.744908882742536,20.382801463852253,111.04208851451762,1.4609247663742113,39.41577689480139,46.6673315540613,2,8,0
3088,47.04439362365057,57.5753163241065,63.321562851456136,97.85878104622405,0.0,21.584343835154396,93.14497388048889,1,4,0
3089,40.93503181953973,51.267777137229906,81.00884984694784,1.0,0.032440830678346744,51.285940674785806,90.62480581356135,1,0,3
3090,79.04935068941491,39.29622995139236,56.975786219222606,180.23675061474268,0.10683761015220178,12.421463704526321,149.77592885814798,2,8,3
3091,56.5348952920464,22.688595832969757,43.739059281100815,124.55019729788768,0.48901842327014344,20.15871933242391,102.7319720822519,2,2,0
3092,56.00948719221657,39.41339775356953,91.15296173239834,116.4911530434255,0.3102232151472439,45.273300794806715,60.36885848144084,1,5,1
3093,62.44414288086804,29.12062428572403,67.41343025382692,96.91119688647197,0.0,45.27071198678115,34.07952747209755,1,3,1
3094,27.223337644384618,75.56153117088677,57.76073382423321,108.17139101930655,0.22012412148317273,33.62420142122464,143.28170924098367,1,4,0
3095,70.78223574840537,48.27335459115141,71.04739802885692,70.13605320768761,0.4303145217705221,41.47822090303245,129.9755620582125,1,5,0
3096,48.484714269290805,44.81121006429244,100.0,130.82896761536355,0.06033151544415172,14.68569954221995,153.02799390459094,1,1,0
3097,63.409612344824254,63.33730737181709,98.8375712445386,34.64508278004338,0.9807428423333653,47.069754644705995,51.59066246394531,2,9,0
3098,28.56285533919689,33.17373345716168,99.064341704696,109.30342162352734,1.143585900127553,42.49725487053597,191.92184497641645,3,7,0
3099,18.924824679678714,38.49703942993172,80.88865797480909,128.0786735285552,0.445129310189425,39.543571466662044,12.815274647138153,1,5,0
3100,66.35779316050058,51.02108403872931,74.16213181442868,90.06654330885485,0.6613791107955105,40.20841482137772,135.48005107007398,2,6,0
3101,57.528190521950336,65.43153487135221,10.097942791739591,118.54338962355123,0.0,44.93254176193032,4.520861640154919,1,3,0
3102,31.95896891284979,57.52527567753182,53.0254913384217,50.433280388287486,0.2052280594867178,39.710984765021394,60.48343091507661,2,6,0
3103,32.60673837450611,53.72487713773823,57.98563966993814,51.70866145520179,1.2033751842305387,21.2594449726878,178.05114652239797,2,4,0
3104,72.50869568829539,51.17176602854025,23.127698398811674,111.83585605131965,0.20359439177450572,61.96332234522522,141.5682127237995,3,6,2
3105,26.21176214265344,56.00353783290163,41.06460524461416,133.92748273105258,0.0,52.008008194284514,72.6889792256409,1,5,3
3106,82.85345906511927,53.02479357693882,20.479088226934152,6.256717224914453,2.0943822482216516,27.15055338045172,74.05814785891559,1,11,0
3107,31.987585307042625,34.550415878345966,69.04190410756568,126.10103175553833,1.7733540331370636,36.548627695234096,105.0311055417721,2,5,0
3108,62.76783851216766,50.69118832449727,90.4691492712204,72.83992498118315,0.82730243873751,37.63965809843959,125.70704953803613,1,9,2
3109,43.42763048502031,33.89467011623371,97.66936296560822,90.35969563462938,1.2972374280360333,50.788495665089634,162.57896913413484,1,7,4
3110,62.063748621646866,51.216238143512356,80.36961155198102,33.02410382174814,0.0,18.407310646802323,77.18829976957528,1,6,0
3111,39.11771995771615,42.79028087767638,45.915091470035776,57.419137990664595,0.0,35.00991735570211,19.41074682563992,2,6,0
3112,46.74414187855412,88.09072434174291,21.69837103700101,148.30626627651557,0.17102948877879398,22.393635566624962,107.848431352438,1,7,0
3113,50.818383507914426,49.40158424372432,26.078282514962453,101.64316869901066,0.3348139307931377,37.149044841716616,77.12845812458026,3,5,1
3114,29.956250884370547,28.936406506076167,38.27543556863753,80.86107991452208,0.15703918531822625,35.27499106915096,34.968314762577634,2,6,4
3115,64.81648690840251,47.98729683984613,47.778507549108134,94.17558236844826,0.0,40.79694067382712,114.88344576563972,1,6,2
3116,39.73572867056829,57.79038118456832,66.00628755021033,124.46059123321506,0.7702172330959918,33.951256009908164,89.34431229536054,2,6,0
3117,45.428001693199626,75.10045919228786,44.64589454682579,122.0247248081669,0.8805578897964248,32.48976608609476,115.32561032348971,1,4,2
3118,30.113012507829755,41.15821400091922,78.47439734170653,96.24864998015995,1.6213291541129868,46.19656691763148,55.27778999064098,2,7,0
3119,0.0,26.2635803896454,64.19316243001317,154.64795554483342,0.0,44.546727409425806,124.33552651627494,2,4,1
3120,46.17944474799662,62.25255517146472,70.26364279352563,148.5231318453333,0.0,45.51398342778242,34.14509016225108,2,4,0
3121,98.25230843225832,29.291019411505232,98.50626381678012,120.66860145651978,0.0,38.230999095091576,58.61343051517085,2,7,0
3122,65.69208575796048,43.457668377387726,40.49420664499075,102.73058914550353,0.2945032143863797,34.28261417774811,87.85428844563612,1,0,0
3123,49.61479240531211,46.13569271733509,80.46761445730921,132.86605475597696,1.1307782467435201,38.81147517979229,187.0909207479857,3,5,1
3124,44.742183415834646,48.955498200498376,69.65066928809817,115.71337109005917,0.07176249646509647,45.011620700684524,139.2412684274247,2,4,2
3125,50.449317856240924,60.337466856115036,61.66284297575762,153.04000359029737,2.0004113729805537,18.232202990281515,153.85962521338948,1,3,0
3126,60.9423823035042,39.74548576570419,92.13140802164901,144.97806883691538,0.3203836149473336,43.94111930370858,170.85385166715722,1,4,0
3127,26.383743693823103,45.89406121749859,91.97535386392519,49.08730492911357,0.6028945990019889,43.09138187334798,280.1416067905437,1,4,0
3128,72.28643389337745,49.78594470575917,46.33773010028929,45.701841462914686,0.0,40.62150906085727,102.0794533779217,1,7,0
3129,64.30762630882488,52.24396936278182,65.4459854035519,64.93752277979618,0.7010542416226956,38.506865781283246,171.02004615649278,2,5,0
3130,64.36371451415869,51.46740762061884,77.03029206460164,148.80693450334604,0.0,14.338806140675864,150.63176272009704,1,8,0
3131,58.76951477619455,56.5400866283387,63.17483129943539,21.184550161437727,0.9855885685092014,35.60146736899594,149.8016251653763,3,6,0
3132,50.3923331538798,62.65759264462606,84.62553330719496,119.73786945539966,1.0070997233647885,57.894387110773735,188.71198090200906,1,5,2
3133,63.457224719336395,55.88951173476452,77.02980044775688,118.12715455464807,1.451503997035557,40.12901295568306,79.03434845077618,1,6,2
3134,61.83628267482756,56.80378285263828,100.0,158.13240293430965,0.0,36.927101613252816,75.06574880318102,1,4,0
3135,42.91918578117952,26.266652498802834,31.74302160175531,109.01693453319437,0.6123934828081935,40.16906195590113,115.98827567409307,1,2,0
3136,38.52796454206198,50.753415487485206,66.93910025631506,32.839530470804974,0.8946715915705529,43.54772868628009,90.86501140390564,3,5,0
3137,52.03712590523973,57.19261322002413,47.28743721219522,52.03225196759386,0.8095971468312169,46.58820244689464,115.92504264990865,2,5,0
3138,80.98040302990375,60.93411791855675,85.1026863859761,40.90022390510877,0.0,37.71119836842058,178.13743925265058,1,9,3
3139,25.217858486921983,39.61473838649309,29.570702748861386,73.10280168334299,0.0,44.24919602393684,76.09266386468607,3,7,1
3140,20.6494946849512,40.11441087667033,78.65781775562216,90.85492162880365,0.7428722078191368,56.7665080276136,84.76605187031348,3,3,0
3141,53.29521682473033,41.38848987074603,54.24878921629147,41.72792368894716,0.3932502251830564,50.06250799432715,108.71555017632885,2,2,3
3142,51.01775403712036,58.04620849837015,51.64595334697465,173.53309953261447,0.10333058492699182,63.40300215856979,88.58407869874154,3,7,1
3143,53.466833287408164,65.50821582386313,33.837544911482816,33.73593140237794,1.0347617546008263,33.432296416482835,4.2997085993256405,2,5,0
3144,54.87906395817001,43.88809839062598,58.37310134497485,167.305171193124,0.4685563232918968,56.76189507502015,70.99361786505303,2,5,1
3145,45.535954907303896,63.619434704405734,97.11251325727314,159.258151571967,0.0,32.09326360077405,134.3686621118752,1,3,0
3146,79.79726877204165,51.85219713746891,69.37028291176301,144.91512748445177,0.0,43.53566146740464,171.8773375466323,1,6,0
3147,17.981920430469685,48.135713342563456,85.69201044686186,65.31166962516248,0.0,47.324765292380995,42.26907162311366,2,2,1
3148,33.430059504395075,46.829236552730464,100.0,117.12254395884507,2.1751086063367504,34.89222808095528,42.035880038457854,3,5,4
3149,47.93490479701905,61.19917046903235,76.5938896205644,36.1314433224691,1.005943741752941,40.879642774742756,101.51169013586679,2,7,0
3150,17.13622377691665,54.88366725180605,56.03001069844149,145.54535175168746,0.6320286393825083,49.10461102451841,0.0,3,4,0
3151,46.48291191135858,84.13738141471455,81.68130537956975,96.30076092318656,0.3728373509699367,32.89729101688092,77.75148985064362,1,8,4
3152,83.22940331456036,37.21663035504014,56.3925963421427,79.53398927066574,0.326824942036795,56.693834595476474,13.197897022430325,2,8,0
3153,50.41772976591923,57.77152553044964,57.389432917570765,38.81275766718654,1.3170371883513663,26.154033752726512,168.45306499212325,2,8,3
3154,54.61401811437367,42.06198485282731,32.00268000952538,1.0,0.1565829806675979,59.396914427283846,61.533442282479776,2,3,0
3155,24.796704696548396,36.960695195170345,93.1564372771098,48.072957148212204,0.9038442874790049,50.01326134799592,182.64170931695136,2,4,0
3156,37.672771839210455,49.83699294447542,60.349935608764014,155.63990978064533,0.2561004347958842,39.102744236722216,155.67606767291696,1,8,0
3157,42.49607239352126,52.06028719110554,74.55245614539655,79.8583285762598,1.8581096422845436,35.97331788763269,67.68413511512917,1,11,2
3158,43.64569806487532,93.77260332590139,44.10095178483401,91.53355714424764,1.0196019553048126,34.92971737208976,46.402018157696126,3,7,0
3159,75.63287590007538,47.23781276475197,80.89869074288681,132.77771791442262,1.3718897702785378,38.642043597429854,90.32271254162058,1,8,0
3160,61.15382121450249,33.04731905772975,50.951469046622904,190.28344390581327,0.09091315771823288,39.51504138451174,94.76766878708983,2,5,0
3161,27.77084086125936,54.09516076241579,66.4572819574544,166.25023274728193,1.2406952787971952,52.552262466345816,117.30734719762006,2,5,0
3162,54.9300955686401,18.880399436804474,91.94565078097814,51.383249809190595,0.2811958022237165,59.68654100384584,61.17283552349105,1,6,0
3163,59.9644349699357,48.620648260936015,89.76898280581324,2.8714714281296807,0.5770243767529945,41.993799206540075,137.31974367611014,2,6,0
3164,72.80298077042534,50.24037923442741,69.44924818707649,217.98071295500517,1.6445333694336208,31.543715120105958,113.26640274999498,2,0,0
3165,81.61081373136747,61.91900574417817,25.796724182332042,213.44958058297266,0.0,34.54273959363806,82.9802421642068,3,8,0
3166,29.698116163442627,64.6043337414177,100.0,109.42267982146413,0.6422734119137803,38.169092153887156,64.39796722909884,1,7,2
3167,33.78284977579324,42.446455716384236,100.0,36.47558772090892,0.8066036809631087,29.698778947032245,90.7557508450657,2,5,0
3168,24.848442821707675,47.740789780551005,88.06687062220746,148.16132669469695,0.8640030665605669,28.21058597892621,59.154937408621535,3,3,0
3169,45.31960281786037,38.508187540839934,51.169905460225735,94.60081569936949,0.18445085483457424,60.97127212373027,102.92193474417938,3,4,0
3170,59.32716748892669,33.079061677884596,67.16019595745088,94.35094384466947,1.9603848705656568,43.02613525946254,104.2719342609955,3,6,0
3171,69.74669033178203,54.64842169070952,56.41448925558708,144.72294215525645,0.0,31.668668663196534,113.08536417381697,2,4,3
3172,48.48097952714954,30.896216771051012,100.0,116.71873734366493,1.5212197720427285,48.16603570357712,188.3121204835927,1,4,4
3173,43.60304953490312,43.78059649142205,76.56257227129585,40.70925444925274,1.350545923914147,28.216538751931544,93.37776401502138,1,6,0
3174,53.03515984497481,35.07239060151144,50.39590354100418,83.7629032459013,1.8306221527225792,29.039879521289464,150.22989335622412,3,3,1
3175,33.29714196739954,58.245247794353894,58.23112252188045,133.05764643306733,0.0,31.96957598935755,111.47936984878508,3,3,1
3176,91.79077443389546,77.02145148899731,98.02970356424761,125.51261112025092,0.0,56.54513280865034,88.0877849050773,2,3,3
3177,17.846779457638824,30.47618025795003,100.0,113.10082871792379,1.5443601414131485,37.47119934221626,94.0420365024383,1,5,3
3178,53.69481157791449,22.204722756536462,100.0,146.6711477237932,0.0,15.582930130975132,97.05867954159748,2,7,0
3179,90.47212438459279,48.12669671974899,88.92580162634944,81.91415060913677,0.0,52.100659331755935,113.98838538641081,1,5,4
3180,50.13599689119996,50.235466939366376,63.68437827993408,108.93348876095361,0.1581845493019558,36.936186358376425,52.033961739051506,2,6,4
3181,46.19921929997011,53.279889601359464,0.0,1.0,0.6343956520355872,21.505919941215943,26.732980827751646,1,2,0
3182,42.851091543791455,43.30519227148483,77.42900059520554,77.5174903078593,1.6145575515541424,36.833165120365905,132.71486967371376,3,2,0
3183,46.392166364751844,46.99041051761852,69.95428102889748,138.1951454287822,0.3703138595487493,45.210038966049034,144.90619162906296,1,5,1
3184,77.45696949353061,55.51265615810903,73.49955240803385,80.48027664414288,0.07423259635482254,44.0404916653297,137.28179164014014,2,5,0
3185,5.7627617734098635,65.60646338967258,71.34743367583016,76.6886304141444,0.717972956387499,57.98414979164819,107.74860092782363,1,3,1
3186,80.6686740259265,20.674268445225756,36.84344595127107,47.92735241125907,0.8287175383060805,31.472321374300694,138.36123137266443,2,9,0
3187,21.5208569509971,44.465908414528066,83.93521392127964,150.1682946364573,0.8088678755191898,40.467201202649726,135.67145130085711,2,4,0
3188,44.6669534153117,53.20713190911595,85.80540785079626,127.42316367702853,0.3754096544340585,33.00430721421578,139.38146794774775,3,6,3
3189,41.41511159402676,36.23035843083896,87.05846955149147,141.27072989115425,0.0,24.57807105812777,57.022958932894326,1,6,4
3190,61.7710653954144,75.96754447650949,93.66442508933466,13.689301902105527,0.0,48.85527372305955,45.15241014226845,1,4,0
3191,18.03751296232505,40.46885179656894,85.10129112304058,91.9774978367183,1.4941897596872236,44.6326956914752,80.57153766238646,2,8,2
3192,59.24345332163885,49.38060969489076,59.74926471152723,85.9944496124997,0.6309482565836199,42.83678449698853,99.13079452286723,1,5,0
3193,90.48619246573705,58.34033145263436,68.22907880209775,85.97141467007238,0.27423451662506027,44.26790193258645,87.90394364338552,1,5,0
3194,22.73651990814379,41.13072816797158,72.27812168133443,69.19862281410221,1.2827179838617822,33.1452714731158,6.165483433106218,2,7,0
3195,53.79412335220791,22.301404282933742,72.69248622766546,82.69478641099924,0.0,29.943049126818067,186.08463060675712,2,6,0
3196,36.76035644406782,43.570182096252,94.95544139929325,142.48223913533258,0.34225630640089466,40.3764737216936,86.29770055571322,1,6,0
3197,58.517744123860716,65.44160833890561,86.09171882556227,4.357432332608539,0.5964308836218261,51.61211402411614,108.63522082884768,1,7,3
3198,50.38295554831504,44.94657309822292,100.0,188.8647384015227,0.19103574769375958,56.08077135453547,162.22744953815294,3,6,1
3199,37.170261819113804,37.30348547811532,100.0,124.19205625132307,0.5705339760311191,47.95432706807433,0.0,2,9,0
3200,59.75744569742148,63.88508314254082,71.99123956534812,97.88340521698936,0.3686142480047644,40.29174426768096,74.4153064044144,1,4,1
3201,86.08696219573486,45.03837655965421,0.0,145.3417073186463,0.0,42.69783929399936,80.64413632100978,1,5,4
3202,46.18192416545403,42.34758779524674,100.0,27.408262741578255,0.6270345173153391,40.115938593253716,83.18449772746777,2,10,0
3203,64.39515884296364,52.24184134494964,56.49059152532364,66.7649547424493,0.0,29.740566603005718,91.32567046430236,1,4,0
3204,24.134540842576726,61.56125314428181,49.96290195422483,93.9462283804723,0.6159305875677056,40.24647378210543,172.35673992224224,3,1,3
3205,30.871272463639826,85.72570297598818,60.03886812526583,168.27801852160889,1.4618950769050765,26.651731824115068,133.67294378636112,2,7,2
3206,59.44812555760755,62.40854161486135,58.83392382963484,97.6751709436721,0.30328376190676193,38.75922773896961,147.90176343144148,2,2,4
3207,79.6823205707193,67.39759949582516,85.30674525263481,122.50273355925731,0.0,56.36105110596319,102.35601359054618,3,7,0
3208,57.1122669757132,42.41050701518217,31.014105521844364,70.52105020319361,0.41110853075651366,48.228592227833516,30.031347692724935,1,6,3
3209,43.73883938953691,34.61197841045785,43.056981355209956,124.34210344837454,0.0,30.7688081576347,0.0,1,5,2
3210,49.98582810846708,50.934970244286845,78.57896385493541,183.86197964872284,0.9161563018420287,39.275709303577166,23.529613838418456,2,5,3
3211,24.99184532060565,51.607548728893946,85.57360076033271,149.7763345837057,0.3964078767340025,31.65623688245262,117.98828520830098,2,1,0
3212,62.09030652710734,33.82230887953104,86.03854112340031,95.92720061110603,1.6968342761652013,39.3748623182279,101.58848563488175,1,4,0
3213,67.64666124646818,47.370582051439804,50.324093026667526,133.7745423632735,1.3140927169741365,50.41107816524563,89.49181762219962,1,7,0
3214,40.958193343338394,55.98976402578696,45.543358768344,128.8758477303606,0.3928436468630181,46.530079383099036,81.57115466299317,1,3,0
3215,40.59915704480997,55.405900925271204,57.334129155302016,125.32938358486379,1.0009263475811636,64.84144080745335,200.58607877213734,1,9,0
3216,55.31756459304097,57.56431780076409,75.99681880711813,155.59766804302043,0.2247345135860082,51.92477402507571,58.85482045117628,2,6,2
3217,41.265605279188094,54.364470952061644,100.0,155.2238851918733,0.5237698196156177,42.040003810776916,146.39097280580296,2,7,0
3218,48.67734770748355,42.394870110949164,18.814070355731246,93.64207015625578,0.2469960625547814,46.77149974133293,100.0956468010497,2,4,0
3219,91.99443578333032,42.29149060026735,64.48178107604083,132.09395307388846,1.036519171894796,37.975568258166646,96.95302441070015,1,4,0
3220,45.059485985080066,32.01572903009186,36.68303897436991,80.84525394201032,1.5030917936967045,28.72495752913504,158.8318774308372,1,3,0
3221,42.83319695957556,76.77162558777643,28.693933066162757,53.84638018422112,1.0590537450338005,53.05776578287521,173.12651913457222,1,6,0
3222,37.049163887296814,50.201755469289395,94.17391613362042,86.52531221480068,1.145355620899749,50.08991476931648,88.0225271557581,1,2,0
3223,64.88383942999873,46.627204163077224,83.61561436248347,96.18609241302087,1.1461234060650105,37.589457854060356,139.9601359621071,1,7,2
3224,46.37551653563794,36.06811877821312,81.23583789868155,16.920950541100396,0.8858791456342969,42.73935736931338,118.19456810750269,1,5,3
3225,37.01253923357148,94.03486853491668,93.02564599327484,143.01662797083603,0.0,52.409391873848065,100.37185694049573,2,1,0
3226,76.42608064546025,33.90007951665657,58.0070275808466,1.0,1.6906800635915498,48.4635142620602,110.21274713285129,2,8,3
3227,78.39206009027274,43.5672811159089,59.184062091661794,235.74084697431607,1.7630875786888973,25.368987487503013,65.59955925775812,1,7,0
3228,37.9915286852259,56.23755254429091,100.0,175.09395668981594,0.3362842776806421,42.43620021489824,84.69503033344577,3,1,4
3229,12.669200972787678,59.00319448616416,63.83572364351064,86.94956379138432,0.24051145934867268,38.32368474511636,70.96823601236468,3,2,4
3230,70.15027379673845,64.36898082823527,88.37830282635228,100.47131802818866,0.9286881570407626,51.13000699138681,145.068835821446,3,3,0
3231,36.30740348479992,77.11412761653895,70.15953852408288,115.14859367936415,0.8855689846284533,50.310427387826614,95.23994422294687,3,7,0
3232,65.81251198325538,57.592364831910686,23.79353674803962,70.5419806005529,0.3586377518728868,53.18607828178045,35.11429876924808,2,4,0
3233,10.597923645763288,34.159538000499985,18.884274904968294,109.63095737934682,0.0,28.821056612797925,63.82813884184561,2,2,0
3234,67.85194676598618,46.14582312317328,55.525394501502376,92.80000111491694,0.7139908335248439,32.15888465943761,0.0,1,6,1
3235,25.776561414384375,54.61748558770827,96.40253129174972,95.2863641384517,0.8860055767228816,51.14082436135439,75.27536990589257,2,2,0
3236,64.61528238133049,81.02339062258736,89.70729141590009,109.07305317403194,1.008074803627158,34.08354184657554,101.88225325485747,2,7,0
3237,50.28546135672868,29.032917823635543,92.85192910560085,34.32361008230028,0.7445049406479453,24.785670190856926,93.19320755665132,2,3,0
3238,30.921211612067104,68.03864757837842,45.323845526592116,101.9784862066824,0.3102193961466635,45.32596487614065,199.00771757656963,2,4,0
3239,41.85927374146439,52.69871554319625,100.0,108.17238733087386,1.1958014276543947,34.52781559734027,128.74530204575183,2,6,0
3240,63.726369139134015,62.56745802844221,45.87766749534039,106.44248106779571,0.5460939482961429,57.897907703084,126.52259265445754,2,4,0
3241,52.117889062304684,48.47007925046102,75.32060996674922,89.20846222819227,0.17455388994469562,42.961845539884635,17.83654827148611,1,6,2
3242,61.68825960944969,37.363510548105104,69.74119275230659,156.8928887984686,0.3735426325679953,41.60259286641666,81.76789729414337,2,5,0
3243,89.52881169030971,61.26309169101998,65.65315449213534,82.31737225592244,0.0,36.30756108384243,75.66685963381522,3,5,1
3244,18.715167765778972,59.816465406584314,100.0,111.36629534115951,0.3724307230750228,55.908353339269716,60.69594005959961,3,5,1
3245,82.34425149937248,64.58085448609583,52.37223699585098,164.8648766962773,0.981905563912268,43.58554459889821,60.00596672433267,2,7,0
3246,52.087118750464256,49.80043046932047,36.2598686072018,96.03119299898438,0.7378481154974611,35.915004818437936,9.593852302918819,1,6,0
3247,32.02431903353744,41.00266965020226,70.49988715516048,110.72316337337756,1.5644649210868302,32.05916293394553,36.207339765933575,3,4,0
3248,23.393727485220204,26.618195074642376,60.00433164283684,95.18076818425514,0.3159175601890071,39.26526945435782,143.70467013824745,1,5,4
3249,46.21759218445933,62.290599022091094,100.0,161.86848967817997,0.8411192141373212,30.223531628451944,92.85426540034089,3,6,0
3250,68.4330022384892,56.358342236659794,86.91268691099938,87.11377192068524,1.0549181234140403,50.28877441678944,74.67987908628331,1,3,0
3251,47.449017592449316,35.51326050704061,59.76648561953439,164.16772886441026,2.1399999058011856,21.91657945975766,99.7294332673646,2,6,2
3252,80.22309860494695,41.92139490055064,43.59721077032283,94.82060526764677,0.6013358437823483,38.60485971666929,158.36953393505755,2,10,3
3253,20.97648619896882,42.99861782072839,22.992789735780384,57.02701382759916,0.0,46.10133545087935,100.21052604378929,2,5,4
3254,49.75822104307891,27.75523352026373,44.369522856564174,133.96865852870604,1.0935501273486974,43.42119420109657,127.0187065465519,2,8,0
3255,24.952131111737618,37.73476405092299,72.8735442939783,84.7666083122172,1.8060091491779198,32.82717026984331,57.66975788058713,2,6,0
3256,57.272637652499355,32.99254464790469,100.0,131.02504495495813,0.274215902841365,46.60258706706549,69.06850246266404,2,5,2
3257,67.737747801946,43.81281482168095,98.04222855969797,1.0,1.088757077024491,31.139606116140925,117.69884425318376,1,5,0
3258,41.584764126378936,38.919537525056555,75.72737079115949,100.26026309474732,1.360109638660244,39.7761534350319,194.63268541685568,2,7,0
3259,0.0,25.59492618699877,61.920808357437885,77.01973506212597,1.2119458807791075,46.518415719803556,171.48874297574372,1,7,1
3260,53.97896293592989,80.33885345854222,76.72030891030386,46.83706567343609,0.5878909657315046,44.62912779493113,129.14140347280696,2,4,1
3261,58.73477103467019,68.78811096543846,57.0340500628856,72.33794990801003,0.011068369250797738,33.24960988580532,107.5716880080359,1,6,2
3262,58.08589509923395,38.314708677200215,100.0,71.31484278536742,0.44310431639048997,51.97494516564363,170.05346778135856,2,4,0
3263,74.71564383644308,54.08632094980415,65.270245468123,97.60071025747095,0.8210203177143415,40.86694571485534,139.7339161522562,2,8,4
3264,28.578926407019022,56.261976347319425,67.84155354383182,31.633676935752206,1.1357557668642102,47.42995410939152,0.0,1,4,0
3265,63.60432210900899,67.86628782160216,14.604439374483299,115.81368901298569,0.7337615335993275,55.291010066732476,47.3034576072389,2,2,0
3266,73.8501502495595,37.72092460009882,65.1141288369309,168.31073926028938,0.2340644234215961,51.17520548774607,116.90701626789658,2,5,1
3267,14.428248319869667,66.38160175973638,90.91210344912352,114.04642484739132,0.8887657593048381,51.20129406331044,10.651621722451381,3,6,4
3268,56.393036518379546,41.78142043689597,43.30693557403637,140.44943046145045,1.1020595474199744,41.92679929849472,55.1205497621569,3,4,0
3269,39.91640337984657,29.9620639374708,51.231991637679684,154.7281227306898,0.7657270394901363,47.9393512091051,65.0092528171013,2,5,0
3270,48.36954653796708,60.86204838971746,89.81777544334162,161.82447560920883,0.0,42.13596574564316,87.19170468770832,2,7,0
3271,56.95352967076673,69.36137636183642,33.08356941204867,193.50693464106527,0.37301577569796707,27.906755322215865,85.6284895886896,1,8,0
3272,40.255428717728954,88.81863460296026,96.44502518854796,75.03990008620349,1.1634745434887268,43.02743792505042,85.54397864165865,1,4,1
3273,36.48583841676776,32.004121023646796,56.69640274567245,64.07580074194418,0.0,42.563609837384654,141.26537586201567,1,5,0
3274,50.68304834976049,60.483795276211836,60.285794487719926,139.17328241623673,0.0,45.837293615218194,86.73880672747329,3,6,4
3275,28.255081222743947,43.85298134309701,41.903039871860145,135.41331098286997,1.5556579951008145,38.72003024786605,80.7684933964383,1,2,0
3276,28.283497422296293,61.75038065786047,79.45115651069707,138.78376498078447,0.8579906785153157,32.385444432361496,32.54139479282418,2,3,0
3277,63.58746565913007,27.94265673153124,100.0,194.46412271251262,0.9247110017640745,46.56506083175227,151.21731009929124,1,6,0
3278,27.02411929682688,31.05845336452154,89.5374309865158,100.5684954399247,0.0,26.86727712747752,66.42512430262569,1,3,0
3279,63.32625001818424,38.36187765250274,48.392868451486606,121.30782798230925,1.0162696444265764,54.58819135856469,45.64848359993624,1,5,0
3280,59.25182585707903,51.184460685021264,98.3905146372869,50.98058742582626,0.6926740812978549,37.685819387950076,110.65452874344855,2,8,0
3281,15.483865424188068,40.38378100192467,62.08301135164376,206.76605619879788,0.0,42.45528172056168,61.65293688084686,2,2,0
3282,36.4487069532869,59.88581515870129,100.0,83.17275393954445,1.4969983899917,45.58558153281572,73.7023630102853,2,3,3
3283,73.88218806094744,65.40341927386872,90.16691005410907,84.58920359195851,0.6110783265331102,45.90688044844191,112.92300871595346,2,3,0
3284,30.376689377206368,58.99366311868034,0.0,82.66250544958787,0.22274122374451188,25.910157000482652,83.67586881102218,2,7,0
3285,40.711914753812245,74.28181459491302,44.89800917612432,67.75520706778312,0.23540717781034765,48.24086580544264,215.58046876503172,2,7,0
3286,59.24121786503793,56.23739944183014,93.60963057088475,63.52814755761754,0.0,43.031538283762735,96.2585728340401,2,7,0
3287,65.66781018565192,31.746549344897492,73.79143180362544,73.81478585552374,0.9153356197419544,33.64738615441391,130.8919109439611,2,3,2
3288,44.969222279110085,70.45064770307509,44.406101307303736,31.710203597452775,0.6833000450720077,32.50333049054086,2.9152976253527356,1,2,1
3289,38.049796106167165,40.92265646591004,54.16026211265468,60.734103986838086,0.36414390736683355,36.65946917943155,56.967543404263495,3,4,0
3290,78.44739723397015,63.65627749528355,22.344084497765486,197.44815557238095,1.3949396452161704,27.01258313389508,45.65431525416438,1,5,0
3291,84.77799327595159,73.60601324832659,67.7906678118401,136.78275718206842,0.0,57.22267390987025,52.28101383486856,1,7,0
3292,69.57716101563591,56.85032016095599,100.0,146.29520883638588,0.08225926654266935,54.86151325143344,120.77689969185013,2,5,0
3293,51.70636285130048,27.557617802530253,90.12333476830814,158.86043937084574,0.0,44.517002009759395,151.7782533888705,2,4,0
3294,33.834685567181474,36.22681750235313,100.0,191.70672821811954,0.30484351415991284,37.76601583657909,117.23152523172554,1,9,0
3295,33.39111186886869,69.84116700327704,92.0599272447495,11.428872427807804,0.547229017680056,38.02892012062605,88.66776882168455,2,6,2
3296,60.450282105315154,47.463159715357754,95.6869835838173,38.50584423567297,0.8010094666679484,47.58065706173968,68.45724806437903,2,12,0
3297,58.36796441777368,51.193603024132486,100.0,59.813816955265736,0.2571185828264179,57.578268995019506,155.67998755932544,2,3,4
3298,78.03197185892859,61.38236624245414,79.43158148355566,76.51351017552011,0.0,34.29603260403257,203.5627727077431,2,4,0
3299,63.00900185072278,60.44484293120485,65.31931696232799,84.97153047073755,1.6802048648393109,28.824139573766757,106.75278523918455,2,6,4
3300,19.93839396480364,54.18199718578191,95.81643791555031,77.65112235969796,2.188148134251998,55.47640773595271,146.96815320357862,1,6,0
3301,71.03895235445837,46.86997443169301,100.0,110.9654456566027,0.6003006703174177,22.128614124155487,117.16851748977375,1,4,0
3302,30.03878745371174,45.30997331401464,58.000883932194775,101.76476953726079,0.0,29.914691917473537,137.77524532327948,1,2,0
3303,42.32057456095297,62.86848237937014,51.96077294149927,63.858260241087514,1.5328178917296058,37.53142107489147,41.77266109449418,2,5,0
3304,55.00400412503389,58.3035429660169,73.47140081077201,1.0,0.0,24.39566532194969,75.5931859928938,2,8,0
3305,89.9133497956793,46.140499990733154,90.78747167329155,50.35656473106509,0.2656586727066207,51.121490628065985,119.7734720022792,2,6,0
3306,100.0,66.23168469489711,89.95227621653905,72.53806733437123,0.012718064057588796,48.569052705051,160.62454720409897,2,2,0
3307,62.134461182723655,48.06448827305324,34.395809995310024,87.64602815961402,0.0,34.25206772784683,59.093288918116265,2,4,0
3308,46.33606762559224,37.2250673849841,100.0,43.51662703447315,0.30398303695476137,52.79614119177748,0.0,1,4,0
3309,60.69011296961101,38.615439516449825,53.97087676507874,75.459676675179,0.0,54.49292428403826,75.08677867793755,1,4,0
3310,67.75310851747672,35.31888745535351,63.37337507778552,43.45063057572068,0.5088581249040581,38.86829351709937,150.5065357174125,3,2,1
3311,43.586647488856165,45.91384975094469,47.433641000304505,93.70903242258335,0.5190240173707248,35.49331822431992,20.80522044560753,2,5,0
3312,85.90422711824644,68.50586417504289,100.0,46.34543358186923,0.0650677935346145,62.596020277424785,41.15400539342079,2,8,4
3313,54.60141518382804,37.92357228454237,76.05176675719919,57.55476718147678,0.24064065038429128,47.21161822084155,107.7959293025556,2,4,0
3314,59.95486178182789,52.827136415271546,48.72562298296088,34.565793450543055,0.33840572246740264,42.563246529688534,94.2014373619268,2,7,1
3315,63.318485041089225,40.149659815588805,91.59808874906115,92.32496522151081,1.0668922427835987,53.63545946639613,129.72332407766137,2,2,0
3316,58.43173221228911,46.09536438092844,89.22839448275083,56.67761150238008,0.3960994192550701,43.01930635003021,38.56366197772104,1,3,0
3317,66.77881000939225,27.349381820221218,65.3068244105029,145.33921333377145,1.077291218550268,34.943794140808116,83.7510702915666,3,3,0
3318,37.65493626906154,46.691926562651936,91.01516781958458,120.29251333464495,0.910069088488259,40.80159760487553,159.7592701201549,1,5,4
3319,38.833964921079385,47.09441930292557,49.36770097922839,96.50740659081785,0.9000714878305194,50.38654287319735,40.35519031816081,1,4,3
3320,27.9969153405661,58.10431916053543,57.67704312626869,60.12572513281057,1.4714921792421811,20.078144336507865,173.84561481551344,1,6,1
3321,58.79002461240453,53.34921369883056,19.74458363584843,119.02601526581515,0.0,37.11969260560779,46.62915070556556,2,6,2
3322,65.57873007024229,32.02411812571932,36.90122289451093,134.53504446743185,0.16877182558502046,53.83057398581605,142.46907886888056,2,4,1
3323,59.155457323037716,66.26297366065315,100.0,107.13442061008152,1.7343091602096985,34.881315989064824,81.35207448934372,2,3,0
3324,83.48984866695075,53.15454560332993,100.0,180.18509277334653,0.31987844958751277,55.4610856043141,42.75458711805117,3,2,2
3325,49.88807962341907,52.9759027576623,71.64471621622407,122.9818659037408,0.0,54.14743819359813,75.15504764237008,1,5,0
3326,63.37483311185025,49.86226469922292,100.0,145.6803608784017,0.35792215979648023,39.34470884511049,127.2464594089497,2,5,1
3327,28.165982477213714,42.23363829166671,65.99813783479237,106.67827077679891,0.5944576711142748,34.314606951109994,99.65730025492546,2,3,0
3328,42.25800595051198,53.26703509623089,63.9147424358023,133.78322266284883,0.0,37.12641125850365,155.9234705721672,3,2,0
3329,63.91075515131555,57.13382653892874,71.41276621163891,60.16093836654123,1.4337549479215639,66.64614492001434,171.78700304674408,1,3,0
3330,66.98204221486287,23.796564629816675,66.87696011691087,77.0800818393603,0.00040127529407857354,58.74424446933244,40.84846673410748,3,4,0
3331,44.12066104671636,41.91858743980856,64.62009191099548,117.46817767411899,0.7299941806312609,41.25390971806738,37.18654275448275,1,8,1
3332,48.56801496283866,46.17579544394616,98.58495267873882,117.10497407786909,0.3418129182591564,33.91846448379591,34.76031131895792,2,5,0
3333,19.64252506638381,53.84255908541417,73.75339134890508,125.38059114716238,0.0,41.170410355812635,55.04019519759904,2,7,4
3334,42.85941598386781,67.89966508890689,87.81204411084511,155.01964461393646,0.0,42.438269266167644,155.21072604098723,3,2,0
3335,67.80766327039572,38.423887781048265,95.78451313193327,28.7514414092294,0.0,27.56641262390646,128.01809753333674,1,7,2
3336,61.50410032213132,42.53057229773237,79.70464489136833,51.27737261948519,1.2599703364285464,40.800412692152605,72.74862135387842,1,4,3
3337,60.013314427624195,42.31198834030175,45.743216852294026,111.47863205371266,0.39672326832989374,53.2240432481173,99.44487046885828,1,3,0
3338,50.9954737436192,37.97708614843188,36.17835277589903,63.78181840982696,0.13469413841377736,22.006433187835267,170.2152752582969,2,5,2
3339,50.14126317256353,44.79220257331606,73.71951587018263,268.88841206446807,0.0,48.26583965137248,195.40054254895597,2,4,0
3340,36.793577210531055,61.56203329981957,65.71859237937664,125.7859809585068,1.3373051550682884,53.747979700547795,112.9692166721401,3,7,0
3341,63.976568404050695,34.19246756953481,72.18478572300305,96.08345755349214,1.524940890766511,34.39442654905632,0.0,2,7,0
3342,58.4194588877878,56.41721592729355,69.59864901878535,74.22653634580703,1.3293207290946765,56.941757581910565,114.86435473799865,1,6,2
3343,59.84037695985599,24.471466549724965,100.0,75.99188584034778,0.8447061374079166,33.09662937551654,146.7374064770674,1,6,0
3344,39.47930314664839,41.57993005336691,36.74434360896655,101.50703306575888,0.7028810293094981,44.410826618604034,111.23161579280375,1,3,0
3345,6.9331416025751125,45.05766049673021,20.251343254471884,105.59909663106289,0.0,36.932273153363695,136.32574593673917,2,9,0
3346,71.94305423507392,75.12289509371098,78.30942083799025,77.16504276532436,0.32792661130225975,36.93003642837397,117.85326872301921,3,4,0
3347,40.42325087983192,45.87796542870968,60.58943613529512,86.34238767400491,0.021297857657494423,33.82700930241955,38.26772912590673,3,7,1
3348,32.74448471913759,16.981347898236223,77.90169674324878,167.21422876172983,0.0,46.9857548086202,55.688078331826866,2,6,0
3349,63.86957823827987,20.016666397081252,84.59707555710003,169.2252481325517,1.239930393415756,48.48805457731449,83.94239064349217,1,1,0
3350,42.15974720161741,50.51044379520022,100.0,112.60169899674385,0.01291903752540735,39.355778004228114,153.2707389119176,1,0,0
3351,71.19872768093244,59.20656283684863,32.319354490401544,32.93701363816311,1.3371593352047149,26.40031786327726,61.70579658396897,2,5,0
3352,62.34011899153395,55.631837864408794,56.082052553570925,126.92515783195218,1.1172224805320083,44.0317016663439,122.79513165838235,3,7,3
3353,63.67138646400955,52.51355158701485,80.7190314720191,177.7141220805513,0.8897025836433932,44.220143594106936,115.18462969605984,1,6,0
3354,22.680885775989314,67.433893962585,89.26158989218067,168.48905509811894,0.9290188502342286,37.832849886135726,179.3098632539565,1,5,4
3355,74.23887970772802,41.90613168894303,100.0,136.72129264048334,0.06928028254840468,58.67231287180809,97.91601109352928,2,1,0
3356,55.22501062467712,63.423658340402376,93.89259927784667,171.1211477642911,1.8004951059034653,24.360707350993458,12.262079086187072,2,5,0
3357,42.61445721507594,25.51977672460374,68.58028510284308,102.6692136239511,0.5301878016671344,17.82716289746432,132.3435232448389,1,8,1
3358,52.86776934684502,36.42578250592901,47.73910617643346,131.40514849168525,0.7113521795830927,32.69165100302329,206.90276058170025,3,9,2
3359,14.475295342033604,22.894379076022755,55.89275368202452,65.96122168374099,0.04564656650335269,47.104245340914495,135.6191672433228,1,3,4
3360,58.173056229613415,45.877320489953114,55.18242942607234,114.6132728077856,0.0,29.44155362566159,60.61692040947965,3,3,0
3361,29.412569836358568,49.30608174100486,86.38084071284402,166.47671219852623,0.8341072061665962,30.190290814739246,45.902706041051765,1,3,0
3362,22.94659428312931,51.7115223833978,76.42493613964577,70.52882942565545,0.6522594471571498,49.510213361781545,52.351558324629735,1,3,3
3363,19.55281627564218,50.92825029330703,36.90876072894552,56.92782852678568,0.0,44.62547922797749,200.1655940191023,1,7,0
3364,72.2537674997985,36.08670003782408,59.10246327273917,104.87444695118484,0.0,43.770609096284,83.6336279739282,1,5,0
3365,37.41473212614423,47.14638733380176,91.93868883628552,88.66688981380003,0.0,47.81428919465528,66.86783030859863,2,5,0
3366,80.67455419832999,27.53829997091377,78.79155887435148,132.45738605352102,1.337293601963775,35.748070467271155,92.07816779363833,2,3,0
3367,39.28397073895404,70.44843462698375,84.21611540031927,77.33702370264788,0.07072232974494991,36.210159259418084,84.15464756971491,2,7,0
3368,15.852840848141064,45.44560890652998,79.57304275143157,185.9219807801357,0.2627640180269164,48.09779272561425,178.38251798937517,2,7,4
3369,27.66951120102682,42.66670821434463,100.0,35.51619510194722,1.5152381811313433,26.551132192188007,49.276125449184846,1,2,0
3370,74.71623240013878,73.83410492666124,75.90107659560925,162.68673931098672,0.0,18.572801536014538,159.03216158302234,1,6,2
3371,46.88203644126665,31.36630199676156,60.34943005323255,61.75753858459485,0.0,35.667158263721454,106.10460482255424,3,5,0
3372,39.034254070187984,33.11619328952047,47.106123971660985,10.200863270798834,0.0,49.30873289065691,160.35132567138427,3,2,0
3373,53.20036451705575,33.55669512697152,76.2402364552428,111.89375781744337,1.6326479368162277,42.555596989868036,179.13095218670256,1,5,0
3374,60.0356547233509,48.98192927450777,8.9823996306229,87.26960069930583,1.8953684504076895,48.572915041230154,104.23988169565476,2,1,0
3375,72.34797631804922,56.47447444456396,65.3927749541822,44.51953160484846,1.0260942577815197,19.83705689576835,84.24681952004171,2,4,0
3376,78.96998459785853,61.095132021767505,64.8540035019664,15.931155414236798,1.048369306907968,43.15496808323492,103.30894159325516,1,7,2
3377,42.80462708421828,88.57992976242454,35.88822865956798,99.58196063642716,0.09375149800308824,46.53864504642378,95.26146639974341,2,5,1
3378,23.479046278359235,16.258513186988544,46.7933540336001,148.7918445811909,1.863129940832998,26.492025773893154,17.151677213063593,2,5,0
3379,41.730696777534476,59.13103383686625,90.24143825370604,129.24767465432222,0.6873873780510633,48.62057590546545,177.62401868925366,1,2,0
3380,55.20561013165772,41.64304141141653,75.76779372687406,102.83533244196327,1.097177185114818,38.88481103494207,112.28925086905952,1,5,0
3381,30.72482147578778,41.2037727666684,72.5447083426832,123.94237866088676,0.42613254286033214,70.71336701606002,41.84504074744729,2,6,0
3382,30.85698170209914,40.70341807619184,77.65868834830057,98.63929338110715,0.31237718887067256,18.227639311032643,0.0,1,3,3
3383,56.87575763099771,36.3684549378804,72.31568969872309,28.513787848481442,1.664129581717282,53.69114367674751,0.0,1,6,0
3384,49.026952968590976,75.26787251905178,100.0,28.955300738827844,0.877806575816815,36.05841903473926,138.52402183437516,2,4,0
3385,50.65593990823173,62.634459905208544,73.08572954259122,89.84157355076606,1.5159628227492672,23.828482855599564,69.05112157964524,2,5,3
3386,34.83009330599861,50.347939678360625,33.54467215453124,91.96733568169628,0.6787297202215311,34.730448564350084,77.25496659474334,1,4,0
3387,45.39198571588465,70.265236287305,100.0,142.54913392533825,0.0,42.77479241337466,124.40771322694118,3,9,0
3388,31.515337114633912,27.312065520516867,79.25850668322114,137.86521118873736,0.09165994698505847,50.37466669565043,74.19759219491108,2,11,0
3389,67.80396822249574,30.039423030036108,55.26865673012331,130.25665078794748,0.5720756697252274,57.219642881321754,127.32622080267566,1,5,0
3390,70.70498669447505,17.330484017079684,38.664957042624536,85.98586434614097,0.0614498487696713,54.21893088704343,104.76320321883577,2,4,4
3391,13.076242755238127,39.50878189815069,79.89785552395114,30.96739149449303,0.0,30.346179792955056,95.79352084253819,2,5,0
3392,31.4097827961518,52.425477900571295,67.07069987564061,120.6035568533012,1.3409919222509172,51.30164692266117,21.36247971542555,1,4,0
3393,20.069414898198417,51.54287866898501,100.0,126.25846566310842,0.11859095042354151,43.91284957120874,59.013432178057016,2,6,0
3394,36.99952131186204,52.240128665898204,61.3523179833293,1.0,0.5967349234539243,33.45396979071012,130.1267682793433,2,4,0
3395,48.331240604192786,28.83414753400877,49.06548025793833,58.28309067086687,0.7072935129199233,37.88089406522519,65.89890925679742,2,5,0
3396,21.0070956060294,62.047321139210325,92.39490545589821,65.4472811303052,0.08829281227560193,32.90157340555276,160.26847778922453,2,5,4
3397,31.562803737493738,53.59441277358497,93.13204731792078,105.9175100561718,1.5155596264161175,40.37092341936456,217.32006619966992,2,3,0
3398,29.92085255837003,60.995814221989974,74.21628419025488,59.83197836171531,0.0,32.7034211770588,132.81926504206612,1,2,1
3399,54.14534658797888,21.60856733614922,86.90892619187271,98.09327155876798,0.6831376845065396,29.72005926782561,174.64159456825786,2,7,0
3400,51.38688674072501,54.67236288196685,69.05782198144405,89.4732529823504,0.6722823944636085,44.79119127782772,136.03636191480342,2,6,0
3401,35.565248933254935,32.1835214012371,75.84662752523117,92.0425264231136,0.46202177799509647,46.28730548259637,73.2868988663906,2,4,1
3402,53.53641744278796,44.04015121172957,99.12477206409807,64.1802853149627,0.0,38.12402999908388,110.00758324037123,2,4,3
3403,39.06639830825469,58.01547347954575,85.63295835053758,68.05074729666612,1.109572286304425,53.67651303935972,200.6660473048721,2,4,0
3404,44.56689779347894,51.366404093838696,65.76813904168438,45.98664701096536,1.0204574692342177,37.39569413504887,73.82231286862745,3,3,0
3405,83.46904180597073,37.22690030331022,100.0,119.0033720286916,0.027102029986148635,36.972254548744615,48.0336350560963,1,5,0
3406,76.80922103580696,50.094097342766275,10.878615680212192,128.5551314295684,0.9952410450437532,46.60488982345697,43.29027884423653,1,5,0
3407,24.008375261448048,27.026970271345355,100.0,61.46910249373306,0.762435380410543,38.67574415056663,89.12353080832256,1,0,0
3408,66.5946483575835,67.25401093847444,27.351022627731616,176.03200480085223,0.0,40.84797729026143,49.826395567846895,1,6,2
3409,66.22793108983184,46.92073970755623,54.3226793806926,84.26992762789756,0.0,14.795615293809348,183.70097137186187,2,5,0
3410,27.034734224947634,66.77824916382988,68.97706162012328,176.50928118982804,1.2967970114227054,40.16707384737975,110.81782672956439,1,9,0
3411,66.37555287509721,42.10202469355936,66.33798323179596,67.89364130841983,0.7165913295994353,21.7280406252874,148.58631548802515,1,4,0
3412,80.75863836825106,42.14636017390126,95.16027600066387,1.0,0.10498793793256173,27.790494290011296,85.06673047101509,1,8,0
3413,27.549103875111722,38.5371982004323,43.55408453474414,120.10989124561756,0.0,26.64677461244495,42.990140112194084,2,7,0
3414,31.649943579714726,63.14260897539613,76.51917043707658,112.42725525594936,0.1392243413192054,29.57416846466174,34.53030272833614,3,4,1
3415,70.35322933687004,39.358532640072866,55.54469754450615,101.71968976537916,0.18886432908560685,34.51146140367747,54.60041289109396,2,6,0
3416,55.42990621651296,59.66893148622765,77.37852448343541,67.88837607780053,0.0,35.13507384454515,117.37627470133555,1,9,2
3417,61.02952550479046,44.26321403496065,68.38069350505309,98.27138872570904,0.0,46.64275204257125,125.99414658839738,2,7,0
3418,56.811784328009935,20.360550501625706,72.32339131707445,74.43702710652363,1.2980093004805497,42.22387814134697,130.15980365293424,1,1,3
3419,57.813918418562885,41.44528898320301,56.25187918839136,84.88252168341246,1.1794435708280102,20.989255711820142,25.566365810907143,1,7,3
3420,23.47055743377834,32.31337678455728,57.24840124759794,142.08161278825375,0.0,40.832946375468076,99.97954070508649,3,9,0
3421,70.94635413242897,50.50854085523506,77.18181285068567,109.21086147650468,0.5954179068945673,43.18255246583427,48.696908455380374,2,4,0
3422,73.39179984855548,32.14388396488265,93.59288764390111,130.49756936659887,0.0,36.71433483747042,120.07329837922642,1,5,2
3423,45.41218511863944,63.88962651071925,55.04301664505381,88.4065746687105,0.3169029437414253,39.391140230932976,123.9538527748726,2,2,0
3424,49.13046100372275,48.63386209470459,48.280811385677254,82.89913270976125,0.25866339408844047,41.90310125397057,41.39134764867809,1,5,0
3425,19.377849948885558,47.336060078618914,85.33650414179593,42.325873455567816,0.20051604899748926,47.6459959763558,148.4014803598174,1,2,0
3426,60.2850951203567,59.838382066813736,69.18740267355777,81.49816937159015,1.9020629588534002,24.251200125372655,216.94114707641222,2,0,1
3427,61.441148834282885,64.45860401113794,90.7624533496488,1.0,0.19177202072666671,37.55682961360351,141.74178687923313,1,4,0
3428,48.75617966001378,49.69851872345522,47.35506966572131,70.48890168471826,0.0,55.08336098057729,91.85829802244477,3,5,0
3429,72.48706719741006,38.43199550676064,25.514026864414227,95.90629114045805,0.0,54.166613082979566,84.17271483951289,2,5,4
3430,43.31845538040119,23.39045575831806,56.674897954341645,128.1836827135078,1.2306438694812285,48.5093692777578,89.54680091637458,3,5,0
3431,61.292118517872005,39.7092536444723,50.8411847683746,86.56610612375216,0.0,45.36824683955676,61.96330766114947,2,5,1
3432,29.606713226157687,40.741816300280576,68.0302899979925,117.38367711224997,0.0,56.546347484020885,112.61991033260247,2,6,1
3433,49.52895698251524,51.605861794884454,54.07886964324026,1.0,1.5127759880780738,59.17848001606666,43.076870442284786,2,8,0
3434,46.512914841943285,44.82279678292959,88.52542378341123,97.15815738965252,0.6707903315983528,38.709200119531474,5.515110670104988,1,6,2
3435,54.50615844081883,60.318994580771424,62.79624343943709,16.02486035432983,0.6343454035252792,30.3056755671168,110.98008409067744,2,2,0
3436,42.60946142333283,40.80525093093966,73.76186246934752,39.584824217033365,1.992502522100591,37.29707682375505,101.06165328879106,1,5,2
3437,47.37054808656664,49.144382497205875,73.9408639610236,90.64172260680695,0.6724435670639491,70.96695513772053,71.44149917814029,1,1,1
3438,66.52094342883012,67.75981164795334,74.87387731030468,163.81319939367773,0.004269687048292337,24.30643657274806,35.865168869481664,2,3,0
3439,41.26471525523565,55.1273782093245,69.39677223862566,118.56033817350294,0.30254606018655594,35.29460860470583,114.48720134570173,2,10,0
3440,17.868457985226414,49.09943687467153,82.76501726025784,100.91154985685586,0.0,25.873088475073686,50.491248071477465,3,3,2
3441,84.99167808410841,40.97083337097234,50.108621654354806,99.02348052664489,1.3791559280109877,41.247638628773856,93.05278245673327,1,6,0
3442,77.62908157380973,40.50152904927535,100.0,64.31855533977664,0.9021932022757007,27.973089711051323,188.2485927063222,2,3,1
3443,24.154746097887628,37.240801205720786,64.08656541578662,72.80082933136582,1.2870899049796223,38.91248977166382,132.5594884787692,3,3,0
3444,63.79415610490389,41.884897013256506,37.211271552532956,121.36880227353986,1.3490887499845594,20.49904839981241,31.543366880915173,1,6,2
3445,39.94050458897314,61.33498758116472,74.70183392479433,30.731974077775277,0.2100524533507272,46.1762066508465,36.25742144938487,1,5,0
3446,55.26974430662119,46.67167593061597,48.72048793881287,129.65270251415106,0.0,52.22345256467975,107.59095463718793,1,5,1
3447,55.884482580269875,29.753403959281535,86.63336336272188,80.57464664405737,0.4638008220843679,36.16056377936541,31.23396589704896,3,3,0
3448,45.31184399367356,76.52253939589676,100.0,141.27785374347826,0.0,38.64869992924298,0.0,1,4,0
3449,34.32468668827207,54.799477867177444,50.33569771105375,148.05467286160416,0.6154698127863173,38.365927692686874,126.61860056483617,1,4,1
3450,36.18917895367481,28.89584899230246,78.30930833059962,16.345799374712996,1.2924678165842822,41.80910675225025,116.04678771604338,2,7,0
3451,31.67616169037515,43.372266091387644,26.11236028238431,70.9209618386391,0.38230224776558297,39.618304130335716,122.52991656395662,3,3,3
3452,33.363555835391104,51.66329574242627,81.34763073603368,57.22361560296881,0.6049965629354174,47.68116952430694,113.1517590908952,3,2,1
3453,48.65643419901289,75.56888139946065,47.857155005007755,9.363601746342852,0.43430806864364346,52.33039133450946,96.73446441638025,2,4,3
3454,35.68480021778497,33.378313126116964,54.37913453913794,48.37333618952947,1.0619093007063884,31.859287775078172,66.89057261616696,3,4,0
3455,63.6410413142524,64.6406107903392,42.4678377540043,222.062792263267,0.03255232399819702,36.90671507225703,125.80674830439716,1,4,0
3456,79.74492310671855,70.99229640458515,88.30378065136838,130.475494810622,0.0,49.01619448924745,176.49417442025754,1,2,0
3457,38.39893517259914,40.57018542388145,95.18260893683157,195.8643984302877,0.8296082015627666,25.783309519409677,74.9385496278273,3,6,0
3458,54.78809001070754,45.837295717096495,70.58463036646269,141.45492200091678,1.1914840949155954,20.292787181544302,48.96298948958508,2,7,0
3459,59.99370220605868,34.455361289393444,48.38933236660701,62.90784194957622,0.812461971330975,42.26315952898479,43.244029029438046,1,7,1
3460,59.44004541838549,46.94808288379543,100.0,80.91144016629785,0.05183865317239028,44.96346411070492,56.66348833331412,2,4,2
3461,51.519105358321745,49.451150384856035,51.239746806133596,129.42180901201536,0.0,32.77699812046408,110.1299262238037,2,4,0
3462,64.85364836719445,59.894749971235555,15.949192501814032,121.87531017365181,0.846148272246225,34.21348945879545,0.0,3,4,2
3463,59.64497905361314,66.3527520653067,81.4597252489267,71.13289921458332,0.5990352670542716,32.39807678259101,121.9585212216163,3,5,0
3464,25.246751553454043,38.7785590306753,42.380633158962084,24.50034147103966,0.4119451606391692,31.330747606555654,132.1956505148078,2,7,0
3465,67.38312128778546,20.490124036610084,94.71521983747937,264.388059369437,1.7757243400956535,46.934958206046,10.096082002855994,3,6,0
3466,67.74581674533485,49.681328310856365,60.471557583164525,92.94251638285972,0.0,28.195015130023613,51.040978186120036,2,3,0
3467,34.73427791642837,54.403062949529605,85.09283101360491,83.713055340869,1.7425259147892258,37.34477138566651,103.98404899227069,2,8,2
3468,50.75875670895204,53.741265315275626,100.0,105.66672319526509,0.522248733409448,30.946638324851477,92.82651348478011,2,4,2
3469,63.66657985622139,45.09990128736434,39.77852838448195,87.86357053444857,0.0,25.447110240987847,125.98187341342953,2,4,0
3470,45.81372360841277,51.87128149495902,55.85157172768986,106.13644538527419,0.3745581419766014,48.701781747467706,92.9431589241817,1,1,1
3471,71.45956095532023,72.73167212528372,68.10822318357341,164.34736430582097,1.1716472536196085,34.80174777826461,163.23847633874826,1,3,0
3472,97.27744989238721,55.726012534437636,100.0,93.77257601567881,0.24446147703652055,41.884400804207566,83.9415300478159,2,5,3
3473,34.28027934730035,44.399473624953735,53.540432051488864,41.86447803361193,0.0,24.919241201989898,50.848350664012315,1,6,1
3474,22.379107936924502,42.49703274356006,55.137407601274816,91.91781027606945,0.38483982774268105,32.580605462435244,46.82790668691218,1,7,2
3475,56.076371912097514,47.45221463483404,81.95351438889521,76.77991092950447,0.0,47.56087880695006,136.77342546408445,1,5,0
3476,64.43125010252287,74.5510994274596,55.56928185723572,171.19494686234256,0.8442700807615737,65.8727145584531,101.48105709784582,1,8,0
3477,45.38267252310462,47.25048935710704,73.81314707244042,158.55595323687854,1.041379871247328,20.237839356096885,131.68579503625975,2,3,0
3478,79.06521326642068,49.70308483218938,31.211564475796834,105.37625002153995,0.0,37.98892204710574,130.65612496145923,1,5,0
3479,23.227884005535024,42.765296435955456,100.0,36.06320725903718,0.005937161419045323,44.122805981435,0.0,1,2,0
3480,63.858372460632225,66.48475036162947,36.307269242264915,38.70538682800271,1.0296497255748562,33.83899846760716,42.995869948827824,2,5,0
3481,37.882783584822135,79.39755882117012,61.95618240024479,100.75616307922768,0.0,48.49521986994124,48.96874797480897,3,2,2
3482,84.38755812414593,56.759195741470826,69.18797410394764,116.81614846606404,0.0,31.33267329339687,59.19679057541188,1,6,0
3483,89.85030706336237,51.24159355678139,100.0,81.26885903369725,0.0,41.53847660216641,78.9822336711737,1,7,3
3484,34.666868244333045,50.551742497613525,36.8788554766815,75.99152078963829,0.7464270290706843,34.779280955016404,149.9574797308593,3,3,0
3485,39.0088572818284,14.235398168213813,100.0,70.36003834106765,0.716410403662225,52.194310829547724,159.92411761919496,1,4,4
3486,67.19175773959604,61.17726296427226,88.92942052755056,98.83030198780268,0.02116777873467085,33.23635496964394,85.35545848985016,3,5,4
3487,42.257387004209704,52.012496239937654,80.42738311058115,1.0,0.5035597772897639,36.48126203713484,87.43595693376277,1,6,0
3488,49.091775641355234,56.42513075991087,45.38415782455111,44.93366856151451,1.5689926689085913,49.45689037497155,64.72831379713568,1,6,4
3489,50.5077684108482,39.328067088744426,84.27853105095184,68.64745772763247,0.0,29.719613409071364,104.4593848619272,1,5,3
3490,11.606536876046874,44.23314681534362,51.912834439505005,160.37515974759603,0.0,40.68750056763572,110.12604413669683,1,4,0
3491,49.723245078115255,43.834625952452406,100.0,59.309317903553534,0.8185529030042593,21.774656563133984,140.32377775011327,3,7,4
3492,36.20544451871652,65.32434476109559,45.723449272306674,109.02340709156033,0.4227191852688881,29.120665413709254,139.92193629912765,3,6,0
3493,40.13754355200456,44.3186024509536,67.1710376385979,111.3271375465498,0.0029824392294290902,43.821312758908036,0.0,3,4,0
3494,78.87264006937627,81.23990483164697,56.11817279967071,164.8958252830381,0.9564561661484355,30.093024904637677,92.37275261814409,3,5,0
3495,24.86986211441487,56.46293628522556,45.311925939325135,163.1288703482075,1.087457601268153,34.554270681762084,169.2050015445052,3,7,0
3496,66.26410373495955,30.864760100064025,88.53299542269785,97.12485156025419,0.0,44.930864020479376,78.09425363475415,2,3,0
3497,44.420741393363826,48.071805601220646,83.38646868524084,76.22576294052786,0.0431814634679582,34.2081385885307,156.96209091816442,3,4,4
3498,44.40479663008331,40.22487316765377,100.0,66.80834485871549,2.1222613618377983,48.22842073216358,84.67740999944056,1,3,4
3499,65.80743792103422,17.08426295269964,25.503122294795816,87.94683887671096,0.9083834410587336,42.156627874860646,108.7461733720982,1,6,2
3500,56.80102589137781,73.99206410170684,96.60426755852609,78.29833228382,0.9732725468080048,44.35683111924503,43.15546538004254,2,8,0
3501,61.41225994439062,60.54713813330006,100.0,127.68137046791159,1.3210259950420349,52.40965598738532,45.037572121674266,3,2,4
3502,69.36369321065722,57.99810976848969,58.708972770576324,121.01549087426022,0.5119481776398083,43.198230626140656,136.2745786131507,2,8,0
3503,43.37383233633354,52.481054904495565,100.0,129.59005955725078,1.0576789120641341,55.388472904693444,144.09091401003326,3,1,4
3504,37.755265309844994,29.269736469613434,63.42096819850433,162.9641855718084,1.002643430686042,49.112622830378236,101.32144531002464,2,7,0
3505,28.29698946884404,42.74574290666845,35.689756560967325,193.14345607000885,0.8773290477269312,34.76547570165543,38.62378786808044,2,9,3
3506,33.4917894004209,62.626711621760194,62.35918893983011,106.23316967037785,0.27459162056781683,52.931480750212714,102.19022783036073,3,8,1
3507,100.0,34.23169955326246,96.2050991918819,154.97318856978268,0.6204412456563811,42.63866020902945,162.86174803371387,1,3,4
3508,74.89359161473573,12.023460256237797,49.045587941711716,82.41699080828924,0.08814690498525529,36.05320291339497,187.14332350258803,3,3,3
3509,22.978512675839575,46.59340988328611,54.99153352483782,159.2503491791508,0.5089700131965464,42.783856953208826,84.16460338370428,2,5,3
3510,23.5508408651286,47.873636689586924,84.83848580732977,153.07545785879222,0.0,51.12326824390263,17.006607487110486,2,8,1
3511,59.63732123436983,52.033451246220636,70.07650291846433,150.42079849714958,0.0,44.550450942422216,142.01817997773892,3,6,3
3512,60.94529594755934,60.927779652718044,84.61557381216852,104.70349205957619,0.30238157065254934,58.22392832551398,86.20184517724996,2,5,2
3513,60.97767670634729,59.56408718346813,75.9457385189584,66.58209180045557,0.0,50.86530557898822,147.152032078052,2,14,0
3514,44.900884128926045,53.881547078658826,81.99063298878933,30.273578106726177,0.1464879104783765,45.23160033402162,114.05361125088098,2,5,1
3515,47.490914799942,67.93297082130064,59.192470354761475,97.99813962394504,0.38525181627113886,29.739319172588424,55.8277947119075,1,2,0
3516,56.55759048318715,27.21545328780028,75.7932735507598,176.65062711245915,0.7815836412650641,38.20267485989879,102.91221803296905,2,8,3
3517,51.71786012586661,57.568727217160856,46.815674857601664,84.50775493179634,1.1644801112970364,40.71664139750851,165.41691835271638,1,4,0
3518,5.6139925450493,59.39807545005414,100.0,139.25632927300273,0.17535094003532442,46.96631501217747,92.54230055163781,3,4,4
3519,45.404007388496126,31.406565708796407,54.14313207956715,142.19757002594656,1.4345732320880367,46.37333041272193,48.25974182773112,1,4,0
3520,32.97187131479373,27.45694086976416,98.22118718873473,85.81568895364136,1.1570277550378454,41.69540410218286,20.567791570167174,2,6,0
3521,53.50422837817024,38.81086810286598,64.15982597542836,165.81724187597598,0.8528656823607592,41.20349915377171,61.39176565676742,3,3,4
3522,100.0,40.07687836227062,75.04997526893303,1.0,0.6075543905076333,47.204568950760695,79.49318691145089,3,6,0
3523,57.34963330948609,61.30129195253646,57.62588622773248,38.862486063091254,0.7233845893079789,31.41413774370014,140.99995679586294,2,3,0
3524,43.72940627655204,40.78191824463357,44.60011422079927,54.218385182077014,1.3309358054664673,56.955158192498565,43.95753660941891,2,6,2
3525,68.43603003954505,37.15477222578194,26.380990309867464,59.01424885663051,1.3565057618314915,19.52833114836529,177.68759428648178,1,3,0
3526,59.653757744184254,40.82549394958161,43.61689603518851,116.81314755929478,1.43446270986855,54.55409482172029,33.142389457940425,1,6,0
3527,58.401889809036824,66.77948501231317,61.902278669601955,114.5018901526951,0.5289287823139022,39.54814471574838,216.57430462784185,1,4,2
3528,62.13701186431342,50.19565061565428,75.2969794707221,119.6995286087504,0.8884770154990291,50.02579814271594,186.27592783772354,2,7,4
3529,91.13087129659083,47.31123461964632,95.25948283208159,129.80407470662436,1.4404825546354358,43.63840434292613,107.05831246939961,1,5,0
3530,27.382231293481688,48.34991751948423,58.85606350507878,52.49477154271753,0.06339877555852513,43.46034410910802,17.615323261520388,2,10,0
3531,59.47264153622909,69.38090501489785,47.95098089332065,39.09119665963405,0.27710820239718736,45.54254476026521,97.2287969008789,1,7,0
3532,31.472377400369233,38.76242410095137,33.93213034993219,119.81598410039315,0.5112256641094348,48.090542890877785,80.65795210067472,2,2,0
3533,61.110252926844964,69.73262436410155,82.0015904476026,68.48839631767805,1.1297191165855844,36.7116917341276,36.285638847453804,2,5,0
3534,31.626269770278114,53.15744448382255,100.0,21.476247731601475,1.140620505503036,50.34799130526236,114.55048136237211,3,6,0
3535,41.652663727898315,47.593709270369786,100.0,148.5672142270741,0.3383951221614453,29.155293764212164,58.8178435072178,1,4,0
3536,44.09820171524187,87.51350746901423,87.74831870368094,169.7550953251149,0.0,39.94669426673875,64.25470764752093,1,5,3
3537,69.51633438689419,34.165407653021056,85.96358293168997,177.85804448493298,0.6723287610071771,48.35969924272277,89.81606827138222,1,6,0
3538,68.36908887884827,44.69471360649491,100.0,109.35038607373602,0.0,49.950175796158895,71.25455856471483,1,8,0
3539,25.08565247107231,31.513531412539997,78.30203653542026,131.29660479864512,0.0,44.60788848261401,203.90783085550146,2,7,1
3540,51.098682219996974,64.28692955804254,86.15324190060429,168.49341116809555,0.0,36.066075620442646,73.21426835002251,1,4,0
3541,35.80840290501655,75.33783400477519,61.98040345370002,67.9292104988283,0.7284667054918923,48.96707778368703,122.04405056972378,1,6,1
3542,24.82990178649331,75.04884172106958,35.948915728631064,155.5338842027046,1.452726152652965,33.30633760881247,107.2761246105181,3,4,0
3543,45.65965899151259,68.35923129719006,52.903777487510595,113.76981170716043,0.5272261613653707,57.51409073748911,117.6375112629436,2,5,0
3544,43.830344230883604,47.035692983060514,69.77102403663362,145.68558261712954,0.6479664582521752,39.153291025003355,121.4544201805466,1,10,0
3545,98.53432972691044,44.521385337652305,71.51963431253257,109.30465104379677,1.3280264572145477,24.603743057940395,144.0680743303061,1,3,0
3546,58.65919650721392,24.932453412589023,100.0,164.8128354874001,0.0,28.05316531983448,113.32230378093212,1,3,3
3547,22.447649984915255,80.53810302772689,72.03192918977672,111.17618812707684,0.86412349512019,40.436436368795874,111.244789744316,2,6,4
3548,38.704519916581155,57.034671172227014,99.47108610064109,25.80104702662912,0.49188715097682517,41.39825271326053,102.92385342340697,2,4,0
3549,70.42766590858797,42.620646426957755,59.1230689605921,172.59633161573612,0.896240221182447,59.69656684951096,93.07910738300127,2,6,0
3550,91.7688554573985,69.92085333480452,62.20810285586914,52.6234629513944,0.1615612641173288,29.615006623857738,54.41010591696613,1,6,0
3551,18.280333755240832,35.40853224859999,36.77480906941379,162.65291051219572,0.0,40.39462199303931,96.95658112898992,2,8,2
3552,12.4015122972191,56.099330513340114,51.4417996780857,95.4878559279839,0.5983562329999238,29.405785929179434,112.06336876327667,2,7,0
3553,87.41930350743564,47.41056298563748,83.17453478409382,158.80054925988532,1.6544339263341232,35.073451467865965,120.10822782863974,2,3,0
3554,57.79228354741808,59.580157098204516,70.18900450985333,156.73843074333826,1.1026370731790238,56.83972030069338,109.01423864951182,3,5,0
3555,32.63414536247267,49.04639691220818,93.57346549743085,121.50714871576857,0.14461506087393594,28.636637768440092,88.3522493275733,1,3,0
3556,60.69258172244871,28.236081633331636,74.53134870862625,125.42676588135654,0.0,45.87042424067834,97.14600484020511,1,7,0
3557,0.0,51.13364559005057,61.18865670905645,121.1314308596283,0.0,43.929073590143915,72.3176757724604,3,3,1
3558,50.06751013194322,65.73296212813042,100.0,1.0,1.4212696162953369,39.75828573641791,115.66119955032819,1,4,4
3559,56.55642345686171,49.56175391219022,67.65241078217382,105.91651094491012,0.0,45.19436623191738,88.94358860429391,1,6,2
3560,68.4854027907566,61.62672682383629,99.0750242426326,44.19679119640525,0.27214061090354447,28.399796180567115,109.0280469098735,2,6,0
3561,29.722080954149245,34.3170577148892,59.96976983638306,108.55935718728315,1.4248477882543034,56.56322507803557,150.04015216912762,2,8,0
3562,51.71374322806718,49.60608810095222,87.73998698458917,42.852872680839226,0.0,59.24845495123521,64.532054517879,3,7,0
3563,31.491507478808252,40.63234317367134,93.20039147879217,40.75240293869625,1.544585156632541,40.47104697759313,129.8347690455242,1,4,1
3564,55.107675113486344,61.20471260157065,75.21229926438951,180.2467250876951,0.3224516822752487,64.23106130613554,101.66050899426864,1,4,0
3565,32.09307355273952,50.47237343392994,11.137926932584946,153.47236940620948,0.0,36.00972068450079,201.05967997903775,1,4,0
3566,41.837983216795585,60.35110514504919,70.45631152140282,99.79287075279228,0.32685435099576077,44.0043199385628,89.18498357682452,2,6,1
3567,30.083692104195418,66.315656392368,100.0,109.2384325124512,0.0,54.318890637745135,134.75822915755333,1,7,0
3568,63.022724836473145,60.374278626820825,83.18702082569325,87.60419871284955,0.808573859234001,35.4099553977709,100.76767258779886,2,8,0
3569,67.16902233313331,54.09677651440467,81.14597188073117,128.49381879897615,0.04630729627855562,26.184509411205617,30.584774584325316,1,3,0
3570,45.30758860085172,35.026816122328924,26.943576651062024,66.19728167255975,0.0,23.88282934381146,73.96554522404278,1,4,0
3571,50.76475989920057,49.95820833999648,51.98862323312353,149.68701314339788,0.3456062259137074,60.608265639026584,144.0235552714197,2,1,0
3572,21.02817170732912,42.00364396976251,80.28394077878598,87.34565794929446,0.0,34.709753493612226,78.36527696958635,3,5,0
3573,44.00646703986426,44.8390406494366,80.2595819196723,79.00765020843855,0.6430239187918239,38.14263236581501,0.0,3,5,0
3574,48.995907659165105,44.38198773874624,100.0,101.08565092424213,0.0,28.872359216789455,98.42984915377481,3,5,0
3575,100.0,35.30111637826633,66.37833112134764,70.44265850371947,0.1583910377795399,49.483392793291884,45.383185102449474,2,1,0
3576,27.76065948451673,20.639921162990152,80.14560216684535,116.43411747482415,0.6278114629500353,32.18440140775415,106.59088662983594,1,7,4
3577,79.28354477504875,39.9778542750835,70.40935604828235,73.13187053433,0.3512788924760114,35.08736972338678,177.55735406990092,1,3,0
3578,69.93717546931616,52.90069177886239,45.32643158746108,123.4261801409418,0.6753011981007314,42.9952041941616,138.47286554014516,2,6,0
3579,55.61272808980273,29.777344318587648,13.605216722631312,160.80032694557383,0.9762010160024297,29.359540727544275,176.8327914369989,1,4,1
3580,85.17240968390267,50.235233547074365,80.77524230325191,64.03391565959132,0.0,38.21417730485775,71.92439892777543,1,3,0
3581,57.44210945213726,78.50402636466447,74.34868021032028,93.47122713524143,0.45492172156270444,54.0220958950327,92.84168331822339,1,9,0
3582,57.78318391335858,65.34584832878359,54.54562394749578,123.06653565177109,0.0,44.282543975168636,47.77819015961102,2,4,0
3583,48.937586939649094,74.65312263680794,29.52067358710338,78.20713225092966,0.6731333111777666,41.30542292428358,65.79782774799526,1,8,4
3584,74.47137764837255,55.866918153990895,85.74348786021845,123.21602804133326,0.28943010873761044,42.14864709463865,53.655758385690994,1,6,4
3585,71.92938467621767,67.51264734479669,63.351998145111196,127.769943032587,0.0,36.10864904023436,34.66385153940213,2,2,1
3586,37.48645425007575,39.14052904298319,83.92186805920365,154.1630888147152,0.7210035956075669,59.961523197549255,168.29283126656702,1,9,2
3587,23.615056108024653,40.334895994670234,100.0,69.70049769575441,1.3208883040295472,31.878428694659327,0.0,2,4,0
3588,45.94038725208686,8.912896907937906,16.46422799200738,52.861237988476276,0.16678757668073985,42.1092616196393,168.50694524022782,2,6,4
3589,33.99922871204707,67.79218211063449,52.50997978244091,84.6211305218128,0.0,41.15025566342807,162.30294624601157,1,8,0
3590,48.7295085076929,73.1048596972983,64.76560966720217,51.612383022645005,0.6155176837070981,50.08762507133135,124.98963377394989,2,9,0
3591,74.74876269368278,41.702341319790946,100.0,128.22491020237484,0.0,51.0317393879364,44.274636595296535,1,5,0
3592,40.853966898264204,46.190724404041475,29.08992451983788,41.91243499117944,0.037733040625122616,39.67981195512929,20.891244427839638,2,7,0
3593,49.1435323737685,38.692068294635575,100.0,216.6508209126344,1.3556815131553517,42.90666493113049,72.57981593682179,2,6,0
3594,51.1604546961679,55.739803272162376,73.39639753915726,164.79639307868752,0.5435254608686013,43.28534753913948,131.2560228169962,3,5,0
3595,66.96861764410569,66.8739881795486,67.59998345665355,100.62878848001571,0.0,17.27858344429393,100.15318187203371,2,6,1
3596,5.062213320307897,23.858420391784385,65.04850591952734,143.36972464989879,0.0,24.110103975222245,47.82502524526212,1,6,0
3597,37.86599410469407,56.141577959633786,59.09342419549928,18.159906784460418,0.6134599848527429,33.949363092780295,157.4102392328245,2,6,3
3598,54.225673845589455,45.84992342421282,96.20291898172887,226.1686665699779,1.1036734031423814,34.38401323623131,184.21916640907688,1,6,0
3599,74.00157912853723,51.70091587950034,43.28698114793903,70.48926938997552,0.0,28.00717578035868,88.67004179927012,2,5,1
3600,40.161951049875896,56.884910025114365,78.63535454109635,93.97512930503203,0.814798825247556,47.4958257137363,105.46684517986729,1,6,0
3601,12.468945879162519,47.17696341840768,60.39545835732561,7.2033356405781745,1.431240455242803,40.021184210174724,24.55756581852519,2,3,3
3602,62.39422891932273,48.44619719891329,50.94666378714756,124.31436523704474,1.8215012915710471,37.85305452613163,79.28066419454824,1,2,0
3603,37.29275222348741,46.79187248668042,100.0,44.68279214614456,0.7318559319019133,27.438447254926132,125.52199890004968,2,11,0
3604,26.206666818192772,64.55474302682423,80.4762683688365,105.08278807830146,0.8547618161867319,39.554551357552114,117.74282701288888,2,8,2
3605,37.51309220573552,56.28139940191245,85.3316386165286,72.7862783537731,0.0,13.733152440013882,74.61660753951466,1,8,2
3606,46.30949284688301,53.30875306606041,98.44441951671655,46.112803253482824,1.9698267835971923,38.37043689194159,86.28782457617766,3,1,0
3607,37.905106709235746,30.935724183615758,34.46625136703632,59.78192491186915,0.09715685083271508,40.63183668807756,77.63946317277241,2,7,0
3608,5.888678858018615,44.32130385180269,100.0,111.28940170427606,0.0,42.41914984321499,86.07676431408075,1,6,0
3609,67.94132393774265,63.480037405087614,7.276070537623106,35.92545135655878,0.3213557058922628,24.3589823652072,121.16174012590633,1,3,0
3610,75.49750082557445,50.56544859685884,50.780839749036986,62.559416448821146,1.5581713899298018,42.24816736691475,1.6231457315438718,2,9,4
3611,63.030439826790115,59.89297204383708,58.52420817052749,133.1636690632239,2.0456322332804837,29.585687301354575,96.28252425960389,1,7,0
3612,27.24628659150367,76.49767700491451,84.54308412426265,230.12399374371566,0.587786075633091,31.87530167707666,117.49877678128445,3,5,1
3613,45.97016932104964,65.57909103813225,75.46795665353719,123.87944097765025,1.1986589208225586,47.17931385822665,71.47576571794613,1,4,2
3614,49.869573695410836,51.397375065496135,65.82963148254017,54.136917891135624,0.5302428340798527,60.14113723359744,76.03334780175592,1,6,0
3615,61.97588779123821,42.33516244706409,69.70006638430691,81.64429149638445,0.0,40.5135875880268,77.48027795922752,3,6,0
3616,63.36680977436161,11.69675605916153,45.549424411935796,101.57945030762892,1.5337205695518035,31.829045413597676,76.047501323142,3,1,0
3617,35.31652402443008,47.474226162907215,32.56919013789567,82.52875246821463,0.06451076375052772,41.88670447509998,100.29418889251868,1,7,1
3618,51.63991112827121,45.109812562747265,88.16279055840151,145.15290833684665,1.5748715413603176,49.39029157499145,106.45013790068919,2,4,0
3619,59.145608092304826,55.85549291593063,87.34265281340464,110.87367415071122,1.4089789308383587,46.20997565872735,0.0,1,4,0
3620,79.11644644293533,47.69142159537969,100.0,145.3926192454935,0.9298253847700457,67.43112872463746,132.6440185736144,2,6,0
3621,64.09013079649446,45.19422410844808,50.249572579619795,84.27781048511854,1.780282329378047,32.84662430905333,85.50005578265204,3,2,0
3622,65.78113374751038,23.30901604239169,87.32038025752307,166.27501098606285,2.062642223230017,42.52231479919298,196.6481587734267,1,5,0
3623,51.67653255858722,35.900482562749005,62.907331790881706,91.6757207859227,0.37732964592498197,55.48917953418203,40.41757305506458,1,2,0
3624,78.20918290407008,57.149765612008366,99.76187462983705,51.44050654310042,0.0,54.86159237018532,56.63427456228342,1,5,0
3625,58.19525591918995,75.73861446699041,95.54906941695354,208.86601905211106,0.0,20.499220734756193,89.85455107083695,1,5,2
3626,32.77824179652859,48.537119243815646,75.28023498061141,8.751112651944155,2.0712775788011792,39.966423799600186,120.66127248430178,1,1,0
3627,78.06739940250381,54.91716610361185,61.51174608335033,63.06306373475362,0.19222259375708528,54.845207658487,2.4616336314249168,3,7,1
3628,63.95806545078055,64.28717235429208,94.02330446520654,68.64860740848027,1.2945257999712176,68.90642990399138,58.54499739419467,1,3,0
3629,41.13911957743035,37.836590956996254,86.17261308141414,225.41531365282816,0.0,47.037958837508185,129.56600802869218,2,4,3
3630,40.41014065201513,55.502210649281636,52.88898994784543,190.3429442073256,1.5767859486384244,36.32136706303516,52.593802678372874,2,2,0
3631,55.93151090281523,38.892648405017624,36.80503316301423,174.69640718210988,0.009917685729210701,29.9079684756261,168.50131881881137,2,5,0
3632,59.263695905351696,62.97236657736517,62.78667748295509,83.46706688118341,0.0,62.18743357530849,77.30582005754638,2,4,3
3633,53.94584531262413,52.27104571927599,100.0,221.30890019208874,0.35404549833237475,47.28741586465759,55.03133993290517,1,6,3
3634,56.226173468857695,54.4767772097216,98.66217896832596,118.41760019204855,0.1277570093268539,31.519330731145825,130.51221288947596,2,2,0
3635,83.99914749152761,38.26102103872117,42.191813258235484,148.8631685151561,0.9174098498228487,37.96843633666219,180.3808693412223,1,2,0
3636,71.43086304469772,60.605485394161775,40.806064602501976,108.98476905531035,0.46402355096523346,43.10186516828704,120.81981293719483,2,7,3
3637,53.81271182530049,81.27069381846525,100.0,97.52667143383742,0.939391676186345,45.43806653888118,163.02146996116292,1,2,0
3638,68.82621161534966,34.88132456857691,41.60910238105427,87.41106630368104,0.2962849688402942,31.003813424542102,183.8317670318482,2,7,3
3639,29.34952192944921,44.90361488528714,82.7323830910502,89.51800032904188,0.034424840286836345,33.85809581874507,53.90706600362108,2,2,4
3640,57.95854099893618,53.474112112521375,54.598219616591905,130.42458243390394,0.09150761647274858,23.470654376270403,146.91956670297932,2,7,0
3641,86.1861269946622,61.796093179937245,100.0,118.3599899387694,1.9314571586217184,50.39762289604782,23.826474534822623,1,7,3
3642,45.63908209215252,41.60680572065797,50.73938002155303,98.42643148981581,0.6576196525588551,36.58381533229684,121.24512658931924,1,6,0
3643,33.0473214276183,7.504545647858897,98.58403825514571,175.4761996349427,0.0,44.66321649183292,96.43410547425904,3,7,2
3644,36.95822222813879,70.38784241246037,74.62146635150911,1.0,0.1358536905821433,54.22258508576327,162.1475101521031,1,7,0
3645,28.207339253152234,61.40759179376214,76.30487135585717,125.49436239605976,0.5678062227331129,42.19870142373946,158.61257564924205,1,4,0
3646,34.30476183744593,23.855787042700022,20.742285466214973,135.88693533294895,1.791779776875265,38.87029524050932,128.4891675267201,2,4,2
3647,42.58983802819942,40.88646812330666,14.927166169857038,157.34814341275847,1.2200891011229296,41.93921476883934,114.92139497414092,3,2,0
3648,21.88865961642716,73.52273644290989,64.48585149331716,96.75642794733194,0.0,40.63193603850227,125.41843383609755,1,3,4
3649,50.31236667899206,71.71694627686799,76.1726515854153,110.39600336919789,2.1928490275007158,52.46164997877945,103.08854356882728,2,4,0
3650,68.04554347573294,64.07960034018417,41.87005430655692,149.29741916573607,0.4781877446389657,43.108383975387895,96.94021294460481,2,5,0
3651,31.844876397061594,47.35831349060206,42.78266473809144,174.558320214009,1.372430867752461,34.555989804210874,172.12890861262213,1,3,0
3652,80.38567847283538,51.24481128218765,84.03681574565333,84.97320074106159,0.0,50.4784905688975,178.14449098390884,2,4,3
3653,60.21584177055189,48.0361129231081,84.07136201142826,113.34878915637802,0.0,52.30484356358352,92.91704011488964,3,2,0
3654,70.61161171248115,66.92359674903255,66.55647349030183,183.92869821743787,0.0,26.616693731795365,111.88182015053724,3,6,3
3655,36.84330892295726,36.86236390257335,89.50504302965187,1.0,0.0,55.32783884768105,104.08276123863872,1,4,0
3656,67.09050454133231,37.91300517673693,40.64494260699634,65.49937000927073,1.978462529077036,43.64711773208485,19.415077903140258,2,3,0
3657,28.16132199209374,65.15411880254024,61.101627072825735,173.29179893014816,0.6501730432204912,42.83269950146598,83.17822111939968,2,7,3
3658,67.80495001673017,49.334578167326576,100.0,154.62689168041516,0.0,50.066246315965145,179.98521005240514,1,5,0
3659,53.436786795870624,70.67701033180712,71.70805324849543,126.12226054633472,0.8168368209860846,34.33023608995721,62.511206248409465,2,9,0
3660,61.06502439969567,39.92731689529182,73.15781286467498,77.57015634454399,0.6325338253261161,49.54164514190924,205.72717311506506,1,7,4
3661,26.488107887502967,49.178324594917626,100.0,55.90907505072903,0.9346533769297939,36.23224530262145,158.60631547946912,1,3,0
3662,32.09860315446791,36.1638052273407,35.01644585378073,70.43921903788132,1.346671980795388,25.250493202896617,120.07490752731044,1,4,2
3663,61.94456436506769,50.11044022135351,89.91075916605276,177.4004110409346,0.29705519288248927,30.022437208930658,128.04216429882104,1,8,3
3664,31.033039915515985,27.821795945018017,100.0,68.57786554223269,0.0,45.67021832903227,54.139665183248724,2,7,0
3665,59.26412584198246,42.685498685675554,61.87855183753635,105.07114821198289,1.0794426500603422,30.545316600053418,86.73856238876489,1,5,3
3666,22.657243870795085,28.456192026078234,91.49076967137115,62.314617756912696,1.061632944519126,56.10076123189649,172.069955516088,2,3,1
3667,66.96348425333336,60.408848497868874,45.44951256972738,142.13870150495134,0.5705150656849415,51.89283453439643,69.27353304132333,1,6,1
3668,25.34953370462982,60.74884009639477,52.83169011081621,73.06368598267794,2.0242879320765406,53.33439166032965,153.05658784743997,2,2,0
3669,61.04599875359047,24.046059042734825,79.62416040119086,95.12030549227929,0.19352451399684345,41.24778579677412,31.14799052814709,3,11,4
3670,62.51261867292001,70.00828618250858,89.96416682776476,15.83089334785872,0.0,42.578616172949594,40.092079376249465,1,4,2
3671,36.064563631408504,87.4612268962978,98.02341281015615,19.331588189753006,0.7926639992546212,28.062881457557225,195.0692332793158,2,7,0
3672,61.64053134169454,50.69009580104512,100.0,100.38365966607532,0.027543500160551238,49.9578351015749,99.40814268798378,2,7,0
3673,55.20884526667112,40.38328609663033,68.31383603612045,33.7421422401119,0.846861566901427,43.79833455037085,73.07500565028295,2,6,0
3674,39.22316287614524,92.3649588650457,99.8402938793147,205.25433196672512,0.0,45.673056252922606,168.1370413499481,1,7,1
3675,29.828906318475838,30.21547252546234,61.44237891377128,1.0,0.21983040194768017,56.88311811452882,162.2910777481752,2,4,4
3676,10.74748616654842,50.30159700303648,92.55228278970671,59.99123506679479,1.8235882940274157,33.9403701605249,146.03772826286192,1,2,0
3677,56.99300094599387,52.69433408947885,75.18721994630454,100.83504336337752,0.21608885027662483,38.73858450122682,71.5051040293947,1,8,4
3678,18.703944572758896,70.17721430678623,81.1419476770481,81.74335311021078,0.0,43.26670921542168,85.65412120311622,2,5,0
3679,51.906883988826166,55.396084626901825,80.58769685055094,44.79272716680405,1.31947515209455,30.64564594541293,115.5814411862365,1,5,0
3680,44.73103567835502,42.52049156317323,29.8823747550547,52.103608025236596,0.0,38.1240117872316,134.71996710736187,2,3,0
3681,63.58285550876391,35.73223444418066,41.896953528480665,50.467296125038075,0.014939738897052413,44.92949810466969,74.57582129907314,2,4,0
3682,43.959090010202715,44.872672696307966,72.56353599543806,85.66391525899685,0.9035927843562961,36.74578728627169,108.53685553103483,2,2,0
3683,43.411044273058174,34.896089585822835,27.818023008970783,197.59645447587118,1.1568879967113044,53.08989409729112,113.36956503987031,1,7,3
3684,64.63741408576591,50.717379796770246,90.78027757999389,103.89686482791049,1.354333473756752,24.89075438183006,164.33848781876267,3,6,0
3685,56.70116058168235,41.537057302092705,91.78889915720355,159.1450244693762,0.0,51.22771240233342,137.72329144675595,2,1,0
3686,56.32311914365557,27.58943310065374,78.17926382194476,125.34881729140709,0.9172060710902838,46.61185474816005,24.659917758235466,1,4,1
3687,59.385351796170525,68.82718682562356,41.97164968105194,155.69311989911103,0.1737242603190743,34.31171412443409,89.31848457573071,1,6,2
3688,19.288557535857883,42.53491214856441,100.0,1.0,0.07604105654255738,30.755914317700018,53.560831500829174,2,7,4
3689,65.13577359973964,30.977947925370312,100.0,84.77709894258852,1.3422489476045998,19.197173827575483,128.40437103058366,3,6,0
3690,62.24937588027205,47.47611298268688,73.67692068614934,165.3567711575357,0.11531192289828968,32.04824987586166,146.1576675252522,2,4,4
3691,29.666337428470055,51.02557348951488,82.7633844612809,71.41320886253331,0.6947432172146859,50.47176655002997,105.07779928051222,2,4,0
3692,45.118390526515974,23.802999116314496,75.0434663699011,188.1236582434806,0.6089056284614471,39.43914273721326,86.5936484686075,1,10,0
3693,49.21385424744738,54.97471500688644,83.25922972496998,174.19450768838806,0.0,51.629808803918415,103.45848965179916,1,5,4
3694,47.31006431196535,34.292636469646034,67.0110310843401,76.54346419362687,1.1762649987494245,33.80128929375448,110.44596367388772,1,8,0
3695,56.677199331370694,75.66543213786181,69.13589400390492,74.84182404768217,0.8921966255752676,47.07106160106563,67.99501741415466,2,8,2
3696,78.62733563662367,57.85940768115102,92.64294001243414,49.31970788227657,0.0,32.825013979155784,39.06444496153173,1,3,2
3697,71.63533455345657,44.00150014836025,100.0,68.52028840681011,0.6941947778661403,30.34424993790161,0.0,1,6,0
3698,23.755616131371873,38.82248344523974,34.99821913995653,38.37054679155424,0.0,38.92872782829324,163.3591065869442,1,7,1
3699,62.44139980612097,48.42548438654564,67.40468788992582,121.44055902165027,1.2679527144888394,33.350334886800034,124.8183121817483,3,6,0
3700,76.5786663907082,59.19186112374935,40.48848786919795,27.19767533267833,0.0,24.571778509627876,118.12555056720862,2,5,0
3701,57.73617041378405,49.617588071222,100.0,130.1866508095111,0.25046612195931917,38.176852992830064,163.25994439764747,1,6,2
3702,71.81960850371934,46.74261789294715,55.30655076700254,131.40393484501243,0.7534171856919261,41.06435416431289,37.22659951537916,3,2,4
3703,90.2454089140153,50.87555436226843,33.91998015535515,16.93977974080387,0.5380382058993126,52.683586114960676,13.218456207249062,1,4,0
3704,70.47419092213963,40.94211603144568,85.95467497121433,177.49093031641698,1.0340707796997801,49.3680567713306,119.21159582595449,1,4,4
3705,54.98617191283458,44.85191109735443,100.0,125.6804647207611,0.0,52.199431992328314,114.66356877217152,1,2,0
3706,70.90176948169507,18.71311341642494,86.58994671401906,137.48490107224345,1.6563400358071645,47.203574983935084,13.43465951636233,1,3,0
3707,52.89775666193783,64.60589346278552,75.11994693204792,62.06673992286139,0.86760126115179,43.32612758949975,117.9760531070236,1,5,1
3708,50.478060865699106,54.48196670482643,80.22852306939984,131.11895592365593,1.4518027491006271,27.710550935281077,79.9888523800216,2,5,0
3709,42.97171528572535,38.39816233949855,100.0,156.3196724861033,1.111968118463269,41.498721979352744,59.64559701312092,2,5,4
3710,81.26826717664215,78.48102472032858,48.145018249646256,95.06958004976613,0.49187291988146953,45.967937773308144,83.32881458587936,2,8,3
3711,33.63142668115997,51.3052472058858,67.20382239784217,200.09612296241806,0.0,54.57437949370436,0.0,2,3,3
3712,80.64735449356232,34.45784642037205,58.682746287261665,102.20323174564689,0.1055127731259094,46.86288541731814,70.4312888304031,2,3,1
3713,59.99728247480743,62.85106132205688,40.80336731770724,157.03929002262373,1.6126943330038042,52.40383434605422,64.78527152578978,1,5,3
3714,22.01387650396117,55.97072324763894,61.79061851457994,114.65044036293276,1.4698064471594674,29.680021086347608,127.85512234680701,2,1,1
3715,57.35298585982843,55.91869978226329,97.69302739956122,129.27607664284338,0.066280013927417,36.73582373851905,92.08849317445569,2,5,0
3716,7.999469846967521,43.61366593022614,84.16505370981814,16.433386618261395,0.0,44.29350713661271,131.94344368394408,3,5,4
3717,62.510160336620714,56.75743585667052,86.10776250270501,118.55268691076816,0.3511171859864169,51.60952690742562,0.0,1,3,0
3718,67.70462965977981,46.07362564668358,73.66189029133295,63.251244937136704,0.2986079783096185,38.547713541610804,58.0450888714476,1,4,0
3719,38.152880886958926,58.339121774687634,83.08309456821472,57.68008471111561,0.3251591715717317,39.17554040850847,127.7998525785722,2,5,0
3720,52.47095391911164,21.425833189840418,49.98524144129736,187.20515922329892,0.869977441281981,46.871403060029785,84.55676847134225,2,4,4
3721,89.08314867500573,43.49189805531216,62.26225285181927,89.31148759688256,1.1133488055251641,28.741291728548756,142.27302664871837,1,8,0
3722,39.88506591476127,75.83232646712293,74.80010592421692,49.83490845122517,1.193209682969667,56.07404549823429,9.769854530538836,2,3,0
3723,28.82184825886799,38.49398816899549,76.93789647204726,82.04341859455627,0.8119963980947569,31.20863906892315,136.5555419844737,1,5,0
3724,79.63326804925197,40.942425537602205,78.00469637304683,34.97748855390431,0.0,20.814105764406968,68.04303911074798,3,7,0
3725,89.25174381061589,43.28057992325037,66.54161794959055,171.6942234098135,0.2611601871146931,40.10067008522581,63.19014578086629,1,8,0
3726,50.07391343695695,31.77790796167035,60.564414971741755,65.21596279167426,2.1128628484844327,56.98458702375565,149.5523523463726,1,5,2
3727,70.22926070816712,16.875788356576216,100.0,126.46499669718347,0.7619517143617348,45.8645313033361,158.09505649782528,1,1,0
3728,76.82951831061763,46.541204022145806,92.66968182330997,167.80533571051626,0.7574736979107056,47.51090543003633,151.7349848043641,2,4,2
3729,35.150315349232315,52.03789136122485,80.32868689881556,74.99236593926354,0.7516401578417005,40.413857623071145,201.93209625241332,1,3,0
3730,40.29388329264263,49.21242397192022,64.16978754484015,126.6011216136393,0.7907657357541928,38.47622502728823,163.34018042216672,2,4,0
3731,74.6174902630947,47.826821570781696,58.719529326403084,48.495697254778506,0.0,24.550906304068846,60.22817081338505,3,4,3
3732,83.70028557417018,50.645613062755814,66.7299851568261,222.28847845568419,0.33233297816225205,17.40613742095814,107.08190640678252,1,1,0
3733,61.257617203487094,65.34262207326147,77.32072108966709,146.81900673083112,0.47347501774371736,41.96272338440863,81.99010457575324,2,3,0
3734,32.403712929958914,47.143307211061746,22.989111398422963,90.3696780619597,1.3970467794773886,53.12549194340226,201.4544929974533,1,10,4
3735,89.74122223398882,41.38876134369096,30.765260115632906,61.35831345555181,0.5333710262356072,43.44133704828065,155.24349773493546,1,2,0
3736,39.38058204376071,45.783117726678704,54.077940276526064,94.30017235801868,0.0,46.235995270520135,90.5559931643272,1,4,0
3737,43.297244376570966,58.69020139635164,75.17848591946421,83.00081388242404,0.8010624093202265,55.8371754563954,143.89548988765011,1,5,0
3738,56.84675668979243,71.18040317814874,64.01817132120371,197.64722769997533,0.0,43.28766851441058,38.39007668434476,2,8,0
3739,81.08320841429548,40.57784391246233,100.0,38.72326388925489,0.0,38.773448996923804,112.51308688227364,1,4,0
3740,67.07951953104447,51.48400680543325,32.94008032510578,106.74007116451017,0.0,31.81475194349935,53.10387536984579,3,2,3
3741,58.29731000723821,55.07536162903939,51.21636325991574,99.0830966683145,0.8797529607651609,60.222125629720864,15.570389968629655,2,2,0
3742,59.265770602362124,35.111329899067655,100.0,94.12948498275652,1.381132867832048,45.2654777915368,139.2268118764917,2,5,0
3743,50.87029337286932,50.306257508193774,73.27798311687867,94.56916725308288,0.8380509616243107,30.56398284080669,145.42955475937757,3,4,3
3744,61.162790290370125,28.014892139868575,92.12106457002896,94.19645949397582,0.942416256531915,28.288323321987633,122.8606318105993,3,4,0
3745,0.0,23.464245443909018,100.0,143.653303316605,0.8311316909866008,52.53063726928913,90.85164797167495,2,7,0
3746,44.06785081860403,55.50119611838385,52.654889552454435,130.44922232462176,0.5709290238023278,29.625583035916744,36.68206725767953,2,5,0
3747,54.82643869833562,44.24187888003826,67.5171415551992,120.94558056863933,0.9878514444739304,58.53834157502221,41.93265646413763,1,3,0
3748,26.97971832760986,53.03420611431829,63.18932747672821,1.0,0.0,12.435372029092889,51.53600101306014,2,2,0
3749,57.7264663562312,49.73157534487475,21.13517488791811,114.98974370815819,0.5777618459133832,54.22595197789977,88.3163354137538,2,4,0
3750,45.910575580277566,35.35399927004304,62.240079906100775,17.218031991495877,0.0,44.868948111619645,153.80893668024575,3,5,4
3751,85.1095139663098,49.32118547053495,92.02655468451664,132.31600815679127,1.3140318007808975,41.185944230568744,153.02021055393263,1,4,0
3752,81.46039450429713,31.503480424777173,83.51473854530602,173.72486837852574,0.3969912863481977,38.24541564958237,17.571620019356146,1,3,2
3753,40.68388861763674,70.86458537002102,85.47707923470026,53.688044370572456,0.5216636617874811,58.907298485940295,65.33833316415263,1,5,0
3754,46.983245768666094,29.66044482710054,60.612275484012514,86.91096388286466,0.0,47.070588584012036,63.991949021408054,3,4,0
3755,48.52104868783215,47.06322093547128,53.597569099858966,70.03221474735015,1.211781622308996,30.967963911045487,0.0,1,7,0
3756,40.966810476807545,34.36592617929127,100.0,161.77158878784005,0.9391296841916665,22.810900439711187,128.3060473474954,2,8,0
3757,53.90049968056253,58.55631760041193,57.56707134105826,104.75139426360366,0.8898635176383523,41.77297213147308,87.69200878407392,2,5,0
3758,34.834358622248196,45.02852943077745,77.35205096983036,186.41646902831667,0.0,39.98928866462586,94.3428731684512,1,3,4
3759,27.387693301249474,42.219999205681845,74.08336701693847,120.68771014736939,0.0,24.801319626244908,167.29355291878193,2,7,4
3760,62.45422447800537,62.79802317577332,100.0,112.12250903179097,0.6565196181121337,39.44606474517664,104.41545066421786,2,8,0
3761,62.59059168443622,50.441458875163285,94.28530894180899,103.41033913014182,0.013851112826364254,34.260653669258,78.4634767516991,1,7,0
3762,33.91368480680015,57.74966668903951,37.61853448332198,140.89960496286685,0.804425073874137,40.092900683066944,128.60388105024717,2,6,0
3763,67.90710861525199,35.280110952238026,40.31117083062399,13.11569008773283,0.0,47.25923611648402,152.9435923287781,3,6,2
3764,37.368445416693376,28.927745841087397,84.47274545172836,104.2671977760255,0.15871881051538517,54.92609947464035,114.82337830246128,3,1,0
3765,55.06330476075962,51.608119430602,68.39155881552084,96.49767781360175,1.7577274257985438,49.08889036369287,134.45947993490742,2,3,0
3766,66.40688025224912,45.21730466757903,58.6207054011559,136.27094135788832,0.8076400795970353,32.78559250169795,92.72161751285579,2,3,0
3767,49.32774870592574,59.39652008680916,95.39069709986177,90.61491970629815,0.6167555651716948,43.689151288291946,95.90711268201686,1,4,0
3768,59.09481824282269,48.801373210061755,74.68648455222277,48.063278291866496,1.8896585749699497,40.63107121492024,105.65103551494143,3,2,0
3769,39.67140712224857,53.07613008851945,71.3114346722361,100.36753374598496,0.0,26.67871045369099,62.34395247836691,1,10,4
3770,46.07066833143806,25.649262050881347,89.49571601887624,45.857973556582834,0.0,43.98232784692272,71.59691928151996,2,4,0
3771,45.88281138239319,78.32655409421385,60.622275126410884,3.7368893706257325,0.21917877977682765,58.56672337917714,168.89398209092366,1,4,0
3772,35.06843306919522,47.53637022451952,100.0,136.35612407427465,1.100845863103773,40.32426604187004,200.39780479311605,1,7,4
3773,46.464516737684356,60.46380455508799,50.2988094191748,128.95307863473352,1.1129594542597654,24.058173202745994,179.609895701909,1,3,0
3774,19.027634022725067,37.458624946705605,86.42322665855221,123.35454719967873,0.0,40.30268671108619,33.837132161572626,2,4,2
3775,40.1769250571579,54.620148533260114,100.0,165.14642109729056,1.1985680254997848,27.862878010267497,29.007123270751364,2,5,0
3776,44.302490132606586,30.45732854712882,35.567612768197506,66.74840548480374,0.21767966287480478,48.63605506886287,40.46452840274195,2,7,0
3777,44.8764049500924,56.78101757389506,61.41662060368877,28.444292861437248,1.3481477379544167,45.248649917251285,106.71937209397404,1,6,0
3778,45.17005108258442,44.66038873421251,98.55518482213895,96.49851115959777,0.0,38.290899465252565,0.0,3,4,0
3779,48.76471600279742,50.43785755903351,98.93111369327562,82.62498501470448,0.4136818806536876,36.68835734144179,70.55992166902496,1,4,0
3780,59.58883036172128,60.46961045195146,65.71260999029401,57.88521416149657,0.1568828792364078,37.87765698384453,170.35496445805566,1,6,0
3781,67.49034148265045,31.511895331695797,51.63322265807851,96.0075423256102,1.2392212600959995,40.0827449434232,149.12194153644538,2,2,0
3782,37.00469546303466,39.73262404080805,93.89839555826906,69.41974268977077,0.13405314840368027,32.277649786584576,74.54526747132464,3,3,2
3783,25.935982892217112,56.85986421630148,99.58872756454012,8.199735832158439,0.4702860296917708,26.12246918998563,78.33222794146812,1,6,0
3784,29.159111755137943,81.4733221182012,40.88341628719013,77.94116546031199,0.8547679783641344,51.38698946694648,128.3620853403452,2,2,1
3785,40.255941576101456,47.92876498007777,39.90215877584049,43.18124166480713,0.8816809381182835,36.14599023503042,146.76343776220995,2,4,0
3786,42.961573643669816,58.86704176885899,75.63141704958998,111.58240358054613,1.1208668252312202,41.670431041691444,73.34313661301199,3,4,3
3787,34.600078676050856,48.3954279521228,85.7340158357223,67.19826208796725,0.6477873437912667,42.852819511674944,88.28169891402811,1,6,0
3788,24.07766671500211,79.1336839213445,62.52327286924863,155.58157370705257,0.20722575930411818,43.22020479655214,71.69951357399883,2,5,0
3789,40.877583450516234,23.791674995521166,86.98234549955873,180.19330336339328,0.2552108782488747,28.26182002901576,33.432527931239306,1,4,0
3790,53.628532402279426,51.41931567004037,52.24658482906545,133.96906865059532,0.5179706206453284,23.241598354481525,89.01281259890929,1,5,3
3791,61.90058931671129,25.616839496569085,17.132660023156618,22.448690900833995,0.6747147332520683,34.11307475308008,85.20362298956182,1,9,4
3792,38.851538937833574,12.401426441949248,59.4024731916851,175.25979994395198,0.3969798465060945,43.957115324169536,36.96779420056722,3,9,0
3793,41.740043557131315,54.46193079676725,71.58080366282753,178.78602251868824,0.513442394675883,32.72050132525687,132.30404688188648,1,8,2
3794,31.466033823053785,52.092466942211885,63.10400100258859,100.93952556539703,0.0,36.45078646300767,124.16603393129446,3,7,0
3795,49.371216592504474,45.72744593386698,41.034918408512866,166.1463080167766,0.9671486991182747,61.27297413749568,134.78598504225383,1,6,0
3796,33.03142731618371,48.407088649403704,24.608775603029564,72.4162430976661,0.626778602222601,21.545761151954643,61.596482226781596,3,5,3
3797,61.462556264824,96.47449151106886,57.14777989080255,6.687703257520525,1.2013092894787618,32.44966004089501,0.8212160942676263,2,3,0
3798,14.282670161317775,46.127372929528484,92.4413942912436,61.98577806892032,0.5001123551849594,58.96604068573929,123.36655648228245,1,4,0
3799,42.80740655095075,57.65186541875112,100.0,186.4650433022378,0.0,39.55401328004777,66.79436426851433,2,6,1
3800,56.02214678383484,40.25952770579178,99.69283460346138,25.446003819426323,0.24908766748532757,32.9401483450109,55.46659333771495,1,2,3
3801,53.676690326450085,54.42848862560905,49.602261621286175,99.97606409657473,0.3600490538171083,51.6876891701112,37.14734626782787,1,5,0
3802,100.0,46.42649487416574,41.1573419092409,101.70719466701061,1.0200323138035192,40.552304364811114,86.23387359564231,2,2,0
3803,56.99600049135815,43.84222275905405,82.41586537449739,74.35128780160942,0.0,36.51691604955994,178.86636485252365,2,0,0
3804,29.918908063159794,77.28347798300487,85.87750028994813,77.82392000814426,0.5288256618642544,41.923689270375114,74.72752393222427,2,9,0
3805,48.09071505821854,67.65777444776509,80.00424013001243,103.61245671181014,0.8595726510553143,33.41891190617234,45.509847791653314,2,2,0
3806,14.475073330670966,52.05119971098846,19.648418144055917,71.89188290326364,0.03695848030293625,29.825089371119216,132.5966700515014,1,6,4
3807,48.38800501406478,15.4368209608405,48.32788537791333,28.89707514160345,0.5522396068717932,38.86403072365252,108.6406139885642,3,5,0
3808,33.33887885998483,44.584861651211455,69.25778024285054,110.7515971471728,0.06107444359510883,29.89003039923993,0.0,3,6,0
3809,68.30780551120324,90.54541346607625,82.18045486576068,153.66832912224862,0.0,40.1069331179648,133.11731598766434,1,7,4
3810,39.0091945080893,46.54007500040438,89.18268406506218,143.47862593267106,0.21410610490807808,43.544065674743386,206.42338842508002,1,6,1
3811,47.664681684095065,66.54826358080487,73.606338057051,59.51322663050942,0.002515605273092525,48.53060456051611,0.0,2,4,0
3812,37.288843171911935,71.62913602928901,78.2695951634559,37.438604231116216,0.9785328183554327,51.279249855168274,38.21469879889381,2,5,0
3813,84.77702703706663,53.28445873783963,72.1216364590276,85.79060589226107,0.0,35.942634983677486,0.0,1,7,4
3814,43.57514467764177,37.37267552197771,87.14048435546208,178.3895754897832,0.0,44.994146079390696,96.23477896295826,1,4,0
3815,86.65114086958403,13.470315023256674,77.82164128727277,132.2799039479773,1.7375500667876733,44.925234462063564,149.51931183056763,2,2,0
3816,66.28303524236533,60.26244812913432,71.64344150118218,135.1982338397117,1.1725180082768247,43.27818715815984,105.27503748981397,2,5,0
3817,59.641334546707725,37.77865995764678,63.29078002156548,144.49284758927473,0.0,35.20540589049541,169.59978490563347,1,6,0
3818,57.3746629463504,52.642256778315385,72.03228562606203,121.03832812592933,0.0,29.719321875358894,141.5275145165067,3,6,0
3819,57.87594596432503,31.252694906159537,82.11478447098187,106.03042738067893,0.6697240802058976,45.0200188906656,185.10736617510884,2,4,2
3820,11.446548413087797,46.021436892946966,76.68688472245154,133.1153448323984,0.7266285470620454,22.9313743780695,158.01053840535474,1,2,1
3821,44.42233211698487,50.5057858235158,79.52066045863134,72.69169478909902,0.0,37.321605674316885,79.85284656952477,2,5,0
3822,66.90315942368643,54.02890371566447,100.0,29.276849431683956,1.3109958449756252,14.463689843514018,103.336322811742,1,5,2
3823,49.02205633051789,33.27766718971378,76.62909806866469,136.14984673121617,1.0776570934271381,26.635975766417367,56.56615422595135,2,5,0
3824,21.8962030639285,67.95366423142028,53.77503698817106,161.88690528746127,0.837331142428237,31.228660615525754,88.46719155659757,1,2,2
3825,48.951910988450614,41.046578229020426,92.09016964985423,44.08840303219843,1.4497099434984846,50.96724207629284,103.09158360090599,1,6,1
3826,84.08211032510982,24.88295809320132,35.84504155827706,141.096074120795,0.8166029947996426,46.88108024404269,95.7546338232323,1,4,1
3827,74.93783431069438,48.364648700548045,42.96466548151782,184.0382856694095,0.814006615476293,34.460653161577575,167.11267631518052,1,1,0
3828,48.759919812679364,50.5156296353969,78.39618161800172,99.88768991214395,1.5903754902755696,47.29369795129751,83.49159687465846,2,5,1
3829,69.02898554116173,52.4088414975764,82.90991669466447,59.099890762912686,1.270853706509396,48.876229633803966,53.39567932213215,2,8,0
3830,42.669859592638964,70.43198605527618,38.87371941240012,106.15093367633779,0.0,38.393351516252785,56.51944825484064,1,8,0
3831,15.922568263465621,46.45326744896211,60.42956297533125,72.47330158996493,0.9432366250703407,26.1562185578631,132.75501358112655,1,5,0
3832,31.510680237408913,48.20570563446843,54.84790419450853,69.16349450217992,0.03501249452899263,37.92087689933886,29.84307959555001,2,7,0
3833,81.25777537016396,33.45223428150359,57.83309192796008,121.65920336357713,0.8529081856651946,39.021075948278636,89.94069149245414,1,8,0
3834,44.52013836341391,62.308302543318455,93.58994440682365,19.813526248505227,0.8336294549138701,27.67545609169774,166.37501227277104,1,1,0
3835,45.13232041249964,52.76463596117155,87.66263658868132,27.803553875388644,0.0,43.670467929299676,114.62992228704152,2,4,0
3836,44.00323607450239,43.699584090587564,69.5219455036573,100.96454401869714,0.41470807208227534,42.798118543023556,96.26973054406227,3,5,1
3837,88.08273179146013,21.429879598018044,56.3509518221268,98.88457305437844,0.6856799165062816,44.450426998941865,98.20447981807851,3,1,0
3838,82.51917830724126,71.66618292582632,36.258758244496484,117.17772885199679,0.19459686630409018,42.789230971674435,48.52177038864136,2,7,0
3839,94.37560466896268,31.584800533159143,100.0,193.76126942416943,0.7202969596735318,47.29843035114983,57.14326447827295,1,3,0
3840,46.819095791998976,41.130829859454415,84.80284750712296,105.22570180379105,1.0641284439007481,38.206719721269685,90.24091635427114,2,3,0
3841,55.9124897749419,55.37516766614005,52.33327239817149,129.90860751673972,0.4785848550384711,42.01785107370954,113.56365150546466,1,3,0
3842,19.66714901158418,32.05163107074971,87.98998744062229,51.223353219268404,0.6572196336957816,36.02259715754468,147.40750059010554,1,9,3
3843,79.53868852236549,27.59735332620285,68.24440948563436,138.39688317582687,1.4683968549891824,34.155007843780496,104.62803085857173,2,4,2
3844,26.6444089746413,18.140786259490028,62.82226237844143,73.68045674446611,0.8312376082576582,53.382496307620755,167.6387087877124,2,3,0
3845,54.335511275252586,60.814954293584535,80.88028820724006,103.57104162905466,0.6405770027721316,19.562312984735037,180.25990076047626,1,1,0
3846,28.05394944734312,41.82220632910517,51.46254375218187,94.55756874654192,0.0,48.767599891542645,139.7633606241102,1,5,0
3847,38.22266346522608,93.90905138709995,61.40608701224725,151.64871174570155,0.9697182079721941,33.794591245543394,161.24907040279422,2,4,0
3848,33.254751379005995,35.0846740155369,73.03652660498865,34.50117228125002,0.7311049645743569,32.49961822356879,50.464323930595285,3,5,4
3849,37.84249478648364,36.17823464856618,57.513720177869665,1.0,1.3986176035909856,42.61577484065407,42.540053265596875,2,8,0
3850,39.21754593702043,41.51910544571898,86.7271302566881,89.32836514560377,0.5328149803123179,25.103903876489973,125.89866881450828,2,2,2
3851,39.03462410149846,53.64701982707734,100.0,123.4265628452562,0.0,31.839769280537972,32.939509406647645,3,2,4
3852,66.66667823560614,42.94694991822033,51.14254668482143,107.613468790375,0.0,31.50860353487008,85.48140779920334,2,2,0
3853,27.902744138749597,59.18498321003768,28.371867592398893,161.61021187069557,1.0149765346318134,37.78601741814905,138.55959526648695,2,1,0
3854,54.410828540277336,35.32117415017019,19.95649581309346,121.86863370898342,0.10086448161129274,31.958623118393113,170.66864623426034,1,8,0
3855,74.35918304611117,29.276124223046285,66.23829646262544,71.807583407007,0.8057374257773481,56.01118685639269,87.28921748559672,1,11,0
3856,39.73607270973208,23.02677890886339,53.42088524684543,1.0,0.5799628511516493,57.97016516497954,67.50278523461549,2,2,0
3857,35.641622185047964,16.646387480942046,75.19651252667701,88.13438829023909,0.3832122326142555,19.780064772519367,116.02308107557913,1,3,4
3858,45.389507496394984,42.22896470787415,73.31494180065252,151.3979501128899,0.43254710008824365,45.44322704765736,46.32282782380553,1,2,4
3859,73.59450416721421,45.48529531410167,29.919578834647595,80.39761086664427,0.0,48.58663439077574,91.33606758532865,2,7,1
3860,53.882152619067156,40.52844458775225,24.627904262964847,101.41601318388821,0.4889556177702305,45.42985202391105,99.59999758618594,1,9,2
3861,39.375714107848026,68.65108695780742,77.39833100865238,121.06801271533543,0.09085459704392096,33.418865069083054,98.60080036646025,3,4,0
3862,59.677533023760795,68.42045314412202,73.38572086799893,49.235381287509206,0.23942043591200662,37.55904437841458,104.42517369089408,1,4,0
3863,27.954157003271533,44.97795518833247,59.354550040836216,131.16179483194088,0.2734456687035873,32.517253452223045,58.27425722139291,2,5,0
3864,63.62719020885896,23.091183302120555,28.571410371692387,181.8560895000853,0.3413147110708965,35.79735968841172,63.65035036907915,2,2,0
3865,58.17214615403535,41.49942337917421,81.78478156912477,91.35933240532968,1.1455214195549603,27.90034971332824,62.64418694836899,2,7,0
3866,43.84383057722232,41.002679091244076,100.0,43.54677890838491,0.4091464195567146,38.8521117836545,18.995283040247145,1,4,1
3867,33.22828403105538,40.14297556582913,76.94956100547306,96.66994864890131,1.216591635613069,24.971982886949302,117.0915160923053,2,6,0
3868,32.266381554330856,39.534216441526326,48.81315273587339,1.0,1.576498465928537,37.99865445771862,144.73287258460024,3,5,0
3869,60.69634672691821,40.198056564127896,71.11380413927878,116.8451631988308,1.0984612557393048,27.514183109002353,139.8155041426768,3,5,1
3870,74.57961004978124,44.2018757615336,35.84714797665788,122.61371888242894,0.8741279745479578,42.06816361791404,86.87515697696226,2,2,1
3871,37.25384505942411,40.46688351776665,96.44901784596982,183.78181469227812,0.7287825466384642,33.205804390571096,59.44973802680562,2,6,0
3872,59.167734071029685,53.12483762938388,72.04610836323847,90.30026037166874,1.105751096335049,42.905803478745376,137.21573211813447,1,8,0
3873,8.259459627958627,55.405530738572914,25.7960772061692,120.42426690732351,0.5625525170173676,50.81580728364782,131.94615111872758,3,5,3
3874,38.30764538685601,36.34032369226265,62.483140988907934,56.93559488070494,1.189198892170039,55.89446936104708,110.87103212181479,3,3,0
3875,49.37882134258196,69.0659798901055,81.58253775585577,82.17864397374606,0.9298740637027789,14.719954109795097,187.21556262116366,2,5,2
3876,31.806331660363327,35.29906547239079,61.67380947561194,23.740728166890108,0.24811167745372853,31.658059061262172,98.67872393164686,2,9,0
3877,31.26987250420808,25.732990792769943,63.102606963995655,90.26051893583822,1.127095616071964,36.96913922887986,87.15550080375556,2,2,1
3878,36.64440887062227,55.711671070475774,39.389944823818205,84.73454232407175,0.564036004184298,44.60327818381483,80.00913344626998,1,7,1
3879,55.84385456652746,37.7388779837849,84.16352467704141,114.95998830444479,0.42570759467137875,23.496454958454706,21.95611467595964,3,4,3
3880,46.253419631872504,54.81937206136082,53.78826999952156,68.82015598336804,0.16666058772070896,30.179075931997843,133.06699820711464,2,7,0
3881,5.235375333500556,13.944970983492041,16.088865574874184,104.1672675487546,0.6162131935122006,41.303572026571096,94.72573164211117,2,8,0
3882,7.585996947298675,70.88683912224602,60.718565733240155,83.33099721961672,1.1975238307890885,40.84888241526667,125.49656206783976,2,3,3
3883,37.86269644285649,60.08440112060603,94.52874288925882,83.42503058502429,1.122258003915126,43.77618406420093,192.093900104562,3,3,0
3884,59.15373172107104,27.492851762554974,60.326763835001316,104.01811629815151,0.7473756582212697,44.43675726888116,80.46241150476914,2,7,3
3885,0.0,27.818343142305714,100.0,102.02614711585049,0.9197505485075247,43.385944331158626,0.0,1,6,2
3886,40.00539647696739,75.08398856146292,80.72419871371292,138.05870195258194,1.3901877540657903,41.93655316631493,124.05351847553862,2,8,0
3887,39.475042869651574,38.939301447530625,78.46895405700916,93.96784829350825,0.3950235961803973,40.55739773326368,108.34296949463378,3,8,4
3888,77.76675556416896,37.487227269010646,66.79004335205978,82.50573254384985,0.0,46.64763089724363,63.37730620143401,2,4,0
3889,42.299563765742725,16.009218587760756,68.29284480589273,90.9596277456387,1.410790896525001,17.606773334357747,119.86331678107489,3,5,1
3890,57.65977969481857,44.738326915976685,63.4144091220124,64.26679415795037,0.12915522357849718,55.443334869712345,139.30481600521875,3,6,1
3891,52.825142801749266,46.58420577746371,62.44326519793684,82.00444532166642,0.016763313659266754,17.95517949119676,52.66950448942263,2,3,0
3892,7.38867040385599,60.73239645154228,83.27167905167872,201.55793565366156,0.0,29.20838183095508,84.93340692983088,1,4,0
3893,65.36414433263475,29.013823577232866,46.60421925523586,54.36606196520665,0.8998981372150074,37.732392033498556,173.83768649244638,1,6,2
3894,54.307930109125756,27.195698116390858,43.10265428189351,86.06718330603454,0.0,46.726128910898424,63.91889043853175,2,5,0
3895,60.16537279349179,56.764439521647155,41.920123728115556,80.62556683651547,0.0,10.047331092003837,103.33348777068926,2,5,0
3896,100.0,65.10095106840598,100.0,87.64141938778002,0.911765756160541,39.718756760581655,0.0,2,6,1
3897,8.317741210028231,26.432714733231755,83.2585725417645,83.43803455608025,1.0053448766858604,47.923950394157345,25.907724945935257,2,6,0
3898,84.49393299522217,66.22271129449612,77.61230504200361,113.96200506104998,0.0438070962472365,49.94518116028477,107.87587486663999,1,4,0
3899,44.25104961199289,50.563127622302325,43.56213324266422,14.49124493041029,0.4060926711053163,33.02670341502541,161.39939047928004,2,9,0
3900,55.74657808806019,66.37708008611969,85.58355751687071,151.85857362660022,0.0,36.99164713044968,31.898515899949956,2,6,0
3901,49.08975509397516,48.94669457723575,67.08571633866678,131.62913998210988,0.11612224853217212,33.83851871107372,103.72820310302482,1,0,3
3902,41.51527333203913,12.165831237680742,75.35422352829374,37.856420696843266,0.6863506821070349,36.07325346473915,81.21410454731416,2,2,1
3903,38.60334143522483,47.72048926525942,45.5844921034111,1.0,0.1488473248424797,29.68173449271565,147.6544027496247,3,5,4
3904,56.59017471146018,65.90215728006905,74.00672143543942,51.14639269292994,0.3290494718770316,31.10747837529082,39.10983473387074,1,1,0
3905,19.656526066566418,36.593809713744285,59.40416154483792,87.86667692864387,0.0,44.343769220283676,121.50388241837427,1,5,2
3906,65.01158335043532,44.18052546638822,50.85972107424531,229.01459493453876,1.293069315364296,41.316153732727415,67.31546565018715,1,3,0
3907,41.67611190229492,47.357997446735325,88.35265839518122,127.16284824871366,0.857046615219746,44.91586507590473,111.15190124132376,1,5,0
3908,27.398613219192846,6.5072918019727695,31.55730478674994,9.620517540927125,1.0550337602860411,42.14014389700837,103.44655261542363,2,7,3
3909,40.99974284008373,75.07021363156214,84.11940660785376,65.51722475495279,1.4032977272318035,47.04338601147596,87.41104629286912,1,7,0
3910,75.14298433725145,36.47936480154238,87.1121533388249,97.33937818635084,0.0,48.782139981549946,123.89059231346923,3,6,0
3911,39.29329825967554,57.58603148709199,48.008908111218986,112.68417771490485,0.24912386188038343,22.58283380133896,102.18263671514805,1,6,0
3912,57.1690723641924,48.699482957776866,49.49178847168832,34.26255698447885,0.0,31.456903495856373,93.35968489616525,2,1,2
3913,35.38087448569053,68.8642858453904,64.42435796833995,93.25048860114693,2.698296037071566,37.68624042509961,82.17917329886285,1,7,1
3914,65.1584369984724,56.09084183642121,77.05090526155551,64.11804311947296,0.39529027927783666,39.77322474512659,103.87991948726685,3,6,0
3915,63.710154775804085,46.47613592718538,66.17862520464436,44.81207186988417,1.2271095299404384,33.29909426181966,111.1021774073036,2,5,0
3916,86.97217666592823,36.5972736122108,80.83906150479699,112.9797823349477,0.0,49.12023670988306,50.54289599596895,3,3,0
3917,46.48872109001569,61.967760520732085,100.0,138.69385867214112,1.1974718979501064,59.799483682905986,82.52643810413117,2,6,0
3918,63.37309609515813,21.89838044068075,57.307080771257155,142.05206384808096,1.800313613654766,41.86161955581734,47.240702768441366,2,3,3
3919,51.961350790778894,59.68835630413839,27.120500732414484,128.7193175566938,0.457803475680413,40.84341032198211,98.00772886096071,3,3,4
3920,75.91743563726028,33.51432872667691,90.64808957576633,75.13152334298687,0.0,48.49456255104331,70.3833897572986,1,7,4
3921,35.623352247825395,68.7842549293496,100.0,135.7274880731753,0.40284251933812476,21.34160244796564,138.5391573990628,2,4,3
3922,64.90010625754562,52.41949313994043,79.81920907627811,115.45272190521439,0.0,40.2846894043841,133.6363488878345,1,3,3
3923,46.106054077666364,59.66185651775163,42.8062831161583,106.69709414760067,0.47347930928471066,49.79035825467517,53.86257182178152,2,5,3
3924,48.71623645783004,51.22983220737079,66.90269091911998,69.41534391491008,1.074676997519097,33.568460027988884,99.88463273007626,3,5,4
3925,51.83504968896746,23.71434357288505,42.03691289470919,75.15619363292359,0.47496964893854005,27.734394200980347,131.9258289624182,3,4,3
3926,55.044807928533544,37.08906254906992,86.07138734907369,103.6943468062277,0.30110231171772284,38.141943899002214,91.23458399179856,1,6,0
3927,47.67541913756084,60.08584006417074,36.21773993253914,221.99372334927506,0.8692976812784231,39.3931456679808,63.58912375972276,1,3,0
3928,54.294263663410526,52.49983726039766,62.496780329295,115.06212400456951,0.9228173928646868,30.913477180845415,45.379823597760215,1,3,0
3929,81.56236115124369,67.71484857958508,44.89155434265234,69.4405748874857,0.0,60.96161276050951,142.7133780789181,1,8,1
3930,69.70899371230436,56.049118445557575,73.17061712837405,58.38052775152786,0.562176073595152,35.213036189920544,145.1356574142485,1,3,0
3931,67.38309184993793,35.499471639460104,60.84145807155606,75.41166936718986,2.2051895869604703,28.46340648573431,89.60262005629757,1,8,2
3932,40.889209479522584,38.05903793419049,74.4190525812566,208.86467237745327,0.0,39.06378680929389,138.30687922633388,3,4,1
3933,32.21518343543352,51.54376085784856,70.55876387415914,80.0371677027019,0.4402068170168535,49.07860637704491,0.0,2,7,0
3934,69.10601116475506,15.289339009998422,45.33352430689724,145.34352673051424,1.8592222854361917,40.17414248998231,166.3777325354618,2,3,0
3935,67.52093585059589,75.10162828434477,85.67192658822555,81.20358772643218,1.2729226095805728,44.85593920044002,92.15275973614106,2,3,3
3936,79.45341351501963,56.62620104566336,68.78085870392212,113.05922706398144,0.14062232345675696,31.284894056668428,107.08882803997446,2,3,0
3937,37.92038748061541,68.40551895573309,45.286774803352486,139.58726370043613,0.6442947657358227,54.876884464035136,83.97411381670153,3,7,0
3938,45.40902689279306,26.290940887862465,100.0,71.4048575095038,0.4985218240106236,45.61711027918443,169.78537409337528,2,7,3
3939,17.21031674949132,68.66847740532884,81.91075416792812,67.94441729236152,0.0,50.4770156887761,46.96341880222331,1,3,0
3940,42.15057787878254,83.47248366541623,66.16848616501736,182.9434847227665,0.4480235247548423,43.6516063247517,173.72301633034178,2,0,0
3941,69.93141021158894,30.186824669340236,100.0,149.22964474478985,0.3040237070354296,48.24884037728784,119.81354604725556,3,3,0
3942,40.670092415436045,61.5710269235565,100.0,139.5336159345364,0.5789242566537247,31.269474403227726,131.1332107959079,1,5,3
3943,62.809595904016476,50.0166491703094,66.36626444215287,139.3638146561457,0.0,35.085895833104374,83.5397718335542,2,2,2
3944,46.18993788004377,26.833492276276335,78.68493716086905,122.97877441555327,0.0,53.4648059555603,34.58904010518147,1,7,0
3945,56.481140564431215,57.393259577778046,45.299929549926475,200.88879065875324,0.4711034586253405,55.59741947283964,146.52553827680507,1,6,4
3946,27.046172203686652,62.504048072560224,66.32018123079972,102.19541509385785,1.700582752725146,28.529344002809232,115.57041755946655,3,5,4
3947,51.70418899267802,40.9831017099673,65.02343615600326,128.86311836004597,0.5575420483839575,42.497360678638124,168.08117291544087,1,4,2
3948,0.0,67.48874780382835,74.62067584054135,27.454353570299375,0.2678843547479183,35.690561995147725,90.3111839892151,1,9,3
3949,46.2620768367603,24.998548898162035,78.31901196592526,58.751965670437954,1.0278600635269488,33.02968530635138,79.03843105505426,1,6,2
3950,17.3905351256972,27.57865780325534,83.9957112207015,39.95905000824798,0.38917627118323506,42.8483969535545,169.40441183201511,3,4,1
3951,74.11989033093633,52.04896093383128,75.94106640749898,163.70317917580746,1.8076230474713768,51.40962932365408,195.5947082248722,1,5,0
3952,65.54814705529023,50.38077916958407,39.73143433427089,1.0,0.497261243493445,44.51662473284194,100.4673588182865,3,10,0
3953,59.33341963932162,39.25139767363842,46.538322356472875,79.88449886236387,0.9903479442107144,36.80487550080965,62.362125157144696,1,4,0
3954,80.4201245431876,62.143916539578285,56.33980951340818,1.0,0.0,45.1486117993516,140.52653813947745,3,3,3
3955,31.021669583503254,57.96341471323924,62.94398520191928,58.4356052259055,0.8521624773356637,36.40023826419099,87.29897169146628,3,7,0
3956,84.94726395831117,62.87208606401024,96.26935726180284,75.45255251340669,0.6925654338606279,44.12114300730602,129.96314127003993,1,10,0
3957,68.6438312852077,48.15295346971599,40.92652532867717,169.2435546897022,0.4604457127385544,53.96465700455733,87.03620128106233,1,5,0
3958,45.26889425562108,59.03870401967511,61.0646237957325,119.83139696107285,0.14876956718119583,19.228403406991724,178.20070091059065,1,3,0
3959,72.71240294365889,43.31524545455008,93.82523745535124,58.34292383355169,0.053378884043337904,47.97252298540033,65.02552474746503,2,3,0
3960,27.874129751767317,80.80728035129894,62.5030631375847,153.2981859865913,0.6976468647857568,24.609450784295316,124.026483126098,1,5,3
3961,33.50971676944653,37.81181344817021,81.5103912460706,100.89161272648788,0.9402573767875315,52.28327710544461,75.56490148839382,1,8,4
3962,37.828205535205996,81.57946144187468,66.51144892680242,101.87834293536261,0.41098604259410804,33.6297439012714,85.92467192896154,1,5,4
3963,39.420445838719694,50.52331920634113,76.41958143311807,39.8664246114004,0.7010875503845546,27.82328622393516,79.39721726197116,1,3,1
3964,28.868847144794945,29.36733665646886,64.28818640476149,50.49931430484303,0.47345972530706126,46.952692270887475,136.93040330467076,1,4,4
3965,74.4616613419065,70.52119025732901,86.67663681820885,58.74513500272378,0.5689682174337715,43.64170063142411,145.91815574669354,3,4,0
3966,44.822911992603366,51.88852082592439,31.37358981483912,102.32306365770948,0.3596885121259425,30.00813097038342,127.88694144661855,3,6,0
3967,57.05009936713759,62.76686147570357,60.917199790286375,103.89428634903373,0.5125808055578158,27.470002428316064,94.60082666273648,2,4,0
3968,38.592972671726386,68.3578387781389,77.41431691735771,177.20463317620226,2.3886283197721982,38.12518512508718,107.00900155007963,2,5,3
3969,13.587933989029658,55.06933331217538,83.34238120015482,119.25275839689172,0.7181440091651974,27.959130498288033,144.88607842297125,2,6,0
3970,55.40114716782844,41.11638732780778,100.0,1.0,0.95170787090173,29.385270270763723,146.46557936038027,2,5,1
3971,11.75490049160446,64.63570066503875,60.22438332836059,113.13209939358453,0.8066165237296679,41.156207904214334,0.0,2,7,2
3972,48.627319078290625,50.011332611818936,100.0,27.499182191623362,0.3160282236920584,30.341283657449033,86.38889141136521,2,6,0
3973,22.63369922334379,60.28786727912629,53.52440433350824,51.701453769423175,1.4057924493041676,44.265392900265425,88.78706042802573,2,6,0
3974,89.74551998461615,17.69404139312808,100.0,59.39152641368351,0.2961853607015611,54.90143595883477,133.4626282063081,2,5,1
3975,68.22725444349443,56.70472575514778,90.4366781674593,66.83308382438491,1.2385381842597858,38.51444585099418,96.66145911446272,1,3,2
3976,52.11507582542961,40.42121262282455,47.16353550919443,31.24253039798485,0.26605510135348587,41.30151061985585,135.95916904746437,1,5,0
3977,75.27413355309338,74.79964455767796,77.67598093129554,110.17410017261439,0.0,60.18096732835487,46.06696144847239,1,4,2
3978,33.07368045068529,59.34631021833643,68.71910411169522,29.45988574545204,0.7557773457653351,28.12398882622653,113.002725773039,2,3,3
3979,60.86958757340186,53.59786618773945,85.63961484187502,117.83338036249235,0.0,51.912351951807416,145.0102826725247,1,3,4
3980,53.99620867437427,57.294649900253326,64.41821028916726,211.84855385308148,0.8749481575116265,50.708575979124824,26.280856534092592,2,4,0
3981,55.2804016266734,35.02338720684923,62.318844358456715,33.53204705329681,0.0,48.54317339173783,225.68217341044516,2,5,0
3982,75.44707000213535,74.34885035792081,100.0,85.7744847830389,0.2766943786690027,52.91747850732631,159.54429664332596,3,3,0
3983,64.64984205559604,79.87055627625357,67.53197763860818,1.0,0.0,42.80574965958619,100.0676651232821,1,4,1
3984,55.774473256500464,55.89370265822325,90.66055810479416,84.95323535149335,2.47691690658191,34.17070504400733,58.57959463806159,2,2,3
3985,16.902251275434075,73.85605352860458,64.36621287389501,132.1358576315742,0.0,50.94573291220567,91.24574248631471,2,2,4
3986,30.799074094410727,41.462777019912,100.0,136.03196156786336,0.506869618277483,51.32842211712895,104.19011798056702,1,2,4
3987,47.545821328085516,38.04329650662529,53.04163426661266,103.86818651420484,1.3003129920310097,51.05313901493288,122.03312784060238,2,4,1
3988,51.86744748553303,50.613871230933846,54.64641171882038,144.46317123794879,1.2254701360109177,40.445020823192365,175.03304247300156,3,1,1
3989,27.39592550652152,56.52411557551848,100.0,227.3027267971396,1.0959394855211961,32.83805486386673,76.19507652785771,1,6,0
3990,98.23353351156842,44.09019978135319,58.87634022761868,185.61523437187998,0.27794012824496717,41.91362254111611,128.13549187862805,3,9,0
3991,80.32788110507146,58.06652285552725,100.0,73.87395352951816,1.4457622624359012,49.42230017567836,35.37854186999435,3,7,4
3992,62.04236640784967,54.59584223110121,92.29601448987032,27.44480067666308,1.1393737635615278,50.243517898599656,79.31996428373662,2,7,1
3993,51.440737225674894,35.02539837063418,66.13375733597917,79.69242917130983,0.6486097323623337,35.70323872925405,118.83584239346793,2,3,0
3994,45.755820601976964,57.781895261775816,24.667663199571038,52.65086171913259,0.6684065304086144,43.1537289612739,134.56312455044025,2,6,0
3995,30.961630799555287,62.95292363782282,69.51704239320411,122.56737739323164,0.2872541466692392,26.91221695514044,62.33837616676902,2,4,0
3996,51.54961037037725,52.57203976385586,72.54075133833561,40.94032302852509,0.0,49.84950103005851,77.96041519940431,3,9,0
3997,55.155050802855015,67.28972154892539,99.18044333260933,96.3588783704829,1.3660056828351015,32.16691243274936,173.0278317791773,1,7,3
3998,25.164788490367513,31.73894309754572,100.0,141.90070272681552,1.4185455955210722,47.85255359571548,158.09543098140225,1,5,0
3999,56.68352834489795,57.01925633197778,52.87532052140631,94.96520635914115,0.0,28.506954226098383,110.42286085261831,1,2,0
4000,46.89481902350502,32.44578940404838,90.02954409970457,52.68430886261018,0.3923503843976658,50.314159064340075,0.0,2,4,1
